id,name_ar,name_en,age,gender,area,lat,lng,mobility,has_car,has_smartphone,digital_literacy,works,work_start,work_end,income_band,has_helper,helper_relation_ar,helper_relation_en,district,district_en,district_ar,neighbourhood,neighbourhood_ar,home_source,side,nationality,household_size,disabled,difficulties,employment_status,informal_job,household_income_jd,per_capita_income_jd,below_poverty_line,main_mode,used_egov,tags
c_0001,طارق,Tareq,16,m,khalda,31.96449,35.83523,none,False,True,high,False,,,middle,True,أبوي,my father,wadi_al_seer,Wadi Al-Seer,وادي السير,Al-Kursi,الكرسي,osm_street,west,jordanian,6,False,,student,,1896,316.0,False,service_taxi,False,no_car
c_0002,حسن,Hasan,16,m,wehdat,31.85452,35.9369,none,False,True,medium,False,,,low,False,,,kherbet_al_souk,Kherbet Al-Souk,خريبة السوق وجاوا واليادودة,Jawa,جاوا,osm_street,east,jordanian,10,False,,student,,1188,118.8,False,bus_brt,True,low_income|no_car
c_0003,ماهر,Maher,57,m,marka,31.96456,35.9561,none,True,True,low,True,07:00,16:00,middle,True,أخوي,my brother,al_nasr,Al-Nasr,النصر,Jabal Al-Nasr,جبل النصر,osm_street,east,jordanian,5,False,,employed,False,1401,280.2,False,car_driver,False,offline|worker
c_0004,عيسى,Issa,59,m,khalda,31.98596,35.86985,none,True,True,medium,True,08:00,15:00,high,True,أختي,my sister,tla_al_ali,Tla' Al-Ali,تلاع العلي وأم السماق وخلدا,Al-Gardens,الجاردنز,osm_street,west,jordanian,2,False,,employed,True,2109,1054.3,False,car_driver,False,worker
c_0005,عيسى,Issa,26,m,wehdat,31.86561,35.91892,none,True,True,medium,True,09:00,17:00,low,False,,,kherbet_al_souk,Kherbet Al-Souk,خريبة السوق وجاوا واليادودة,Al-Yadudeh,اليادودة,osm_street,east,jordanian,6,False,,employed,True,538,89.7,True,car_driver,False,low_income|worker
c_0006,ليلى,Layla,25,f,sweileh,32.01354,35.86351,none,True,True,high,False,,,middle,False,,,jubeiha,Jubeiha,الجبيهة,University of Jordan area,منطقة الجامعة الأردنية,osm_street,west,jordanian,7,False,,homemaker,,3470,495.7,False,car_driver,False,
c_0007,ليث,Laith,43,m,downtown,31.92994,35.90877,none,True,True,medium,True,10:00,18:00,middle,True,جاري,my neighbour,bader,Bader,بدر,Al-Qwesmeh road side,طريق المطار - بدر,osm_street,east,jordanian,3,False,,employed,False,846,282.0,False,car_driver,True,worker
c_0008,رنا,Rana,30,f,sweileh,32.04934,35.91104,none,True,True,high,False,,,middle,False,,,shafa_badran,Shafa Badran,شفا بدران,Shafa Badran,شفا بدران,osm_street,west,jordanian,7,False,,homemaker,,3432,490.3,False,car_driver,False,
c_0009,عمر,Omar,21,m,wehdat,31.8481,35.93518,none,False,True,medium,False,,,middle,False,,,kherbet_al_souk,Kherbet Al-Souk,خريبة السوق وجاوا واليادودة,Jawa,جاوا,osm_street,east,jordanian,3,False,,unemployed,,1048,349.3,False,car_passenger,False,no_car|student
c_0010,علي,Ali,29,m,downtown,31.92836,35.89086,none,True,True,high,True,08:00,16:00,middle,True,أخوي,my brother,bader,Bader,بدر,Al-Dustour,الدستور,osm_street,east,jordanian,6,False,,employed,False,2105,350.9,False,car_driver,False,worker
c_0011,نادية,Nadia,37,f,khalda,31.9655,35.84238,none,False,True,high,False,,,high,False,,,wadi_al_seer,Wadi Al-Seer,وادي السير,Al-Kursi,الكرسي,osm_street,west,jordanian,4,False,,homemaker,,4844,1211.1,False,walk,False,no_car
c_0012,جميلة,Jamila,40,f,wehdat,31.86594,35.9096,none,False,True,medium,True,07:00,16:00,low,False,,,kherbet_al_souk,Kherbet Al-Souk,خريبة السوق وجاوا واليادودة,Al-Yadudeh,اليادودة,osm_street,east,jordanian,9,False,,employed,True,811,90.1,True,service_taxi,False,low_income|no_car|worker
c_0013,نادية,Nadia,42,f,khalda,31.97642,35.87589,none,False,True,medium,True,08:00,15:00,middle,True,أخوي,my brother,tla_al_ali,Tla' Al-Ali,تلاع العلي وأم السماق وخلدا,Hay Al-Salam,حي السلام,osm_street,west,jordanian,8,False,,employed,False,3584,447.9,False,car_passenger,False,no_car|worker
c_0014,ليلى,Layla,53,f,khalda,32.00291,35.86496,none,False,True,medium,False,,,high,False,,,tla_al_ali,Tla' Al-Ali,تلاع العلي وأم السماق وخلدا,Tla' Al-Ali,تلاع العلي,osm_street,west,jordanian,6,False,,homemaker,,5065,844.2,False,taxi,False,no_car
c_0015,ريم,Reem,34,f,wehdat,31.89924,35.88397,none,True,True,high,True,08:00,15:00,middle,True,أختي,my sister,al_mgablein,Al-Mgablein,المقابلين,Al-Muqabalain,المقابلين,osm_street,east,jordanian,5,False,,employed,True,2191,438.2,False,car_driver,True,worker
c_0016,أحمد,Ahmad,60,m,sweileh,32.00704,35.82605,none,False,True,low,True,08:00,16:00,middle,True,ابني,my son,sweileh,Sweileh,صويلح,Al-Kamaliyeh,الكمالية,osm_street,west,jordanian,5,False,,employed,True,1889,377.8,False,walk,False,no_car|offline|worker
c_0017,نادية,Nadia,24,f,khalda,31.97597,35.83861,none,False,True,medium,True,08:00,16:00,middle,True,أمي,my mother,tla_al_ali,Tla' Al-Ali,تلاع العلي وأم السماق وخلدا,Umm Al-Summaq,أم السماق,osm_street,west,jordanian,5,False,,employed,False,2071,414.2,False,car_passenger,False,no_car|worker
c_0018,سارة,Sara,43,f,wehdat,31.85744,35.91232,none,False,True,medium,False,,,middle,True,أخوي,my brother,kherbet_al_souk,Kherbet Al-Souk,خريبة السوق وجاوا واليادودة,Al-Yadudeh,اليادودة,osm_street,east,jordanian,9,False,,homemaker,,1820,202.2,False,taxi,False,no_car
c_0019,رامي,Rami,28,m,wehdat,31.9428,35.92807,none,False,True,high,False,,,high,True,أخوي,my brother,al_yarmouk,Al-Yarmouk,اليرموك,Jabal Al-Ashrafiyeh,جبل الأشرفية,osm_street,east,jordanian,5,False,,out_of_labour_force,,4288,857.7,False,car_passenger,True,no_car
c_0020,آمنة,Amina,63,f,wehdat,31.93504,35.94635,none,True,True,low,False,,,high,False,,,al_yarmouk,Al-Yarmouk,اليرموك,Al-Wehdat,الوحدات,osm_street,east,jordanian,6,False,,retired,,4573,762.2,False,car_driver,False,offline
c_0021,فاطمة,Fatima,35,f,marka,31.96368,35.96745,none,False,True,medium,False,,,low,True,زوجي,my husband,al_nasr,Al-Nasr,النصر,Prince Hassan Camp,مخيم الأمير حسن,osm_street,east,jordanian,9,False,,homemaker,,632,70.2,True,taxi,True,low_income|no_car
c_0022,جمال,Jamal,28,m,wehdat,31.87859,35.88278,none,True,True,high,True,08:00,15:00,low,True,زوجتي,my wife,al_mgablein,Al-Mgablein,المقابلين,Al-Bunayyat Al-Janoubiya,البنيات الجنوبية,osm_street,east,jordanian,4,False,,employed,True,734,183.6,False,car_driver,True,low_income|worker
c_0023,وفاء,Wafaa,23,f,wehdat,31.85039,35.94759,none,True,True,high,False,,,high,True,أبوي,my father,kherbet_al_souk,Kherbet Al-Souk,خريبة السوق وجاوا واليادودة,Jawa,جاوا,osm_street,east,jordanian,8,False,,student,,4858,607.2,False,car_driver,False,student
c_0024,محمد,Mohammad,18,m,sweileh,32.02493,35.85913,none,False,True,medium,False,,,high,True,أمي,my mother,jubeiha,Jubeiha,الجبيهة,Al-Jubeiha,الجبيهة,osm_street,west,jordanian,9,False,,student,,5815,646.1,False,car_passenger,False,no_car|student
c_0025,مصطفى,Mustafa,73,m,jabal_al_hussein,31.97204,35.93344,none,False,True,low,False,,,low,False,,,basman,Basman,بسمان,Jabal Al-Nuzha,جبل النزهة,osm_street,east,jordanian,8,False,,retired,,1055,131.9,False,service_taxi,False,elderly|low_income|no_car|offline
c_0026,سامي,Sami,63,m,abdali,31.96307,35.92209,none,True,True,high,False,,,middle,False,,,al_abdali,Al-Abdali,العبدلي,Al-Abdali,العبدلي,osm_street,west,jordanian,6,False,,retired,,1338,223.1,False,car_driver,True,
c_0027,سامي,Sami,63,m,wehdat,31.8916,35.90054,none,True,True,medium,False,,,low,False,,,al_mgablein,Al-Mgablein,المقابلين,Umm Quseir,أم قصير,osm_street,east,jordanian,9,False,,retired,,983,109.2,False,car_driver,False,low_income
c_0028,دانا,Dana,71,f,downtown,31.92756,35.90502,none,False,False,low,False,,,middle,True,ابني,my son,bader,Bader,بدر,Al-Qwesmeh road side,طريق المطار - بدر,osm_street,east,jordanian,7,False,,retired,,1435,205.0,False,car_passenger,False,elderly|no_car|offline
c_0029,ليث,Laith,74,m,marka,31.95402,35.94422,none,False,False,low,True,07:00,16:00,low,False,,,al_nasr,Al-Nasr,النصر,Al-Hussein Al-Sharqi,الحسين الشرقي,osm_street,east,jordanian,7,False,,employed,True,1273,181.9,False,car_passenger,False,elderly|low_income|no_car|offline|worker
c_0030,مريم,Maryam,24,f,wehdat,31.94145,35.91763,none,False,True,medium,False,,,middle,False,,,ras_al_ein,Ras Al-Ein,رأس العين,Ras Al-Ein,رأس العين,osm_street,east,jordanian,3,False,,student,,1270,423.3,False,car_passenger,False,no_car|student
c_0031,محمد,Mohammad,67,m,wehdat,31.94872,35.93,wheelchair,False,False,low,False,,,middle,True,ابني,my son,al_yarmouk,Al-Yarmouk,اليرموك,Jabal Al-Ashrafiyeh,جبل الأشرفية,osm_street,east,jordanian,5,True,seeing|walking,retired,,1076,215.1,False,car_passenger,False,elderly|disabled|no_car|offline
c_0032,مصطفى,Mustafa,20,m,sweileh,32.01722,35.87589,none,False,True,high,True,08:00,15:00,middle,True,أبوي,my father,jubeiha,Jubeiha,الجبيهة,Jubeiha East,الجبيهة الشرقية,osm_street,west,jordanian,6,False,,employed,True,3120,520.0,False,car_passenger,False,no_car|worker
c_0033,أم محمد,Um Mohammad,31,f,abdali,31.98201,35.88003,none,True,True,high,False,,,high,False,,,zahran,Zahran,زهران,Al-Rabieh,الرابية,osm_street,west,jordanian,9,False,,homemaker,,5953,661.5,False,car_driver,True,
c_0034,نور,Noor,53,f,jabal_al_hussein,31.97333,35.95166,none,False,True,medium,False,,,middle,False,,,basman,Basman,بسمان,Al-Hashmi Al-Shamali,الهاشمي الشمالي,osm_street,east,jordanian,5,False,,homemaker,,2614,522.8,False,car_passenger,False,no_car
c_0035,ليث,Laith,24,m,khalda,31.957,35.84348,none,True,False,low,True,07:00,16:00,high,False,,,wadi_al_seer,Wadi Al-Seer,وادي السير,Al-Bayader,البيادر,osm_street,west,jordanian,7,False,,employed,True,4511,644.4,False,car_driver,False,offline|worker
c_0036,ريم,Reem,34,f,marka,31.961,35.97101,none,False,True,high,False,,,middle,False,,,al_nasr,Al-Nasr,النصر,Jabal Al-Nasr,جبل النصر,osm_street,east,jordanian,7,False,,homemaker,,3436,490.9,False,walk,False,no_car
c_0037,زيد,Zaid,19,m,marka,31.96229,35.94953,none,False,True,high,True,07:00,16:00,middle,True,أبوي,my father,al_nasr,Al-Nasr,النصر,Al-Hussein Al-Sharqi,الحسين الشرقي,osm_street,east,jordanian,6,False,,employed,False,2450,408.4,False,car_passenger,True,no_car|worker
c_0038,نبيل,Nabil,89,m,wehdat,31.9008,35.96702,none,False,True,low,False,,,low,True,بنتي,my daughter,qweismeh,Qweismeh,القويسمة,Jabal Al-Hadid,جبل الحديد,osm_street,east,jordanian,6,True,seeing,retired,,983,163.8,False,walk,False,elderly|low_income|no_car|offline
c_0039,فادي,Fadi,41,m,sweileh,32.0269,35.83552,none,True,True,low,False,,,low,True,زوجتي,my wife,sweileh,Sweileh,صويلح,Sweileh West,صويلح الغربي,osm_street,west,jordanian,6,False,,unemployed,,553,92.1,True,car_driver,False,low_income|offline
c_0040,تهاني,Tahani,31,f,marka,31.98134,35.98351,none,True,True,medium,False,,,low,True,أختي,my sister,marka,Marka,ماركا,Al-Rasha,الرشا,osm_street,east,jordanian,3,False,,homemaker,,406,135.3,False,car_driver,False,low_income
c_0041,وفاء,Wafaa,59,f,sweileh,32.03759,35.8309,none,False,True,high,False,,,middle,False,,,sweileh,Sweileh,صويلح,Sweileh West,صويلح الغربي,osm_street,west,jordanian,6,False,,homemaker,,1541,256.9,False,walk,False,no_car
c_0042,سارة,Sara,25,f,khalda,31.95052,35.82552,none,True,True,medium,False,,,high,True,زوجي,my husband,wadi_al_seer,Wadi Al-Seer,وادي السير,Wadi Al-Seer,وادي السير,osm_street,west,jordanian,5,False,,homemaker,,3459,691.9,False,car_driver,False,
c_0043,نادية,Nadia,33,f,downtown,31.94939,35.94202,none,True,True,medium,True,08:00,15:00,middle,True,جاري,my neighbour,al_madinah,Al-Madinah,المدينة,Jabal Al-Jofeh,جبل الجوفة,osm_street,east,jordanian,6,False,,employed,True,3217,536.2,False,car_driver,True,worker
c_0044,عبير,Abeer,25,f,marka,31.97806,35.98665,none,True,True,high,False,,,middle,True,زوجي,my husband,marka,Marka,ماركا,Marka (airport side),ماركا - المطار,osm_street,east,jordanian,7,False,,homemaker,,2068,295.5,False,car_driver,False,
c_0045,زيد,Zaid,17,m,tabarbour,31.98952,35.95304,none,False,True,medium,False,,,low,True,أبوي,my father,tariq,Tariq,طارق,Tareq,طارق,osm_street,east,jordanian,10,False,,student,,1723,172.3,False,taxi,False,low_income|no_car
c_0046,لينا,Lina,52,f,khalda,31.95662,35.85911,none,True,True,high,False,,,middle,False,,,wadi_al_seer,Wadi Al-Seer,وادي السير,Al-Sweifieh,الصويفية,osm_street,west,jordanian,10,False,,homemaker,,3845,384.5,False,car_driver,False,
c_0047,فادي,Fadi,36,m,khalda,31.99264,35.8794,none,True,True,medium,False,,,middle,False,,,tla_al_ali,Tla' Al-Ali,تلاع العلي وأم السماق وخلدا,Al-Gardens,الجاردنز,osm_street,west,jordanian,8,False,,out_of_labour_force,,2919,364.8,False,car_driver,False,
c_0048,رهف,Rahaf,26,f,abdali,31.96734,35.91653,none,False,True,medium,False,,,high,True,أخوي,my brother,al_abdali,Al-Abdali,العبدلي,Al-Abdali,العبدلي,osm_street,west,jordanian,5,False,,unemployed,,2812,562.4,False,car_passenger,True,no_car
c_0049,سميرة,Samira,38,f,khalda,31.9694,35.85073,none,True,True,low,False,,,high,False,,,wadi_al_seer,Wadi Al-Seer,وادي السير,Al-Rawabi,الروابي,osm_street,west,jordanian,7,False,,homemaker,,5710,815.8,False,car_driver,True,offline
c_0050,رامي,Rami,45,m,wehdat,31.87892,35.88742,none,True,True,medium,False,,,middle,False,,,al_mgablein,Al-Mgablein,المقابلين,Al-Bunayyat Al-Janoubiya,البنيات الجنوبية,osm_street,east,jordanian,4,False,,out_of_labour_force,,1138,284.6,False,car_driver,True,
c_0051,هالة,Hala,61,f,jabal_al_hussein,31.97941,35.95438,none,True,True,low,False,,,low,False,,,basman,Basman,بسمان,Al-Qusour,القصور,osm_street,east,jordanian,7,False,,retired,,878,125.4,False,car_driver,False,low_income|offline
c_0052,عبير,Abeer,29,f,wehdat,31.91831,35.94958,wheelchair,False,True,medium,False,,,middle,False,,,qweismeh,Qweismeh,القويسمة,Al-Qweismeh,القويسمة,osm_street,east,jordanian,7,True,seeing|walking|communication,homemaker,,1802,257.5,False,taxi,False,disabled|no_car
c_0053,رهف,Rahaf,17,f,marka,31.94629,35.95553,none,False,True,medium,False,,,middle,True,أخوي,my brother,al_nasr,Al-Nasr,النصر,Al-Manara,المنارة,osm_street,east,jordanian,5,False,,student,,1140,228.0,False,car_passenger,True,no_car
c_0054,أم محمد,Um Mohammad,36,f,sweileh,32.06043,35.90281,none,True,True,medium,False,,,middle,True,أختي,my sister,shafa_badran,Shafa Badran,شفا بدران,Shafa Badran North,شفا بدران الشمالية,osm_street,west,jordanian,3,False,,homemaker,,904,301.4,False,car_driver,True,
c_0055,سلمى,Salma,26,f,jabal_al_hussein,31.97782,35.93985,none,False,True,medium,False,,,low,False,,,basman,Basman,بسمان,Jabal Al-Nuzha,جبل النزهة,osm_street,east,jordanian,5,False,,homemaker,,842,168.4,False,walk,False,low_income|no_car
c_0056,مصطفى,Mustafa,74,m,wehdat,31.92896,35.93758,none,False,True,low,False,,,low,True,ابني,my son,al_yarmouk,Al-Yarmouk,اليرموك,Al-Wehdat,الوحدات,osm_street,east,jordanian,7,False,,retired,,1010,144.3,False,car_passenger,False,elderly|low_income|no_car|offline
c_0057,بلال,Bilal,53,m,jabal_al_hussein,31.95426,35.9553,none,False,True,low,True,08:00,15:00,low,True,زوجتي,my wife,basman,Basman,بسمان,Al-Hashmi Al-Janoubi,الهاشمي الجنوبي,osm_street,east,jordanian,5,False,,employed,True,790,158.0,False,service_taxi,False,low_income|no_car|offline|worker
c_0058,رامي,Rami,30,m,downtown,31.9355,35.90455,none,False,True,high,True,07:00,16:00,low,True,أخوي,my brother,bader,Bader,بدر,Al-Hilal,الهلال,osm_street,east,jordanian,4,False,,employed,False,495,123.7,False,taxi,True,low_income|no_car|worker
c_0059,سعاد,Suad,19,f,downtown,31.94096,35.90224,none,True,True,medium,False,,,middle,False,,,bader,Bader,بدر,Al-Dustour,الدستور,osm_street,east,jordanian,3,False,,student,,1557,518.9,False,car_driver,False,student
c_0060,نبيل,Nabil,21,m,marka,31.96281,35.98308,none,False,True,medium,False,,,middle,True,أمي,my mother,marka,Marka,ماركا,Marka Al-Janoubiya,ماركا الجنوبية,osm_street,east,jordanian,4,False,,student,,916,228.9,False,car_passenger,True,no_car|student
c_0061,أم محمد,Um Mohammad,16,f,khalda,31.94638,35.8152,none,False,True,high,False,,,middle,True,أمي,my mother,wadi_al_seer,Wadi Al-Seer,وادي السير,Wadi Al-Seer,وادي السير,osm_street,west,jordanian,2,False,,student,,904,451.9,False,bus_brt,False,no_car
c_0062,عمر,Omar,18,m,marka,31.95884,35.96149,none,True,True,medium,True,08:00,15:00,high,True,أخوي,my brother,al_nasr,Al-Nasr,النصر,Jabal Al-Nasr,جبل النصر,osm_street,east,jordanian,5,False,,employed,False,6397,1279.5,False,car_driver,True,worker
c_0063,لينا,Lina,33,f,marka,31.95056,35.9555,none,False,True,high,False,,,low,True,أختي,my sister,al_nasr,Al-Nasr,النصر,Jabal Al-Taj,جبل التاج,osm_street,east,jordanian,5,False,,homemaker,,389,77.8,True,service_taxi,True,low_income|no_car
c_0064,خديجة,Khadija,34,f,sweileh,32.01781,35.87716,none,True,True,high,False,,,middle,True,زوجي,my husband,jubeiha,Jubeiha,الجبيهة,University of Jordan area,منطقة الجامعة الأردنية,osm_street,west,jordanian,4,False,,homemaker,,2052,513.1,False,car_driver,True,
c_0065,عبير,Abeer,16,f,abdali,31.96743,35.89353,none,False,True,medium,False,,,high,True,أبوي,my father,al_abdali,Al-Abdali,العبدلي,Al-Shmeisani,الشميساني,osm_street,west,jordanian,4,False,,student,,3728,932.0,False,service_taxi,True,no_car
c_0066,هالة,Hala,63,f,marka,31.98483,35.98078,none,False,True,low,False,,,low,True,ابني,my son,marka,Marka,ماركا,Marka (airport side),ماركا - المطار,osm_street,east,jordanian,6,False,,retired,,763,127.1,False,bus_brt,False,low_income|no_car|offline
c_0067,أحمد,Ahmad,68,m,khalda,31.99676,35.83386,wheelchair,False,False,low,False,,,middle,True,بنتي,my daughter,tla_al_ali,Tla' Al-Ali,تلاع العلي وأم السماق وخلدا,Khalda,خلدا,osm_street,west,jordanian,2,True,seeing|walking|hearing,retired,,1073,536.3,False,car_passenger,False,elderly|disabled|no_car|offline
c_0068,رامي,Rami,29,m,jabal_al_hussein,31.95402,35.94176,none,True,True,high,False,,,middle,True,جاري,my neighbour,basman,Basman,بسمان,Raghadan,رغدان,osm_street,east,jordanian,4,True,seeing,out_of_labour_force,,1084,271.0,False,car_driver,False,
c_0069,رولا,Rula,22,f,khalda,31.96483,35.8411,none,True,True,high,False,,,middle,False,,,wadi_al_seer,Wadi Al-Seer,وادي السير,Al-Kursi,الكرسي,osm_street,west,jordanian,6,False,,student,,2777,462.8,False,car_driver,True,student
c_0070,سامي,Sami,31,m,sweileh,32.02857,35.90865,none,True,True,medium,True,07:00,16:00,middle,True,أختي,my sister,shafa_badran,Shafa Badran,شفا بدران,Applied Science University area,منطقة جامعة العلوم التطبيقية,osm_street,west,jordanian,2,False,,employed,True,620,309.9,False,car_driver,True,worker
c_0071,آمنة,Amina,29,f,jabal_al_hussein,31.95886,35.94238,none,True,True,medium,False,,,middle,False,,,basman,Basman,بسمان,Al-Hashmi Al-Janoubi,الهاشمي الجنوبي,osm_street,east,jordanian,4,False,,homemaker,,1447,361.7,False,car_driver,False,
c_0072,عبدالله,Abdullah,24,m,wehdat,31.93495,35.9272,none,True,True,medium,False,,,middle,False,,,ras_al_ein,Ras Al-Ein,رأس العين,Jabal Al-Nadhif,جبل النظيف,osm_street,east,jordanian,7,False,,unemployed,,1576,225.2,False,car_driver,True,student
c_0073,مصطفى,Mustafa,58,m,wehdat,31.87746,35.92689,none,True,True,medium,True,08:00,16:00,middle,True,أختي,my sister,kherbet_al_souk,Kherbet Al-Souk,خريبة السوق وجاوا واليادودة,Khraibet Al-Souk,خريبة السوق,osm_street,east,jordanian,4,False,,employed,False,1273,318.2,False,car_driver,False,worker
c_0074,ليث,Laith,52,m,wehdat,31.85276,35.93994,none,False,True,medium,True,08:00,16:00,middle,True,أخوي,my brother,kherbet_al_souk,Kherbet Al-Souk,خريبة السوق وجاوا واليادودة,Jawa,جاوا,osm_street,east,jordanian,8,False,,employed,False,1743,217.9,False,service_taxi,False,no_car|worker
c_0075,وفاء,Wafaa,23,f,marka,31.99135,36.00474,none,False,True,medium,False,,,low,True,أبوي,my father,marka,Marka,ماركا,Marka Al-Shamaliya,ماركا الشمالية,osm_street,east,jordanian,6,False,,student,,942,157.0,False,service_taxi,False,low_income|no_car|student
c_0076,فاطمة,Fatima,25,f,wehdat,31.89164,36.01325,none,True,True,high,True,08:00,16:00,middle,False,,,uhod,Uhod,أحد,Al-Mushayrifah,المشيرفة,osm_street,east,jordanian,5,False,,employed,False,1598,319.5,False,car_driver,False,worker
c_0077,سلمى,Salma,23,f,jabal_al_hussein,31.95533,35.95597,none,False,True,medium,False,,,low,True,أبوي,my father,basman,Basman,بسمان,Al-Hashmi Al-Janoubi,الهاشمي الجنوبي,osm_street,east,jordanian,8,False,,student,,902,112.7,False,walk,False,low_income|no_car|student
c_0078,فادي,Fadi,50,m,tabarbour,31.98862,35.96809,none,True,True,medium,False,,,middle,False,,,tariq,Tariq,طارق,Ain Ghazal,عين غزال,osm_street,east,jordanian,6,False,,unemployed,,1350,224.9,False,car_driver,False,
c_0079,أحمد,Ahmad,54,m,wehdat,31.89326,36.01145,none,True,True,low,False,,,low,True,أخوي,my brother,uhod,Uhod,أحد,Al-Mushayrifah,المشيرفة,osm_street,east,jordanian,5,False,,unemployed,,359,71.8,True,car_driver,False,low_income|offline
c_0080,خالد,Khaled,42,m,jabal_al_hussein,31.9638,35.96472,none,False,True,high,True,08:00,16:00,high,True,زوجتي,my wife,basman,Basman,بسمان,Al-Mahatta,المحطة,osm_street,east,jordanian,2,False,,employed,False,1659,829.5,False,bus_brt,False,no_car|worker
c_0081,سليمان,Suleiman,19,m,sweileh,32.04008,35.91687,none,False,True,high,False,,,middle,True,أبوي,my father,shafa_badran,Shafa Badran,شفا بدران,Shafa Badran,شفا بدران,osm_street,west,jordanian,5,False,,unemployed,,2005,401.1,False,taxi,False,no_car|student
c_0082,محمد,Mohammad,31,m,jabal_al_hussein,31.9638,35.93447,none,True,True,high,True,08:00,16:00,high,True,أخوي,my brother,basman,Basman,بسمان,Raghadan,رغدان,osm_street,east,jordanian,7,False,,employed,False,5046,720.9,False,car_driver,False,worker
c_0083,سامي,Sami,19,m,sweileh,32.00877,35.87168,none,True,True,medium,True,08:00,15:00,high,False,,,jubeiha,Jubeiha,الجبيهة,University of Jordan area,منطقة الجامعة الأردنية,osm_street,west,jordanian,7,False,,employed,False,5284,754.8,False,car_driver,True,worker
c_0084,سعاد,Suad,33,f,sweileh,32.04667,35.89247,none,True,True,medium,False,,,high,False,,,abu_nseir,Abu Nseir,أبو نصير,Abu Nseir Housing,إسكان أبو نصير,osm_street,west,jordanian,2,False,,homemaker,,2689,1344.4,False,car_driver,False,
c_0085,سلمى,Salma,16,f,sweileh,32.04946,35.89732,none,False,True,high,False,,,low,False,,,abu_nseir,Abu Nseir,أبو نصير,Abu Nseir Housing,إسكان أبو نصير,osm_street,west,jordanian,4,False,,student,,489,122.1,False,service_taxi,True,low_income|no_car
c_0086,فادي,Fadi,34,m,khalda,31.96549,35.82995,none,False,True,high,False,,,middle,True,زوجتي,my wife,wadi_al_seer,Wadi Al-Seer,وادي السير,Al-Kursi,الكرسي,osm_street,west,jordanian,5,False,,out_of_labour_force,,1976,395.3,False,car_passenger,True,no_car
c_0087,نادية,Nadia,31,f,wehdat,31.93155,35.94224,none,False,True,medium,False,,,high,True,زوجي,my husband,al_yarmouk,Al-Yarmouk,اليرموك,Al-Hilal (east),الهلال,osm_street,east,jordanian,2,False,,homemaker,,2789,1394.4,False,bus_brt,False,no_car
c_0088,تهاني,Tahani,59,f,abdali,31.96793,35.90773,none,True,True,low,False,,,middle,True,أخوي,my brother,al_abdali,Al-Abdali,العبدلي,Jabal Al-Hussein,جبل الحسين,osm_street,west,jordanian,5,False,,homemaker,,1731,346.2,False,car_driver,False,offline
c_0089,أحمد,Ahmad,42,m,wehdat,31.91126,35.92422,none,True,True,high,False,,,high,False,,,ras_al_ein,Ras Al-Ein,رأس العين,Jabal Al-Rawda,جبل الروضة,osm_street,east,jordanian,5,False,,unemployed,,4050,809.9,False,car_driver,False,
c_0090,خالد,Khaled,35,m,sweileh,32.01992,35.86729,none,True,True,high,True,10:00,18:00,high,True,زوجتي,my wife,jubeiha,Jubeiha,الجبيهة,Al-Jubeiha,الجبيهة,osm_street,west,jordanian,2,False,,employed,False,2925,1462.5,False,car_driver,False,worker
c_0091,زيد,Zaid,53,m,wehdat,31.84805,35.93589,none,True,True,low,True,09:00,17:00,middle,True,زوجتي,my wife,kherbet_al_souk,Kherbet Al-Souk,خريبة السوق وجاوا واليادودة,Jawa,جاوا,osm_street,east,jordanian,5,False,,employed,False,2249,449.9,False,car_driver,False,offline|worker
c_0092,رنا,Rana,16,f,sweileh,32.02184,35.88183,none,False,True,medium,False,,,middle,False,,,jubeiha,Jubeiha,الجبيهة,Jubeiha East,الجبيهة الشرقية,osm_street,west,jordanian,5,False,,student,,2527,505.5,False,bus_brt,False,no_car
c_0093,محمود,Mahmoud,48,m,abdali,31.9764,35.89503,none,True,True,low,True,07:00,16:00,middle,False,,,al_abdali,Al-Abdali,العبدلي,Al-Shmeisani,الشميساني,osm_street,west,jordanian,4,False,,employed,True,1310,327.6,False,car_driver,False,offline|worker
c_0094,عبير,Abeer,32,f,khalda,31.95488,35.8393,none,False,True,high,False,,,middle,True,زوجي,my husband,wadi_al_seer,Wadi Al-Seer,وادي السير,Al-Bayader,البيادر,osm_street,west,jordanian,6,False,,homemaker,,1712,285.3,False,service_taxi,True,no_car
c_0095,وفاء,Wafaa,30,f,wehdat,31.8804,35.88189,none,False,True,medium,False,,,middle,True,أخوي,my brother,al_mgablein,Al-Mgablein,المقابلين,Al-Bunayyat Al-Janoubiya,البنيات الجنوبية,osm_street,east,jordanian,5,False,,unemployed,,1506,301.3,False,bus_brt,True,no_car
c_0096,عبدالله,Abdullah,26,m,marka,31.9763,35.97572,none,True,True,medium,True,09:00,17:00,middle,True,أخوي,my brother,marka,Marka,ماركا,Marka Al-Janoubiya,ماركا الجنوبية,osm_street,east,jordanian,5,False,,employed,False,1885,377.1,False,car_driver,False,worker
c_0097,سميرة,Samira,54,f,wehdat,31.9387,35.93222,none,False,True,low,True,10:00,18:00,low,True,أخوي,my brother,al_yarmouk,Al-Yarmouk,اليرموك,Al-Hilal (east),الهلال,osm_street,east,jordanian,6,False,,employed,False,638,106.3,False,bus_brt,False,low_income|no_car|offline|worker
c_0098,عبير,Abeer,29,f,khalda,31.96377,35.84509,none,True,True,medium,True,09:00,17:00,high,True,أخوي,my brother,wadi_al_seer,Wadi Al-Seer,وادي السير,Al-Bayader,البيادر,osm_street,west,jordanian,7,False,,employed,True,4157,593.8,False,car_driver,True,worker
c_0099,خديجة,Khadija,25,f,jabal_al_hussein,31.96701,35.9491,none,True,True,medium,False,,,high,True,أخوي,my brother,basman,Basman,بسمان,Al-Hashmi Al-Janoubi,الهاشمي الجنوبي,osm_street,east,jordanian,2,False,,homemaker,,1204,602.2,False,car_driver,True,
c_0100,حسن,Hasan,81,m,wehdat,31.89364,35.92912,wheelchair,False,False,low,False,,,low,False,,,qweismeh,Qweismeh,القويسمة,Al-Jweideh,الجويدة,osm_street,east,jordanian,4,True,seeing|walking|cognition|communication,retired,,509,127.1,False,taxi,False,elderly|disabled|low_income|no_car|offline
c_0101,مريم,Maryam,36,f,khalda,31.95715,35.84296,none,True,True,high,False,,,high,True,أخوي,my brother,wadi_al_seer,Wadi Al-Seer,وادي السير,Al-Bayader,البيادر,osm_street,west,jordanian,4,False,,homemaker,,4804,1201.0,False,car_driver,True,
c_0102,تهاني,Tahani,48,f,jabal_al_hussein,31.97234,35.95805,none,False,True,low,False,,,middle,True,زوجي,my husband,basman,Basman,بسمان,Al-Hashmi Al-Shamali,الهاشمي الشمالي,osm_street,east,jordanian,9,False,,homemaker,,2054,228.3,False,walk,False,no_car|offline
c_0103,عمر,Omar,26,m,sweileh,32.01007,35.82695,none,True,True,high,True,09:00,17:00,middle,False,,,sweileh,Sweileh,صويلح,Al-Kamaliyeh,الكمالية,osm_street,west,jordanian,5,False,,employed,True,1045,209.1,False,car_driver,False,worker
c_0104,رهف,Rahaf,31,f,sweileh,32.01154,35.88057,none,True,True,medium,False,,,middle,True,زوجي,my husband,jubeiha,Jubeiha,الجبيهة,University of Jordan area,منطقة الجامعة الأردنية,osm_street,west,jordanian,8,True,seeing,homemaker,,2621,327.6,False,car_driver,True,
c_0105,فادي,Fadi,54,m,abdali,31.93994,35.89728,none,True,True,low,True,08:00,16:00,high,False,,,zahran,Zahran,زهران,Wadi Abdoun,وادي عبدون,osm_street,west,jordanian,10,False,,employed,True,6394,639.4,False,car_driver,False,offline|worker
c_0106,عمر,Omar,19,m,khalda,31.96449,35.8416,none,False,True,high,False,,,middle,False,,,wadi_al_seer,Wadi Al-Seer,وادي السير,Al-Kursi,الكرسي,osm_street,west,jordanian,10,False,,student,,1964,196.4,False,car_passenger,False,no_car|student
c_0107,تهاني,Tahani,41,f,khalda,31.9883,35.82434,none,True,True,high,False,,,middle,False,,,tla_al_ali,Tla' Al-Ali,تلاع العلي وأم السماق وخلدا,Dabouq,دابوق,osm_street,west,jordanian,5,False,,homemaker,,2048,409.7,False,car_driver,False,
c_0108,محمود,Mahmoud,43,m,abdali,31.98002,35.8967,none,False,True,medium,True,08:00,15:00,middle,False,,,al_abdali,Al-Abdali,العبدلي,Al-Abdaliyeh,العبدلية,osm_street,west,jordanian,10,False,,employed,False,3083,308.3,False,walk,True,no_car|worker
c_0109,زيد,Zaid,36,m,wehdat,31.8994,36.0253,none,False,True,high,False,,,low,False,,,uhod,Uhod,أحد,Al-Kashafiya,الكشافية,osm_street,east,jordanian,8,False,,out_of_labour_force,,1404,175.5,False,car_passenger,False,low_income|no_car
c_0110,لينا,Lina,45,f,abdali,31.96608,35.86737,none,True,False,low,True,09:00,17:00,high,True,زوجي,my husband,zahran,Zahran,زهران,Umm Uthaina,أم أذينة,osm_street,west,jordanian,3,False,,employed,True,2551,850.4,False,car_driver,False,offline|worker
c_0111,نادية,Nadia,51,f,khalda,31.96808,35.83387,none,False,True,medium,False,,,middle,True,جاري,my neighbour,wadi_al_seer,Wadi Al-Seer,وادي السير,Al-Kursi,الكرسي,osm_street,west,jordanian,4,False,,homemaker,,1935,483.7,False,car_passenger,False,no_car
c_0112,عبدالله,Abdullah,84,m,abdali,31.95049,35.92084,limited,False,False,low,False,,,middle,True,بنتي,my daughter,al_abdali,Al-Abdali,العبدلي,Jabal Al-Weibdeh,جبل اللويبدة,osm_street,west,jordanian,5,True,seeing|walking|cognition,retired,,2794,558.9,False,taxi,False,elderly|disabled|no_car|offline
c_0113,نور,Noor,20,f,sweileh,32.0259,35.82894,none,True,True,medium,False,,,high,True,أمي,my mother,sweileh,Sweileh,صويلح,Sweileh West,صويلح الغربي,osm_street,west,jordanian,4,False,,student,,2798,699.5,False,car_driver,False,student
c_0114,عيسى,Issa,20,m,wehdat,31.90989,36.02485,none,True,True,medium,True,08:00,15:00,middle,True,أبوي,my father,uhod,Uhod,أحد,Al-Kashafiya,الكشافية,osm_street,east,jordanian,6,False,,employed,True,2969,494.8,False,car_driver,False,worker
c_0115,سارة,Sara,26,f,downtown,31.94407,35.93912,none,True,True,medium,True,10:00,18:00,low,True,زوجي,my husband,al_madinah,Al-Madinah,المدينة,Jabal Al-Jofeh,جبل الجوفة,osm_street,east,jordanian,4,False,,employed,True,360,90.1,True,car_driver,True,low_income|worker
c_0116,نور,Noor,18,f,wehdat,31.92123,35.9602,none,False,True,medium,False,,,low,True,أبوي,my father,qweismeh,Qweismeh,القويسمة,Al-Qweismeh,القويسمة,osm_street,east,jordanian,8,False,,student,,994,124.3,False,bus_brt,False,low_income|no_car|student
c_0117,نور,Noor,37,f,marka,31.96279,35.95126,limited,False,True,low,False,,,low,True,أخوي,my brother,al_nasr,Al-Nasr,النصر,Al-Hussein Al-Sharqi,الحسين الشرقي,osm_street,east,jordanian,3,True,seeing|walking|cognition,homemaker,,164,54.7,True,car_passenger,False,disabled|low_income|no_car|offline
c_0118,وفاء,Wafaa,16,f,wehdat,31.87487,35.92697,none,False,True,high,False,,,high,True,أبوي,my father,kherbet_al_souk,Kherbet Al-Souk,خريبة السوق وجاوا واليادودة,Khraibet Al-Souk,خريبة السوق,osm_street,east,jordanian,5,False,,student,,3858,771.6,False,car_passenger,True,no_car
c_0119,أحمد,Ahmad,32,m,abdali,31.9876,35.88699,none,True,True,medium,True,08:00,16:00,middle,True,زوجتي,my wife,al_abdali,Al-Abdali,العبدلي,Sport City,المدينة الرياضية,osm_street,west,jordanian,6,False,,employed,False,2168,361.4,False,car_driver,False,worker
c_0120,سعاد,Suad,34,f,wehdat,31.92528,35.94547,limited,False,True,medium,False,,,high,True,زوجي,my husband,al_yarmouk,Al-Yarmouk,اليرموك,Hay Al-Awda,حي العودة,osm_street,east,jordanian,3,True,seeing|walking|cognition,homemaker,,2139,713.1,False,taxi,False,disabled|no_car
c_0121,رامي,Rami,45,m,marka,31.99581,36.00423,none,False,True,medium,True,08:00,16:00,low,False,,,marka,Marka,ماركا,Marka Al-Shamaliya,ماركا الشمالية,osm_street,east,jordanian,7,False,,employed,True,1292,184.6,False,taxi,False,low_income|no_car|worker
c_0122,بلال,Bilal,44,m,sweileh,32.03911,35.89326,none,False,True,medium,True,09:00,17:00,middle,False,,,abu_nseir,Abu Nseir,أبو نصير,Abu Nseir Housing,إسكان أبو نصير,osm_street,west,jordanian,6,False,,employed,True,1614,268.9,False,bus_brt,False,no_car|worker
c_0123,محمود,Mahmoud,17,m,marka,31.99318,35.99423,none,False,True,high,False,,,low,True,أخوي,my brother,marka,Marka,ماركا,Marka Al-Shamaliya,ماركا الشمالية,osm_street,east,jordanian,8,False,,student,,579,72.4,True,car_passenger,True,low_income|no_car
c_0124,محمود,Mahmoud,38,m,marka,31.96162,35.96341,none,False,True,medium,True,08:00,16:00,high,True,زوجتي,my wife,al_nasr,Al-Nasr,النصر,Prince Hassan Camp,مخيم الأمير حسن,osm_street,east,jordanian,3,False,,employed,False,2243,747.8,False,bus_brt,False,no_car|worker
c_0125,هدى,Huda,56,f,marka,31.96204,35.95312,none,False,True,medium,False,,,low,False,,,al_nasr,Al-Nasr,النصر,Al-Hussein Al-Sharqi,الحسين الشرقي,osm_street,east,jordanian,7,False,,homemaker,,857,122.5,False,walk,True,low_income|no_car
c_0126,طارق,Tareq,20,m,wehdat,31.95117,35.93097,none,True,True,medium,False,,,middle,True,أخوي,my brother,al_yarmouk,Al-Yarmouk,اليرموك,Jabal Al-Ashrafiyeh,جبل الأشرفية,osm_street,east,jordanian,6,False,,unemployed,,1365,227.5,False,car_driver,False,student
c_0127,محمد,Mohammad,35,m,wehdat,31.91994,35.9147,none,False,True,medium,True,08:00,16:00,middle,False,,,ras_al_ein,Ras Al-Ein,رأس العين,Al-Zuhour,الزهور,osm_street,east,jordanian,7,False,,employed,True,2152,307.5,False,bus_brt,False,no_car|worker
c_0128,هدى,Huda,22,f,khalda,31.99095,35.88509,none,False,True,high,False,,,low,True,أبوي,my father,tla_al_ali,Tla' Al-Ali,تلاع العلي وأم السماق وخلدا,Al-Gardens,الجاردنز,osm_street,west,jordanian,9,False,,student,,897,99.6,True,taxi,True,low_income|no_car|student
c_0129,ريم,Reem,17,f,jabal_al_hussein,31.96012,35.94302,none,False,True,medium,False,,,middle,True,أبوي,my father,basman,Basman,بسمان,Al-Hashmi Al-Janoubi,الهاشمي الجنوبي,osm_street,east,jordanian,9,False,,student,,2226,247.3,False,walk,True,no_car
c_0130,عبدالله,Abdullah,49,m,abdali,31.88506,35.83686,none,True,True,medium,False,,,high,True,زوجتي,my wife,marj_al_hamam,Marj Al-Hamam,مرج الحمام,Iskan Alia,إسكان عالية,osm_street,west,jordanian,4,False,,out_of_labour_force,,2787,696.8,False,car_driver,True,
c_0131,مصطفى,Mustafa,22,m,tabarbour,31.98793,35.94641,none,True,True,medium,True,10:00,18:00,middle,False,,,tariq,Tariq,طارق,Tareq,طارق,osm_street,east,jordanian,7,False,,employed,True,1701,243.0,False,car_driver,False,worker
c_0132,سامي,Sami,25,m,sweileh,32.03057,35.90039,none,True,True,high,False,,,middle,False,,,shafa_badran,Shafa Badran,شفا بدران,Applied Science University area,منطقة جامعة العلوم التطبيقية,osm_street,west,jordanian,3,False,,unemployed,,883,294.2,False,car_driver,False,
c_0133,زيد,Zaid,29,m,jabal_al_hussein,31.96207,35.94956,none,False,True,medium,True,07:00,16:00,low,True,جاري,my neighbour,basman,Basman,بسمان,Raghadan,رغدان,osm_street,east,jordanian,6,False,,employed,True,859,143.1,False,bus_brt,False,low_income|no_car|worker
c_0134,زيد,Zaid,44,m,sweileh,32.03146,35.90282,none,True,True,high,True,09:00,17:00,middle,True,أختي,my sister,shafa_badran,Shafa Badran,شفا بدران,Applied Science University area,منطقة جامعة العلوم التطبيقية,osm_street,west,jordanian,5,False,,employed,True,2514,502.7,False,car_driver,True,worker
c_0135,أم محمد,Um Mohammad,18,f,downtown,31.92484,35.9068,none,False,True,high,False,,,low,True,أبوي,my father,bader,Bader,بدر,Al-Qwesmeh road side,طريق المطار - بدر,osm_street,east,jordanian,7,False,,student,,841,120.1,False,bus_brt,False,low_income|no_car|student
c_0136,محمود,Mahmoud,33,m,wehdat,31.8954,35.9357,none,True,True,medium,True,08:00,16:00,middle,False,,,qweismeh,Qweismeh,القويسمة,Al-Raqim,الرقيم,osm_street,east,jordanian,5,False,,employed,False,1829,365.8,False,car_driver,False,worker
c_0137,محمد,Mohammad,26,m,wehdat,31.94096,35.91734,none,True,True,medium,True,09:00,17:00,low,False,,,ras_al_ein,Ras Al-Ein,رأس العين,Ras Al-Ein,رأس العين,osm_street,east,jordanian,4,False,,employed,True,587,146.8,False,car_driver,True,low_income|worker
c_0138,عبدالله,Abdullah,43,m,marka,31.97824,35.98806,none,False,True,medium,True,08:00,16:00,low,True,زوجتي,my wife,marka,Marka,ماركا,Marka (airport side),ماركا - المطار,osm_street,east,jordanian,6,False,,employed,True,730,121.6,False,car_passenger,False,low_income|no_car|worker
c_0139,فادي,Fadi,37,m,khalda,31.986,35.8785,none,True,True,medium,False,,,middle,True,زوجتي,my wife,tla_al_ali,Tla' Al-Ali,تلاع العلي وأم السماق وخلدا,Al-Gardens,الجاردنز,osm_street,west,jordanian,7,False,,out_of_labour_force,,2697,385.3,False,car_driver,True,
c_0140,طارق,Tareq,23,m,abdali,31.88517,35.84485,none,False,True,high,True,09:00,17:00,high,True,أبوي,my father,marj_al_hamam,Marj Al-Hamam,مرج الحمام,Iskan Alia,إسكان عالية,osm_street,west,jordanian,5,False,,employed,False,4625,925.0,False,bus_brt,True,no_car|worker
c_0141,عيسى,Issa,20,m,jabal_al_hussein,31.97467,35.96934,none,True,True,high,False,,,middle,True,أمي,my mother,basman,Basman,بسمان,Al-Mahatta,المحطة,osm_street,east,jordanian,8,False,,student,,1605,200.7,False,car_driver,False,student
c_0142,آمنة,Amina,30,f,khalda,31.99516,35.84915,none,False,True,high,False,,,middle,False,,,tla_al_ali,Tla' Al-Ali,تلاع العلي وأم السماق وخلدا,Khalda,خلدا,osm_street,west,jordanian,10,False,,homemaker,,2295,229.5,False,car_passenger,True,no_car
c_0143,هدى,Huda,43,f,wehdat,31.90964,35.95479,none,False,True,medium,False,,,low,True,أختي,my sister,qweismeh,Qweismeh,القويسمة,Jabal Al-Hadid,جبل الحديد,osm_street,east,jordanian,5,False,,homemaker,,475,94.9,True,car_passenger,False,low_income|no_car
c_0144,محمود,Mahmoud,25,m,marka,31.9459,35.96958,none,True,False,low,True,08:00,15:00,middle,True,أخوي,my brother,al_nasr,Al-Nasr,النصر,Al-Manara,المنارة,osm_street,east,jordanian,5,False,,employed,False,1504,300.9,False,car_driver,False,offline|worker
c_0145,نادية,Nadia,22,f,abdali,31.97113,35.87157,none,True,True,high,False,,,high,False,,,zahran,Zahran,زهران,Umm Uthaina,أم أذينة,osm_street,west,jordanian,2,False,,student,,3332,1665.9,False,car_driver,False,student
c_0146,محمود,Mahmoud,23,m,sweileh,32.04911,35.8775,none,False,True,medium,False,,,low,False,,,abu_nseir,Abu Nseir,أبو نصير,Abu Nseir West,أبو نصير الغربي,osm_street,west,jordanian,5,False,,unemployed,,547,109.4,False,taxi,False,low_income|no_car|student
c_0147,رولا,Rula,68,f,downtown,31.95068,35.93038,none,False,False,low,False,,,low,True,جاري,my neighbour,al_madinah,Al-Madinah,المدينة,Jabal Al-Qal'a,جبل القلعة,osm_street,east,jordanian,10,False,,retired,,1459,145.9,False,bus_brt,False,elderly|low_income|no_car|offline
c_0148,يوسف,Yousef,49,m,jabal_al_hussein,31.98323,35.96337,none,True,True,medium,True,08:00,16:00,low,False,,,basman,Basman,بسمان,Al-Qusour,القصور,osm_street,east,jordanian,7,False,,employed,True,636,90.8,True,car_driver,True,low_income|worker
c_0149,جمال,Jamal,18,m,wehdat,31.91983,35.94903,none,True,True,medium,True,07:00,16:00,middle,True,أمي,my mother,qweismeh,Qweismeh,القويسمة,Al-Qweismeh,القويسمة,osm_street,east,jordanian,6,False,,employed,True,1466,244.3,False,car_driver,False,worker
c_0150,نبيل,Nabil,16,m,wehdat,31.9055,35.96166,none,False,True,medium,True,07:00,16:00,middle,False,,,qweismeh,Qweismeh,القويسمة,Jabal Al-Hadid,جبل الحديد,osm_street,east,jordanian,8,False,,employed,False,1990,248.8,False,taxi,False,no_car|worker
c_0151,أنس,Anas,34,m,jabal_al_hussein,31.96249,35.95218,none,True,True,low,True,09:00,17:00,middle,False,,,basman,Basman,بسمان,Al-Hashmi Al-Janoubi,الهاشمي الجنوبي,osm_street,east,jordanian,3,False,,employed,True,748,249.3,False,car_driver,False,offline|worker
c_0152,هاني,Hani,58,m,wehdat,31.86604,35.91946,limited,False,True,medium,False,,,middle,True,أخوي,my brother,kherbet_al_souk,Kherbet Al-Souk,خريبة السوق وجاوا واليادودة,Al-Yadudeh,اليادودة,osm_street,east,jordanian,5,True,seeing|walking,out_of_labour_force,,2088,417.6,False,car_passenger,True,disabled|no_car
c_0153,طارق,Tareq,67,m,khalda,31.96573,35.8488,none,True,False,low,False,,,middle,False,,,wadi_al_seer,Wadi Al-Seer,وادي السير,Al-Bayader,البيادر,osm_street,west,jordanian,4,False,,retired,,2038,509.5,False,car_driver,False,elderly|offline
c_0154,رولا,Rula,49,f,wehdat,31.85534,35.94654,none,True,True,medium,False,,,low,False,,,kherbet_al_souk,Kherbet Al-Souk,خريبة السوق وجاوا واليادودة,Jawa,جاوا,osm_street,east,jordanian,8,False,,homemaker,,1367,170.8,False,car_driver,True,low_income
c_0155,نبيل,Nabil,90,m,downtown,31.9268,35.89568,limited,False,True,low,False,,,middle,True,جاري,my neighbour,bader,Bader,بدر,Al-Hilal,الهلال,osm_street,east,jordanian,2,True,seeing|walking|self_care,retired,,842,421.1,False,car_passenger,False,elderly|disabled|no_car|offline
c_0156,علي,Ali,29,m,khalda,31.98671,35.87705,limited,True,True,medium,True,09:00,17:00,middle,False,,,tla_al_ali,Tla' Al-Ali,تلاع العلي وأم السماق وخلدا,Hay Al-Salam,حي السلام,osm_street,west,jordanian,2,True,walking|communication,employed,True,764,382.2,False,car_driver,True,disabled|worker
c_0157,رامي,Rami,36,m,sweileh,32.04662,35.88781,none,True,True,high,True,08:00,16:00,middle,True,أختي,my sister,abu_nseir,Abu Nseir,أبو نصير,Abu Nseir Housing,إسكان أبو نصير,osm_street,west,jordanian,6,False,,employed,True,3282,546.9,False,car_driver,False,worker
c_0158,وفاء,Wafaa,56,f,abdali,31.95369,35.88334,none,True,True,medium,False,,,high,True,أخوي,my brother,zahran,Zahran,زهران,Hay Zahran,حي زهران,osm_street,west,jordanian,3,False,,homemaker,,7734,2578.0,False,car_driver,False,
c_0159,ماهر,Maher,18,m,sweileh,32.0252,35.88408,none,True,True,medium,False,,,middle,True,أبوي,my father,jubeiha,Jubeiha,الجبيهة,Jubeiha East,الجبيهة الشرقية,osm_street,west,jordanian,4,False,,student,,1419,354.7,False,car_driver,True,student
c_0160,سليمان,Suleiman,66,m,marka,31.95323,35.94958,none,True,True,low,False,,,low,True,حفيدي,my grandson,al_nasr,Al-Nasr,النصر,Al-Hussein Al-Sharqi,الحسين الشرقي,osm_street,east,jordanian,9,False,,retired,,1162,129.1,False,car_driver,False,elderly|low_income|offline
c_0161,يوسف,Yousef,18,m,jabal_al_hussein,31.96238,35.94916,none,False,True,medium,False,,,middle,True,أخوي,my brother,basman,Basman,بسمان,Al-Hashmi Al-Janoubi,الهاشمي الجنوبي,osm_street,east,jordanian,6,False,,student,,2601,433.6,False,service_taxi,True,no_car|student
c_0162,هالة,Hala,44,f,marka,31.96361,35.97226,none,False,True,medium,False,,,middle,False,,,marka,Marka,ماركا,Marka Al-Janoubiya,ماركا الجنوبية,osm_street,east,jordanian,4,False,,homemaker,,1302,325.5,False,car_passenger,False,no_car
c_0163,حسن,Hasan,24,m,downtown,31.93692,35.90324,none,False,True,high,False,,,middle,True,أبوي,my father,bader,Bader,بدر,Jabal Nazzal,جبل النزال,osm_street,east,jordanian,6,False,,unemployed,,1521,253.5,False,car_passenger,True,no_car|student
c_0164,جميلة,Jamila,34,f,downtown,31.93354,35.89136,none,True,True,medium,False,,,middle,True,زوجي,my husband,bader,Bader,بدر,Al-Dustour,الدستور,osm_street,east,jordanian,7,False,,homemaker,,2329,332.8,False,car_driver,True,
c_0165,ماهر,Maher,70,m,khalda,32.00003,35.86784,none,False,True,low,False,,,middle,True,ابني,my son,tla_al_ali,Tla' Al-Ali,تلاع العلي وأم السماق وخلدا,Tla' Al-Ali,تلاع العلي,osm_street,west,jordanian,4,False,,retired,,891,222.7,False,car_passenger,False,elderly|no_car|offline
c_0166,أحمد,Ahmad,19,m,khalda,31.98457,35.87752,none,True,True,high,True,08:00,15:00,high,False,,,tla_al_ali,Tla' Al-Ali,تلاع العلي وأم السماق وخلدا,Al-Gardens,الجاردنز,osm_street,west,jordanian,6,False,,employed,True,7809,1301.5,False,car_driver,False,worker
c_0167,علي,Ali,25,m,downtown,31.93939,35.91421,none,False,True,low,False,,,low,False,,,bader,Bader,بدر,Jabal Nazzal,جبل النزال,osm_street,east,jordanian,6,False,,unemployed,,633,105.5,False,car_passenger,False,low_income|no_car|offline
c_0168,آمنة,Amina,59,f,khalda,31.95662,35.82112,limited,False,False,low,True,09:00,17:00,middle,True,أخوي,my brother,wadi_al_seer,Wadi Al-Seer,وادي السير,Wadi Al-Seer,وادي السير,osm_street,west,jordanian,8,True,seeing|walking|cognition|hearing,employed,True,4170,521.3,False,car_passenger,False,disabled|no_car|offline|worker
c_0169,ريم,Reem,31,f,abdali,31.88507,35.84407,none,True,True,medium,False,,,middle,True,زوجي,my husband,marj_al_hamam,Marj Al-Hamam,مرج الحمام,Iskan Alia,إسكان عالية,osm_street,west,jordanian,5,False,,homemaker,,996,199.1,False,car_driver,False,
c_0170,خالد,Khaled,64,m,khalda,31.96915,35.838,none,True,True,medium,True,08:00,16:00,high,False,,,wadi_al_seer,Wadi Al-Seer,وادي السير,Al-Kursi,الكرسي,osm_street,west,jordanian,5,False,,employed,True,6268,1253.5,False,car_driver,False,worker
c_0171,ليث,Laith,24,m,sweileh,32.03462,35.82364,wheelchair,False,True,medium,True,09:00,17:00,middle,True,أمي,my mother,sweileh,Sweileh,صويلح,Sweileh West,صويلح الغربي,osm_street,west,jordanian,10,True,seeing|walking,employed,False,4068,406.8,False,car_passenger,False,disabled|no_car|worker
c_0172,خالد,Khaled,20,m,marka,31.96496,35.96112,none,False,True,high,False,,,middle,True,أمي,my mother,al_nasr,Al-Nasr,النصر,Jabal Al-Nasr,جبل النصر,osm_street,east,jordanian,4,False,,unemployed,,1341,335.3,False,car_passenger,True,no_car|student
c_0173,ماهر,Maher,27,m,marka,31.96141,35.98073,none,False,True,medium,True,10:00,18:00,low,True,زوجتي,my wife,marka,Marka,ماركا,Marka Al-Janoubiya,ماركا الجنوبية,osm_street,east,jordanian,8,False,,employed,False,1328,166.0,False,car_passenger,False,low_income|no_car|worker
c_0174,فادي,Fadi,49,m,marka,31.94748,35.95827,none,False,True,low,True,07:00,16:00,middle,False,,,al_nasr,Al-Nasr,النصر,Jabal Al-Taj,جبل التاج,osm_street,east,jordanian,6,False,,employed,False,1316,219.4,False,bus_brt,False,no_car|offline|worker
c_0175,فادي,Fadi,69,m,wehdat,31.85031,35.93817,none,False,False,low,False,,,low,True,بنتي,my daughter,kherbet_al_souk,Kherbet Al-Souk,خريبة السوق وجاوا واليادودة,Jawa,جاوا,osm_street,east,jordanian,6,False,,retired,,273,45.5,True,service_taxi,False,elderly|low_income|no_car|offline
c_0176,عمر,Omar,65,m,marka,31.98077,35.98349,limited,False,True,high,False,,,low,True,ابني,my son,marka,Marka,ماركا,Marka (airport side),ماركا - المطار,osm_street,east,jordanian,8,True,seeing|walking|cognition,retired,,913,114.1,False,service_taxi,True,elderly|disabled|low_income|no_car
c_0177,محمود,Mahmoud,24,m,khalda,31.98915,35.82402,none,True,True,medium,False,,,high,True,أخوي,my brother,tla_al_ali,Tla' Al-Ali,تلاع العلي وأم السماق وخلدا,Dabouq,دابوق,osm_street,west,jordanian,4,False,,student,,3874,968.6,False,car_driver,True,student
c_0178,عيسى,Issa,52,m,abdali,31.9525,35.89933,none,True,True,medium,True,07:00,16:00,high,True,أختي,my sister,zahran,Zahran,زهران,Wadi Abdoun,وادي عبدون,osm_street,west,jordanian,5,False,,employed,True,5221,1044.2,False,car_driver,False,worker
c_0179,بلال,Bilal,17,m,sweileh,32.01975,35.86478,none,False,True,medium,False,,,middle,True,أبوي,my father,jubeiha,Jubeiha,الجبيهة,University of Jordan area,منطقة الجامعة الأردنية,osm_street,west,jordanian,7,False,,student,,1925,275.0,False,bus_brt,False,no_car
c_0180,أنس,Anas,23,m,abdali,31.94213,35.86443,none,True,True,medium,False,,,middle,True,أخوي,my brother,zahran,Zahran,زهران,Deir Ghbar,دير غبار,osm_street,west,jordanian,6,False,,student,,1200,200.0,False,car_driver,True,student
c_0181,هاني,Hani,19,m,jabal_al_hussein,31.9805,35.93881,none,False,True,medium,True,09:00,17:00,middle,False,,,basman,Basman,بسمان,Jabal Al-Nuzha,جبل النزهة,osm_street,east,jordanian,5,False,,employed,True,1100,220.0,False,car_passenger,False,no_car|worker
c_0182,زينب,Zainab,23,f,wehdat,31.8901,35.89155,none,False,True,medium,False,,,low,True,أخوي,my brother,al_mgablein,Al-Mgablein,المقابلين,Al-Muqabalain,المقابلين,osm_street,east,jordanian,6,False,,student,,703,117.1,False,service_taxi,False,low_income|no_car|student
c_0183,ريم,Reem,51,f,sweileh,32.02433,35.913,none,False,True,low,False,,,middle,True,زوجي,my husband,shafa_badran,Shafa Badran,شفا بدران,Applied Science University area,منطقة جامعة العلوم التطبيقية,osm_street,west,jordanian,8,False,,homemaker,,1778,222.3,False,car_passenger,False,no_car|offline
c_0184,جمال,Jamal,53,m,marka,31.95959,35.9627,none,True,True,high,False,,,middle,False,,,al_nasr,Al-Nasr,النصر,Prince Hassan Camp,مخيم الأمير حسن,osm_street,east,jordanian,4,False,,out_of_labour_force,,1500,375.1,False,car_driver,True,
c_0185,رنا,Rana,54,f,abdali,31.99271,35.89626,none,True,True,medium,False,,,high,True,أخوي,my brother,al_abdali,Al-Abdali,العبدلي,Sport City,المدينة الرياضية,osm_street,west,jordanian,4,False,,homemaker,,3141,785.2,False,car_driver,False,
c_0186,محمد,Mohammad,20,m,tabarbour,31.99159,35.96267,none,False,True,high,True,09:00,17:00,middle,True,أبوي,my father,tariq,Tariq,طارق,Ain Ghazal,عين غزال,osm_street,east,jordanian,4,False,,employed,True,1641,410.2,False,bus_brt,True,no_car|worker
c_0187,هاني,Hani,83,m,jabal_al_hussein,31.97397,35.95361,limited,False,True,low,False,,,middle,True,بنتي,my daughter,basman,Basman,بسمان,Al-Hashmi Al-Shamali,الهاشمي الشمالي,osm_street,east,jordanian,4,True,seeing|walking|cognition,retired,,847,211.7,False,taxi,False,elderly|disabled|no_car|offline
c_0188,علي,Ali,77,m,marka,31.96655,35.9827,limited,False,False,low,False,,,low,False,,,marka,Marka,ماركا,Al-Rasha,الرشا,osm_street,east,jordanian,5,True,seeing|walking|hearing,retired,,457,91.4,True,taxi,False,elderly|disabled|low_income|no_car|offline
c_0189,ليث,Laith,17,m,wehdat,31.90125,36.02639,none,False,True,medium,False,,,low,False,,,uhod,Uhod,أحد,Al-Kashafiya,الكشافية,osm_street,east,jordanian,5,False,,student,,701,140.2,False,car_passenger,True,low_income|no_car
c_0190,يوسف,Yousef,69,m,wehdat,31.92391,35.95041,none,True,True,low,True,07:00,16:00,high,True,بنتي,my daughter,qweismeh,Qweismeh,القويسمة,Al-Qweismeh,القويسمة,osm_street,east,jordanian,5,False,,employed,False,4004,800.8,False,car_driver,False,elderly|offline|worker
c_0191,أحمد,Ahmad,44,m,wehdat,31.92899,35.9142,none,True,True,high,True,07:00,16:00,middle,False,,,ras_al_ein,Ras Al-Ein,رأس العين,Al-Zuhour,الزهور,osm_street,east,jordanian,6,False,,employed,False,1536,256.0,False,car_driver,True,worker
c_0192,عيسى,Issa,23,m,wehdat,31.93985,35.94776,none,True,True,medium,False,,,low,True,أمي,my mother,al_yarmouk,Al-Yarmouk,اليرموك,Al-Wehdat,الوحدات,osm_street,east,jordanian,8,False,,student,,1456,182.0,False,car_driver,False,low_income|student
c_0193,سليمان,Suleiman,17,m,wehdat,31.90021,35.94952,none,False,True,high,False,,,middle,False,,,qweismeh,Qweismeh,القويسمة,Al-Raqim,الرقيم,osm_street,east,jordanian,6,False,,student,,1154,192.3,False,car_passenger,True,no_car
c_0194,خالد,Khaled,46,m,sweileh,32.02999,35.87729,none,True,True,medium,False,,,high,False,,,jubeiha,Jubeiha,الجبيهة,Jubeiha East,الجبيهة الشرقية,osm_street,west,jordanian,3,False,,out_of_labour_force,,2093,697.6,False,car_driver,True,
c_0195,مريم,Maryam,32,f,khalda,31.99483,35.85652,none,False,True,high,False,,,middle,True,زوجي,my husband,tla_al_ali,Tla' Al-Ali,تلاع العلي وأم السماق وخلدا,Tla' Al-Ali,تلاع العلي,osm_street,west,jordanian,4,False,,homemaker,,1352,338.0,False,bus_brt,True,no_car
c_0196,لينا,Lina,53,f,khalda,31.99013,35.86424,none,False,True,high,False,,,low,True,أختي,my sister,tla_al_ali,Tla' Al-Ali,تلاع العلي وأم السماق وخلدا,Tla' Al-Ali,تلاع العلي,osm_street,west,jordanian,7,False,,homemaker,,609,87.0,True,car_passenger,True,low_income|no_car
c_0197,محمود,Mahmoud,44,m,sweileh,32.04295,35.9034,none,False,True,high,True,07:00,16:00,middle,True,أختي,my sister,shafa_badran,Shafa Badran,شفا بدران,Shafa Badran,شفا بدران,osm_street,west,jordanian,6,False,,employed,True,1607,267.9,False,walk,True,no_car|worker
c_0198,لينا,Lina,48,f,tabarbour,31.9888,35.96111,none,False,True,medium,False,,,middle,True,أخوي,my brother,tariq,Tariq,طارق,Ain Ghazal,عين غزال,osm_street,east,jordanian,6,False,,homemaker,,1763,293.9,False,service_taxi,False,no_car
c_0199,ليث,Laith,25,m,wehdat,31.89963,35.89047,none,False,True,high,True,07:00,16:00,low,True,أخوي,my brother,al_mgablein,Al-Mgablein,المقابلين,Al-Bunayyat Al-Shamaliya,البنيات الشمالية,osm_street,east,jordanian,7,False,,employed,False,431,61.5,True,bus_brt,False,low_income|no_car|worker
c_0200,تهاني,Tahani,62,f,khalda,31.97237,35.8488,limited,False,False,low,False,,,low,False,,,tla_al_ali,Tla' Al-Ali,تلاع العلي وأم السماق وخلدا,Umm Al-Summaq,أم السماق,osm_street,west,jordanian,6,True,seeing|walking|cognition,retired,,1036,172.7,False,car_passenger,False,disabled|low_income|no_car|offline
c_0201,رولا,Rula,41,f,khalda,31.98904,35.87103,none,True,True,high,True,07:00,16:00,high,True,زوجي,my husband,tla_al_ali,Tla' Al-Ali,تلاع العلي وأم السماق وخلدا,Tla' Al-Ali,تلاع العلي,osm_street,west,jordanian,4,False,,employed,True,2267,566.7,False,car_driver,True,worker
c_0202,نور,Noor,24,f,khalda,31.95897,35.78444,none,False,True,high,False,,,low,True,أمي,my mother,badr_al_jadeedah,Badr Al-Jadeedah,بدر الجديدة,Al-Ghurus,الغروس,osm_street,west,jordanian,6,False,,student,,861,143.4,False,taxi,True,low_income|no_car|student
c_0203,آمنة,Amina,36,f,marka,31.96499,35.97122,none,False,True,medium,False,,,middle,True,أخوي,my brother,marka,Marka,ماركا,Marka Al-Janoubiya,ماركا الجنوبية,osm_street,east,jordanian,6,False,,homemaker,,1443,240.5,False,walk,True,no_car
c_0204,عمر,Omar,22,m,abdali,31.97025,35.87585,none,False,True,high,False,,,high,False,,,zahran,Zahran,زهران,Umm Uthaina,أم أذينة,osm_street,west,jordanian,8,False,,student,,9805,1225.6,False,car_passenger,False,no_car|student
c_0205,زيد,Zaid,31,m,downtown,31.93979,35.89472,none,False,True,high,False,,,low,True,زوجتي,my wife,bader,Bader,بدر,Al-Dustour,الدستور,osm_street,east,jordanian,10,False,,out_of_labour_force,,939,93.9,True,bus_brt,True,low_income|no_car
c_0206,آمنة,Amina,43,f,khalda,31.99036,35.871,none,True,True,medium,False,,,middle,True,زوجي,my husband,tla_al_ali,Tla' Al-Ali,تلاع العلي وأم السماق وخلدا,Hay Al-Salam,حي السلام,osm_street,west,jordanian,6,False,,homemaker,,2060,343.4,False,car_driver,True,
c_0207,مصطفى,Mustafa,27,m,khalda,32.00149,35.86338,none,False,True,high,True,08:00,16:00,middle,True,زوجتي,my wife,tla_al_ali,Tla' Al-Ali,تلاع العلي وأم السماق وخلدا,Tla' Al-Ali,تلاع العلي,osm_street,west,jordanian,7,False,,employed,False,2755,393.6,False,taxi,True,no_car|worker
c_0208,أم محمد,Um Mohammad,34,f,downtown,31.93223,35.89613,none,False,True,medium,False,,,low,False,,,bader,Bader,بدر,Al-Hilal,الهلال,osm_street,east,jordanian,8,False,,homemaker,,720,90.0,True,walk,True,low_income|no_car
c_0209,أم محمد,Um Mohammad,74,f,sweileh,32.02746,35.8372,none,False,True,low,False,,,high,True,بنتي,my daughter,sweileh,Sweileh,صويلح,Sweileh West,صويلح الغربي,osm_street,west,jordanian,6,True,seeing|cognition|hearing,retired,,4408,734.7,False,service_taxi,False,elderly|no_car|offline
c_0210,سامي,Sami,46,m,abdali,31.95889,35.92144,none,True,True,medium,True,07:00,16:00,high,True,زوجتي,my wife,al_abdali,Al-Abdali,العبدلي,Al-Abdali,العبدلي,osm_street,west,jordanian,6,False,,employed,False,4842,807.0,False,car_driver,True,worker
c_0211,نبيل,Nabil,44,m,wehdat,31.944,35.92315,limited,False,True,high,True,07:00,16:00,low,True,زوجتي,my wife,al_yarmouk,Al-Yarmouk,اليرموك,Jabal Al-Ashrafiyeh,جبل الأشرفية,osm_street,east,jordanian,3,True,seeing|walking,employed,True,465,155.2,False,bus_brt,True,disabled|low_income|no_car|worker
c_0212,ليلى,Layla,26,f,sweileh,32.03132,35.83025,none,False,True,medium,False,,,middle,True,أخوي,my brother,sweileh,Sweileh,صويلح,Sweileh West,صويلح الغربي,osm_street,west,jordanian,6,False,,homemaker,,1633,272.2,False,car_passenger,True,no_car
c_0213,ماهر,Maher,61,m,sweileh,32.02489,35.8296,limited,False,True,low,False,,,low,False,,,sweileh,Sweileh,صويلح,Sweileh West,صويلح الغربي,osm_street,west,jordanian,7,True,seeing|walking|cognition,retired,,834,119.1,False,car_passenger,False,disabled|low_income|no_car|offline
c_0214,محمد,Mohammad,74,m,wehdat,31.9381,35.94066,limited,False,True,medium,False,,,low,True,ابني,my son,al_yarmouk,Al-Yarmouk,اليرموك,Al-Hilal (east),الهلال,osm_street,east,jordanian,6,True,seeing|walking,retired,,744,124.1,False,car_passenger,False,elderly|disabled|low_income|no_car
c_0215,طارق,Tareq,60,m,jabal_al_hussein,31.95184,35.95383,none,False,True,low,True,10:00,18:00,middle,True,ابني,my son,basman,Basman,بسمان,Al-Hashmi Al-Janoubi,الهاشمي الجنوبي,osm_street,east,jordanian,5,True,seeing|hearing,employed,False,1802,360.5,False,bus_brt,False,no_car|offline|worker
c_0216,سامي,Sami,72,m,marka,31.96563,35.98413,none,False,True,high,False,,,low,True,ابني,my son,marka,Marka,ماركا,Marka Al-Janoubiya,ماركا الجنوبية,osm_street,east,jordanian,7,False,,retired,,606,86.5,True,service_taxi,True,elderly|low_income|no_car
c_0217,زينب,Zainab,18,f,wehdat,31.91353,35.96616,none,True,True,medium,False,,,low,True,أمي,my mother,qweismeh,Qweismeh,القويسمة,Jabal Al-Hadid,جبل الحديد,osm_street,east,jordanian,8,False,,unemployed,,1132,141.5,False,car_driver,True,low_income|student
c_0218,سارة,Sara,64,f,khalda,31.97163,35.84272,none,True,False,low,False,,,middle,True,ابني,my son,wadi_al_seer,Wadi Al-Seer,وادي السير,Al-Kursi,الكرسي,osm_street,west,jordanian,6,False,,retired,,1862,310.3,False,car_driver,False,offline
c_0219,نادية,Nadia,19,f,khalda,31.98285,35.84989,none,True,True,medium,False,,,middle,True,أبوي,my father,tla_al_ali,Tla' Al-Ali,تلاع العلي وأم السماق وخلدا,Umm Al-Summaq,أم السماق,osm_street,west,jordanian,5,False,,student,,1460,292.0,False,car_driver,False,student
c_0220,فاطمة,Fatima,35,f,jabal_al_hussein,31.97926,35.93406,none,True,True,medium,True,07:00,16:00,high,True,جاري,my neighbour,basman,Basman,بسمان,Jabal Al-Nuzha,جبل النزهة,osm_street,east,jordanian,7,False,,employed,True,4842,691.7,False,car_driver,False,worker
c_0221,آمنة,Amina,22,f,sweileh,32.00517,35.81868,none,False,True,high,False,,,middle,True,أمي,my mother,sweileh,Sweileh,صويلح,Al-Kamaliyeh,الكمالية,osm_street,west,jordanian,7,False,,student,,2190,312.9,False,car_passenger,False,no_car|student
c_0222,سعاد,Suad,35,f,jabal_al_hussein,31.97094,35.95609,none,False,True,low,False,,,low,False,,,basman,Basman,بسمان,Al-Hashmi Al-Shamali,الهاشمي الشمالي,osm_street,east,jordanian,7,False,,homemaker,,1334,190.6,False,bus_brt,False,low_income|no_car|offline
c_0223,عيسى,Issa,26,m,wehdat,31.90185,35.96206,limited,True,True,high,False,,,low,True,زوجتي,my wife,qweismeh,Qweismeh,القويسمة,Abu Alanda,أبو علندا,osm_street,east,jordanian,7,True,seeing|walking|cognition,unemployed,,967,138.2,False,car_driver,False,disabled|low_income
c_0224,سميرة,Samira,25,f,khalda,31.98102,35.83476,limited,False,True,medium,False,,,high,True,زوجي,my husband,tla_al_ali,Tla' Al-Ali,تلاع العلي وأم السماق وخلدا,Dabouq,دابوق,osm_street,west,jordanian,9,True,seeing|walking,homemaker,,5298,588.6,False,car_passenger,True,disabled|no_car
c_0225,هاني,Hani,45,m,abdali,31.98315,35.89602,none,True,True,high,True,08:00,15:00,high,True,أختي,my sister,al_abdali,Al-Abdali,العبدلي,Al-Abdaliyeh,العبدلية,osm_street,west,jordanian,3,False,,employed,False,8783,2927.6,False,car_driver,False,worker
c_0226,سميرة,Samira,27,f,wehdat,31.93072,35.9175,none,False,True,medium,False,,,low,True,أختي,my sister,ras_al_ein,Ras Al-Ein,رأس العين,Al-Zuhour,الزهور,osm_street,east,jordanian,8,False,,homemaker,,626,78.2,True,car_passenger,True,low_income|no_car
c_0227,فادي,Fadi,55,m,marka,31.96511,35.97,none,True,True,low,True,08:00,16:00,middle,True,أخوي,my brother,al_nasr,Al-Nasr,النصر,Jabal Al-Nasr,جبل النصر,osm_street,east,jordanian,5,False,,employed,True,2146,429.1,False,car_driver,False,offline|worker
c_0228,رهف,Rahaf,18,f,sweileh,32.02326,35.87334,none,True,True,high,False,,,middle,True,أخوي,my brother,jubeiha,Jubeiha,الجبيهة,Jubeiha East,الجبيهة الشرقية,osm_street,west,jordanian,7,False,,unemployed,,2513,358.9,False,car_driver,True,student
c_0229,سليمان,Suleiman,16,m,jabal_al_hussein,31.97937,35.9633,none,False,True,medium,False,,,low,True,أبوي,my father,basman,Basman,بسمان,Al-Qusour,القصور,osm_street,east,jordanian,6,False,,unemployed,,965,160.9,False,bus_brt,False,low_income|no_car
c_0230,إبراهيم,Ibrahim,27,m,jabal_al_hussein,31.9698,35.96533,none,True,True,medium,True,09:00,17:00,middle,True,زوجتي,my wife,basman,Basman,بسمان,Al-Mahatta,المحطة,osm_street,east,jordanian,8,False,,employed,False,2948,368.6,False,car_driver,False,worker
c_0231,نور,Noor,33,f,marka,31.96957,35.95175,none,False,True,medium,False,,,low,True,أختي,my sister,al_nasr,Al-Nasr,النصر,Prince Hassan Camp,مخيم الأمير حسن,osm_street,east,jordanian,9,False,,homemaker,,1016,112.9,False,service_taxi,True,low_income|no_car
c_0232,أحمد,Ahmad,17,m,sweileh,32.02335,35.88486,none,False,True,high,False,,,middle,True,أخوي,my brother,jubeiha,Jubeiha,الجبيهة,Jubeiha East,الجبيهة الشرقية,osm_street,west,jordanian,4,False,,student,,1620,405.0,False,bus_brt,True,no_car
c_0233,سليمان,Suleiman,29,m,khalda,31.95244,35.76961,none,True,True,medium,True,10:00,18:00,middle,True,زوجتي,my wife,badr_al_jadeedah,Badr Al-Jadeedah,بدر الجديدة,Al-Suwaysa,السويسة,osm_street,west,jordanian,5,False,,employed,True,972,194.3,False,car_driver,False,worker
c_0234,دانا,Dana,47,f,marka,31.96148,35.95562,none,True,True,medium,False,,,high,True,أخوي,my brother,al_nasr,Al-Nasr,النصر,Jabal Al-Taj,جبل التاج,osm_street,east,jordanian,4,False,,unemployed,,2827,706.8,False,car_driver,False,
c_0235,وفاء,Wafaa,26,f,marka,31.97672,35.97775,none,False,True,high,False,,,high,True,أخوي,my brother,marka,Marka,ماركا,Marka Al-Janoubiya,ماركا الجنوبية,osm_street,east,jordanian,3,False,,homemaker,,1786,595.4,False,walk,True,no_car
c_0236,رهف,Rahaf,17,f,khalda,31.97935,35.86978,none,False,True,medium,False,,,middle,False,,,tla_al_ali,Tla' Al-Ali,تلاع العلي وأم السماق وخلدا,Hay Al-Salam,حي السلام,osm_street,west,jordanian,7,False,,student,,1701,243.1,False,walk,False,no_car
c_0237,نبيل,Nabil,21,m,sweileh,32.02815,35.87629,none,True,True,high,False,,,middle,True,أخوي,my brother,jubeiha,Jubeiha,الجبيهة,Jubeiha East,الجبيهة الشرقية,osm_street,west,jordanian,3,False,,student,,1275,425.1,False,car_driver,False,student
c_0238,وفاء,Wafaa,35,f,wehdat,31.87464,35.9292,limited,False,False,low,False,,,high,True,جاري,my neighbour,kherbet_al_souk,Kherbet Al-Souk,خريبة السوق وجاوا واليادودة,Khraibet Al-Souk,خريبة السوق,osm_street,east,jordanian,6,True,seeing|walking|cognition,homemaker,,3972,661.9,False,bus_brt,False,disabled|no_car|offline
c_0239,سارة,Sara,19,f,sweileh,32.0297,35.83673,none,True,True,medium,False,,,middle,True,أمي,my mother,sweileh,Sweileh,صويلح,Sweileh,صويلح,osm_street,west,jordanian,4,False,,student,,1640,409.9,False,car_driver,False,student
c_0240,ماهر,Maher,28,m,wehdat,31.86425,35.91996,none,True,True,medium,False,,,low,True,أخوي,my brother,kherbet_al_souk,Kherbet Al-Souk,خريبة السوق وجاوا واليادودة,Al-Yadudeh,اليادودة,osm_street,east,jordanian,5,False,,out_of_labour_force,,683,136.6,False,car_driver,False,low_income
c_0241,عمر,Omar,22,m,jabal_al_hussein,31.96992,35.94478,none,True,True,medium,False,,,middle,True,أبوي,my father,basman,Basman,بسمان,Al-Hashmi Al-Shamali,الهاشمي الشمالي,osm_street,east,jordanian,8,False,,student,,1548,193.5,False,car_driver,True,student
c_0242,طارق,Tareq,18,m,wehdat,31.92665,35.9607,none,False,True,high,False,,,middle,True,أبوي,my father,qweismeh,Qweismeh,القويسمة,Al-Qweismeh,القويسمة,osm_street,east,jordanian,6,False,,student,,2067,344.5,False,car_passenger,False,no_car|student
c_0243,رامي,Rami,18,m,jabal_al_hussein,31.97543,35.94716,none,False,True,high,False,,,low,True,أمي,my mother,basman,Basman,بسمان,Al-Hashmi Al-Shamali,الهاشمي الشمالي,osm_street,east,jordanian,6,False,,student,,735,122.5,False,taxi,True,low_income|no_car|student
c_0244,علي,Ali,32,m,khalda,31.99478,35.87181,none,True,True,medium,True,08:00,16:00,high,False,,,tla_al_ali,Tla' Al-Ali,تلاع العلي وأم السماق وخلدا,Tla' Al-Ali,تلاع العلي,osm_street,west,jordanian,7,False,,employed,False,4987,712.4,False,car_driver,False,worker
c_0245,رامي,Rami,28,m,khalda,31.98609,35.83219,none,True,True,medium,False,,,high,False,,,tla_al_ali,Tla' Al-Ali,تلاع العلي وأم السماق وخلدا,Dabouq,دابوق,osm_street,west,jordanian,6,False,,unemployed,,3850,641.7,False,car_driver,True,
c_0246,سميرة,Samira,67,f,downtown,31.94034,35.94488,none,False,True,low,False,,,low,False,,,al_madinah,Al-Madinah,المدينة,Jabal Al-Jofeh,جبل الجوفة,osm_street,east,jordanian,7,False,,retired,,647,92.4,True,car_passenger,False,elderly|low_income|no_car|offline
c_0247,دانا,Dana,69,f,jabal_al_hussein,31.97277,35.94069,limited,False,True,medium,False,,,middle,True,حفيدي,my grandson,basman,Basman,بسمان,Jabal Al-Nuzha,جبل النزهة,osm_street,east,jordanian,3,True,walking,retired,,728,242.6,False,service_taxi,False,elderly|disabled|no_car
c_0248,فاطمة,Fatima,23,f,tabarbour,32.02901,35.92935,none,False,True,high,False,,,low,False,,,tariq,Tariq,طارق,Dahiyat Al-Amir Hamzeh,ضاحية الأمير حمزة,osm_street,east,jordanian,9,False,,student,,1616,179.5,False,walk,False,low_income|no_car|student
c_0249,ليلى,Layla,39,f,jabal_al_hussein,31.96452,35.9795,none,False,True,medium,False,,,middle,True,زوجي,my husband,basman,Basman,بسمان,Al-Mahatta,المحطة,osm_street,east,jordanian,3,False,,homemaker,,1451,483.8,False,taxi,False,no_car
c_0250,ليلى,Layla,23,f,tabarbour,31.98542,35.95276,none,True,True,medium,False,,,high,True,أبوي,my father,tariq,Tariq,طارق,Ain Ghazal,عين غزال,osm_street,east,jordanian,5,False,,student,,4525,905.0,False,car_driver,False,student
c_0251,يوسف,Yousef,64,m,abdali,31.88835,35.85194,none,True,True,low,False,,,high,True,بنتي,my daughter,marj_al_hamam,Marj Al-Hamam,مرج الحمام,Iskan Alia,إسكان عالية,osm_street,west,jordanian,6,True,seeing|cognition,retired,,5602,933.7,False,car_driver,False,offline
c_0252,أم محمد,Um Mohammad,18,f,wehdat,31.93405,35.93834,none,False,True,medium,False,,,middle,True,أخوي,my brother,al_yarmouk,Al-Yarmouk,اليرموك,Al-Wehdat,الوحدات,osm_street,east,jordanian,6,True,seeing|cognition|hearing|self_care,student,,1225,204.1,False,walk,False,no_car|student
c_0253,ريم,Reem,39,f,khalda,31.96658,35.82759,none,False,True,medium,False,,,middle,True,أخوي,my brother,wadi_al_seer,Wadi Al-Seer,وادي السير,Al-Kursi,الكرسي,osm_street,west,jordanian,8,False,,homemaker,,2915,364.4,False,car_passenger,True,no_car
c_0254,مريم,Maryam,37,f,wehdat,31.89268,35.94245,none,True,True,medium,False,,,middle,True,أخوي,my brother,qweismeh,Qweismeh,القويسمة,Al-Raqim,الرقيم,osm_street,east,jordanian,5,False,,homemaker,,2742,548.4,False,car_driver,True,
c_0255,أحمد,Ahmad,47,m,sweileh,32.03006,35.9088,none,True,True,high,True,08:00,16:00,middle,False,,,shafa_badran,Shafa Badran,شفا بدران,Applied Science University area,منطقة جامعة العلوم التطبيقية,osm_street,west,jordanian,7,False,,employed,True,1727,246.7,False,car_driver,True,worker
c_0256,حسن,Hasan,27,m,jabal_al_hussein,31.9611,35.9542,none,True,True,high,True,07:00,16:00,middle,True,زوجتي,my wife,basman,Basman,بسمان,Al-Hashmi Al-Janoubi,الهاشمي الجنوبي,osm_street,east,jordanian,5,False,,employed,True,1550,310.1,False,car_driver,False,worker
c_0257,سليمان,Suleiman,18,m,khalda,31.95784,35.84039,none,True,True,high,False,,,high,True,أبوي,my father,wadi_al_seer,Wadi Al-Seer,وادي السير,Al-Bayader,البيادر,osm_street,west,jordanian,2,False,,unemployed,,2909,1454.3,False,car_driver,False,student
c_0258,إبراهيم,Ibrahim,24,m,wehdat,31.92223,35.92319,none,True,True,high,False,,,high,False,,,ras_al_ein,Ras Al-Ein,رأس العين,Jabal Al-Rawda,جبل الروضة,osm_street,east,jordanian,1,False,,student,,1853,1853.2,False,car_driver,True,student
c_0259,محمد,Mohammad,21,m,khalda,31.95184,35.82858,none,False,True,medium,True,10:00,18:00,high,False,,,wadi_al_seer,Wadi Al-Seer,وادي السير,Wadi Al-Seer,وادي السير,osm_street,west,jordanian,4,False,,employed,False,8157,2039.3,False,car_passenger,False,no_car|worker
c_0260,نبيل,Nabil,16,m,wehdat,31.8648,35.92512,none,False,True,high,False,,,middle,True,أبوي,my father,kherbet_al_souk,Kherbet Al-Souk,خريبة السوق وجاوا واليادودة,Khraibet Al-Souk,خريبة السوق,osm_street,east,jordanian,5,False,,student,,1244,248.8,False,taxi,True,no_car
c_0261,رامي,Rami,28,m,wehdat,31.89067,35.93691,none,False,True,high,True,07:00,16:00,middle,True,زوجتي,my wife,qweismeh,Qweismeh,القويسمة,Al-Jweideh,الجويدة,osm_street,east,jordanian,9,False,,employed,False,1812,201.3,False,car_passenger,False,no_car|worker
c_0262,جمال,Jamal,24,m,marka,31.96511,35.98205,none,False,True,medium,False,,,high,True,أمي,my mother,marka,Marka,ماركا,Marka Al-Janoubiya,ماركا الجنوبية,osm_street,east,jordanian,2,False,,student,,1696,848.1,False,car_passenger,False,no_car|student
c_0263,يوسف,Yousef,43,m,downtown,31.94337,35.9112,none,True,True,high,True,08:00,16:00,middle,True,أختي,my sister,bader,Bader,بدر,Jabal Nazzal,جبل النزال,osm_street,east,jordanian,4,False,,employed,False,1963,490.7,False,car_driver,True,worker
c_0264,جميلة,Jamila,40,f,wehdat,31.94011,35.92133,none,True,True,high,False,,,middle,True,أخوي,my brother,ras_al_ein,Ras Al-Ein,رأس العين,Jabal Al-Nadhif,جبل النظيف,osm_street,east,jordanian,5,False,,homemaker,,1724,344.7,False,car_driver,True,
c_0265,تهاني,Tahani,45,f,downtown,31.93274,35.90886,none,True,True,medium,True,09:00,17:00,low,False,,,bader,Bader,بدر,Jabal Nazzal,جبل النزال,osm_street,east,jordanian,7,False,,employed,False,936,133.7,False,car_driver,True,low_income|worker
c_0266,حسن,Hasan,50,m,wehdat,31.88911,35.94063,none,True,True,high,True,08:00,16:00,high,True,زوجتي,my wife,qweismeh,Qweismeh,القويسمة,Al-Jweideh,الجويدة,osm_street,east,jordanian,4,False,,employed,False,6101,1525.3,False,car_driver,True,worker
c_0267,خالد,Khaled,65,m,wehdat,31.95171,35.92196,none,False,True,low,False,,,middle,True,بنتي,my daughter,al_yarmouk,Al-Yarmouk,اليرموك,Jabal Al-Ashrafiyeh,جبل الأشرفية,osm_street,east,jordanian,6,False,,retired,,2063,343.8,False,car_passenger,False,elderly|no_car|offline
c_0268,سامي,Sami,21,m,jabal_al_hussein,31.98773,35.95892,none,False,True,medium,False,,,low,False,,,basman,Basman,بسمان,Al-Qusour,القصور,osm_street,east,jordanian,8,False,,unemployed,,1441,180.2,False,car_passenger,True,low_income|no_car|student
c_0269,فاطمة,Fatima,37,f,khalda,31.98369,35.83613,none,False,True,high,True,08:00,16:00,middle,False,,,tla_al_ali,Tla' Al-Ali,تلاع العلي وأم السماق وخلدا,Dabouq,دابوق,osm_street,west,jordanian,5,False,,employed,False,2253,450.5,False,car_passenger,True,no_car|worker
c_0270,مريم,Maryam,42,f,marka,31.95419,35.94429,none,False,True,low,False,,,low,False,,,al_nasr,Al-Nasr,النصر,Al-Hussein Al-Sharqi,الحسين الشرقي,osm_street,east,jordanian,6,False,,homemaker,,1111,185.1,False,service_taxi,False,low_income|no_car|offline
c_0271,ليث,Laith,77,m,downtown,31.93187,35.90158,limited,False,False,low,False,,,low,True,جاري,my neighbour,bader,Bader,بدر,Al-Dustour,الدستور,osm_street,east,jordanian,7,True,seeing|walking|cognition,retired,,757,108.2,False,service_taxi,False,elderly|disabled|low_income|no_car|offline
c_0272,فادي,Fadi,49,m,wehdat,31.91908,35.95818,none,True,True,high,False,,,middle,True,أخوي,my brother,qweismeh,Qweismeh,القويسمة,Al-Qweismeh,القويسمة,osm_street,east,jordanian,7,False,,out_of_labour_force,,2099,299.9,False,car_driver,False,
c_0273,فادي,Fadi,41,m,jabal_al_hussein,31.97193,35.94738,none,True,True,high,True,07:00,16:00,middle,True,أخوي,my brother,basman,Basman,بسمان,Al-Hashmi Al-Shamali,الهاشمي الشمالي,osm_street,east,jordanian,7,False,,employed,False,1386,198.1,False,car_driver,True,worker
c_0274,رنا,Rana,18,f,khalda,31.97203,35.84598,none,False,True,high,False,,,low,True,أمي,my mother,tla_al_ali,Tla' Al-Ali,تلاع العلي وأم السماق وخلدا,Umm Al-Summaq,أم السماق,osm_street,west,jordanian,8,False,,student,,1404,175.6,False,bus_brt,False,low_income|no_car|student
c_0275,محمد,Mohammad,31,m,downtown,31.93143,35.91431,none,True,True,medium,False,,,low,False,,,bader,Bader,بدر,Al-Qwesmeh road side,طريق المطار - بدر,osm_street,east,jordanian,6,False,,unemployed,,903,150.5,False,car_driver,False,low_income
c_0276,رولا,Rula,69,f,khalda,31.94782,35.86853,none,False,True,low,False,,,middle,True,ابني,my son,wadi_al_seer,Wadi Al-Seer,وادي السير,Al-Sweifieh,الصويفية,osm_street,west,jordanian,8,False,,retired,,3231,403.9,False,bus_brt,False,elderly|no_car|offline
c_0277,سامي,Sami,20,m,downtown,31.93407,35.88847,none,False,True,medium,False,,,middle,True,أخوي,my brother,bader,Bader,بدر,Al-Dustour,الدستور,osm_street,east,jordanian,6,False,,student,,2353,392.1,False,bus_brt,False,no_car|student
c_0278,فادي,Fadi,48,m,khalda,31.99623,35.868,none,True,True,medium,False,,,high,True,أخوي,my brother,tla_al_ali,Tla' Al-Ali,تلاع العلي وأم السماق وخلدا,Tla' Al-Ali,تلاع العلي,osm_street,west,jordanian,4,False,,out_of_labour_force,,3924,981.0,False,car_driver,True,
c_0279,زيد,Zaid,39,m,wehdat,31.9042,35.96809,none,False,True,high,True,07:00,16:00,low,False,,,qweismeh,Qweismeh,القويسمة,Abu Alanda,أبو علندا,osm_street,east,jordanian,8,False,,employed,True,943,117.9,False,bus_brt,False,low_income|no_car|worker
c_0280,جميلة,Jamila,42,f,jabal_al_hussein,31.97401,35.94159,none,False,True,high,False,,,high,True,زوجي,my husband,basman,Basman,بسمان,Jabal Al-Nuzha,جبل النزهة,osm_street,east,jordanian,5,False,,homemaker,,2839,567.9,False,taxi,True,no_car
c_0281,إبراهيم,Ibrahim,29,m,sweileh,32.01604,35.8726,none,True,True,medium,False,,,middle,False,,,jubeiha,Jubeiha,الجبيهة,University of Jordan area,منطقة الجامعة الأردنية,osm_street,west,jordanian,6,False,,out_of_labour_force,,2981,496.8,False,car_driver,True,
c_0282,أحمد,Ahmad,59,m,wehdat,31.94493,35.92927,none,True,True,medium,False,,,high,False,,,ras_al_ein,Ras Al-Ein,رأس العين,Jabal Al-Nadhif,جبل النظيف,osm_street,east,jordanian,4,False,,out_of_labour_force,,3205,801.2,False,car_driver,True,
c_0283,رنا,Rana,57,f,wehdat,31.88958,35.93262,limited,True,True,high,False,,,low,True,أخوي,my brother,qweismeh,Qweismeh,القويسمة,Al-Jweideh,الجويدة,osm_street,east,jordanian,7,True,walking,homemaker,,807,115.3,False,car_driver,True,disabled|low_income
c_0284,مريم,Maryam,86,f,wehdat,31.92485,35.95556,none,False,True,medium,False,,,low,True,ابني,my son,al_yarmouk,Al-Yarmouk,اليرموك,Hay Al-Awda,حي العودة,osm_street,east,jordanian,4,False,,retired,,311,77.7,True,taxi,False,elderly|low_income|no_car
c_0285,خالد,Khaled,19,m,abdali,31.97471,35.88958,none,True,True,medium,True,09:00,17:00,high,True,أبوي,my father,al_abdali,Al-Abdali,العبدلي,Al-Shmeisani,الشميساني,osm_street,west,jordanian,7,False,,employed,True,6297,899.6,False,car_driver,False,worker
c_0286,جمال,Jamal,42,m,sweileh,32.02085,35.87572,none,False,True,medium,True,08:00,16:00,high,False,,,jubeiha,Jubeiha,الجبيهة,University of Jordan area,منطقة الجامعة الأردنية,osm_street,west,jordanian,2,False,,employed,True,1258,629.1,False,bus_brt,False,no_car|worker
c_0287,مريم,Maryam,23,f,abdali,31.96306,35.91733,none,True,True,medium,False,,,middle,False,,,al_abdali,Al-Abdali,العبدلي,Jabal Al-Weibdeh,جبل اللويبدة,osm_street,west,jordanian,5,False,,student,,1797,359.5,False,car_driver,False,student
c_0288,زينب,Zainab,44,f,abdali,31.98289,35.89734,none,False,True,medium,False,,,middle,False,,,al_abdali,Al-Abdali,العبدلي,Sport City,المدينة الرياضية,osm_street,west,jordanian,4,False,,homemaker,,1050,262.6,False,car_passenger,False,no_car
c_0289,سامي,Sami,67,m,wehdat,31.93018,35.95233,none,False,True,low,False,,,low,True,ابني,my son,al_yarmouk,Al-Yarmouk,اليرموك,Al-Wehdat,الوحدات,osm_street,east,jordanian,8,False,,retired,,1444,180.4,False,car_passenger,False,elderly|low_income|no_car|offline
c_0290,فادي,Fadi,30,m,khalda,31.98118,35.83838,none,True,True,medium,True,08:00,16:00,middle,True,أخوي,my brother,tla_al_ali,Tla' Al-Ali,تلاع العلي وأم السماق وخلدا,Umm Al-Summaq,أم السماق,osm_street,west,jordanian,5,False,,employed,True,1922,384.4,False,car_driver,True,worker
c_0291,ليث,Laith,49,m,khalda,31.9516,35.76549,none,False,True,medium,True,08:00,15:00,middle,False,,,badr_al_jadeedah,Badr Al-Jadeedah,بدر الجديدة,Al-Suwaysa,السويسة,osm_street,west,jordanian,9,False,,employed,False,3296,366.2,False,car_passenger,False,no_car|worker
c_0292,خالد,Khaled,22,m,abdali,31.98433,35.89459,none,True,True,medium,False,,,middle,False,,,al_abdali,Al-Abdali,العبدلي,Sport City,المدينة الرياضية,osm_street,west,jordanian,5,False,,student,,1244,248.8,False,car_driver,False,student
c_0293,آمنة,Amina,26,f,sweileh,32.02081,35.86655,none,True,True,medium,False,,,high,True,أختي,my sister,jubeiha,Jubeiha,الجبيهة,Al-Jubeiha,الجبيهة,osm_street,west,jordanian,5,False,,homemaker,,7602,1520.4,False,car_driver,False,
c_0294,زينب,Zainab,31,f,wehdat,31.88768,35.93396,none,True,True,medium,False,,,middle,False,,,qweismeh,Qweismeh,القويسمة,Al-Jweideh,الجويدة,osm_street,east,jordanian,6,False,,homemaker,,1621,270.1,False,car_driver,True,
c_0295,سعاد,Suad,61,f,sweileh,32.01827,35.83869,none,False,True,low,False,,,high,True,بنتي,my daughter,sweileh,Sweileh,صويلح,Sweileh,صويلح,osm_street,west,jordanian,4,False,,retired,,2411,602.8,False,car_passenger,False,no_car|offline
c_0296,جمال,Jamal,40,m,jabal_al_hussein,31.97548,35.93404,none,False,True,medium,True,08:00,15:00,middle,True,زوجتي,my wife,basman,Basman,بسمان,Jabal Al-Nuzha,جبل النزهة,osm_street,east,jordanian,5,False,,employed,True,1546,309.3,False,car_passenger,False,no_car|worker
c_0297,زيد,Zaid,44,m,marka,31.9512,35.94652,none,True,True,high,False,,,high,True,صاحبي,my friend,al_nasr,Al-Nasr,النصر,Al-Hussein Al-Sharqi,الحسين الشرقي,osm_street,east,jordanian,1,False,,out_of_labour_force,,907,906.8,False,car_driver,True,
c_0298,بلال,Bilal,30,m,downtown,31.93511,35.89805,none,True,True,medium,True,08:00,15:00,high,True,أخوي,my brother,bader,Bader,بدر,Jabal Nazzal,جبل النزال,osm_street,east,jordanian,3,False,,employed,False,1878,626.0,False,car_driver,False,worker
c_0299,رهف,Rahaf,18,f,downtown,31.93354,35.89436,none,False,True,medium,False,,,low,True,أخوي,my brother,bader,Bader,بدر,Al-Hilal,الهلال,osm_street,east,jordanian,4,False,,student,,265,66.3,True,bus_brt,False,low_income|no_car|student
c_0300,رهف,Rahaf,45,f,sweileh,32.01094,35.82812,none,False,True,medium,False,,,middle,True,أخوي,my brother,sweileh,Sweileh,صويلح,Al-Kamaliyeh,الكمالية,osm_street,west,jordanian,10,False,,homemaker,,3590,359.0,False,walk,False,no_car
c_0301,نبيل,Nabil,24,m,wehdat,31.90022,35.94954,none,True,True,high,False,,,low,True,أبوي,my father,qweismeh,Qweismeh,القويسمة,Al-Raqim,الرقيم,osm_street,east,jordanian,9,False,,student,,1221,135.7,False,car_driver,True,low_income|student
c_0302,لينا,Lina,43,f,wehdat,31.92482,35.94171,none,False,True,medium,True,08:00,15:00,low,True,أخوي,my brother,al_yarmouk,Al-Yarmouk,اليرموك,Hay Al-Awda,حي العودة,osm_street,east,jordanian,8,False,,employed,True,1382,172.8,False,walk,True,low_income|no_car|worker
c_0303,أم محمد,Um Mohammad,33,f,wehdat,31.92414,35.955,none,True,True,high,False,,,low,True,زوجي,my husband,qweismeh,Qweismeh,القويسمة,Al-Qweismeh,القويسمة,osm_street,east,jordanian,5,False,,homemaker,,439,87.8,True,car_driver,True,low_income
c_0304,خديجة,Khadija,34,f,wehdat,31.91292,35.9587,none,False,True,high,True,09:00,17:00,low,True,زوجي,my husband,qweismeh,Qweismeh,القويسمة,Jabal Al-Hadid,جبل الحديد,osm_street,east,jordanian,6,False,,employed,True,975,162.5,False,walk,True,low_income|no_car|worker
c_0305,سلمى,Salma,30,f,jabal_al_hussein,31.96254,35.9513,none,False,True,high,False,,,middle,False,,,basman,Basman,بسمان,Al-Hashmi Al-Janoubi,الهاشمي الجنوبي,osm_street,east,jordanian,6,False,,homemaker,,2453,408.8,False,bus_brt,True,no_car
c_0306,خديجة,Khadija,32,f,downtown,31.94257,35.90459,none,False,True,high,True,09:00,17:00,low,False,,,bader,Bader,بدر,Jabal Nazzal,جبل النزال,osm_street,east,jordanian,9,False,,employed,False,1533,170.3,False,car_passenger,False,low_income|no_car|worker
c_0307,ليلى,Layla,56,f,sweileh,32.02618,35.9064,none,False,True,low,False,,,high,False,,,shafa_badran,Shafa Badran,شفا بدران,Applied Science University area,منطقة جامعة العلوم التطبيقية,osm_street,west,jordanian,5,False,,homemaker,,3201,640.2,False,car_passenger,False,no_car|offline
c_0308,يوسف,Yousef,23,m,khalda,31.95538,35.86121,none,False,True,medium,False,,,low,False,,,wadi_al_seer,Wadi Al-Seer,وادي السير,Al-Sweifieh,الصويفية,osm_street,west,jordanian,6,False,,unemployed,,340,56.6,True,taxi,False,low_income|no_car|student
c_0309,أحمد,Ahmad,39,m,abdali,31.89197,35.84202,none,True,True,medium,True,07:00,16:00,middle,False,,,marj_al_hamam,Marj Al-Hamam,مرج الحمام,Iskan Alia,إسكان عالية,osm_street,west,jordanian,6,False,,employed,False,1752,291.9,False,car_driver,True,worker
c_0310,إبراهيم,Ibrahim,28,m,khalda,31.95668,35.85566,none,True,True,high,True,10:00,18:00,middle,True,زوجتي,my wife,wadi_al_seer,Wadi Al-Seer,وادي السير,Al-Rawabi,الروابي,osm_street,west,jordanian,4,False,,employed,False,2019,504.8,False,car_driver,True,worker
c_0311,جمال,Jamal,68,m,jabal_al_hussein,31.96269,35.97031,none,False,True,low,False,,,low,False,,,basman,Basman,بسمان,Al-Mahatta,المحطة,osm_street,east,jordanian,5,True,seeing,retired,,460,91.9,True,service_taxi,False,elderly|low_income|no_car|offline
c_0312,نبيل,Nabil,38,m,marka,31.96191,35.95519,none,False,True,high,True,07:00,16:00,low,True,جاري,my neighbour,al_nasr,Al-Nasr,النصر,Jabal Al-Taj,جبل التاج,osm_street,east,jordanian,4,False,,employed,True,764,191.1,False,walk,False,low_income|no_car|worker
c_0313,يوسف,Yousef,30,m,abdali,31.97597,35.90248,none,True,True,low,True,08:00,15:00,high,False,,,al_abdali,Al-Abdali,العبدلي,Al-Abdaliyeh,العبدلية,osm_street,west,jordanian,5,False,,employed,False,3175,635.1,False,car_driver,False,offline|worker
c_0314,فاطمة,Fatima,36,f,khalda,31.97935,35.87771,none,True,True,medium,False,,,high,True,أخوي,my brother,tla_al_ali,Tla' Al-Ali,تلاع العلي وأم السماق وخلدا,Hay Al-Salam,حي السلام,osm_street,west,jordanian,4,False,,homemaker,,2547,636.9,False,car_driver,True,
c_0315,سعاد,Suad,16,f,jabal_al_hussein,31.96984,35.93172,none,False,True,high,False,,,middle,False,,,basman,Basman,بسمان,Jabal Al-Nuzha,جبل النزهة,osm_street,east,jordanian,7,False,,student,,2266,323.8,False,service_taxi,False,no_car
c_0316,خالد,Khaled,44,m,abdali,31.9374,35.8635,none,True,True,medium,False,,,low,True,جاري,my neighbour,zahran,Zahran,زهران,Deir Ghbar,دير غبار,osm_street,west,jordanian,6,False,,unemployed,,968,161.3,False,car_driver,False,low_income
c_0317,سلمى,Salma,39,f,sweileh,32.02194,35.8679,none,False,False,low,False,,,middle,False,,,jubeiha,Jubeiha,الجبيهة,University of Jordan area,منطقة الجامعة الأردنية,osm_street,west,jordanian,4,False,,homemaker,,1626,406.5,False,taxi,False,no_car|offline
c_0318,فاطمة,Fatima,24,f,jabal_al_hussein,31.956,35.95576,none,True,True,medium,False,,,high,False,,,basman,Basman,بسمان,Al-Hashmi Al-Janoubi,الهاشمي الجنوبي,osm_street,east,jordanian,5,False,,student,,3200,639.9,False,car_driver,False,student
c_0319,عبير,Abeer,25,f,sweileh,32.00826,35.83127,none,False,True,medium,False,,,middle,True,زوجي,my husband,sweileh,Sweileh,صويلح,Al-Kamaliyeh,الكمالية,osm_street,west,jordanian,7,False,,homemaker,,2170,310.0,False,car_passenger,True,no_car
c_0320,ريم,Reem,27,f,jabal_al_hussein,31.9734,35.93889,none,True,True,high,False,,,middle,True,أختي,my sister,basman,Basman,بسمان,Jabal Al-Nuzha,جبل النزهة,osm_street,east,jordanian,7,False,,homemaker,,3333,476.2,False,car_driver,True,
c_0321,جميلة,Jamila,41,f,wehdat,31.8701,35.93267,none,False,True,medium,False,,,middle,False,,,kherbet_al_souk,Kherbet Al-Souk,خريبة السوق وجاوا واليادودة,Khraibet Al-Souk,خريبة السوق,osm_street,east,jordanian,5,True,seeing|cognition|self_care,homemaker,,2557,511.4,False,car_passenger,True,no_car
c_0322,أنس,Anas,20,m,downtown,31.92753,35.89674,none,True,True,medium,False,,,middle,True,أخوي,my brother,bader,Bader,بدر,Al-Hilal,الهلال,osm_street,east,jordanian,6,False,,student,,2313,385.6,False,car_driver,True,student
c_0323,خالد,Khaled,19,m,tabarbour,31.98777,35.94438,none,False,True,medium,False,,,high,False,,,tariq,Tariq,طارق,Tareq,طارق,osm_street,east,jordanian,5,False,,unemployed,,5255,1050.9,False,service_taxi,False,no_car|student
c_0324,ليلى,Layla,39,f,wehdat,31.88964,35.89724,none,False,True,high,False,,,middle,True,زوجي,my husband,al_mgablein,Al-Mgablein,المقابلين,Umm Quseir,أم قصير,osm_street,east,jordanian,6,False,,homemaker,,1355,225.8,False,car_passenger,False,no_car
c_0325,رهف,Rahaf,25,f,khalda,31.96442,35.84234,none,False,True,high,False,,,high,False,,,wadi_al_seer,Wadi Al-Seer,وادي السير,Al-Bayader,البيادر,osm_street,west,jordanian,6,False,,unemployed,,3387,564.5,False,car_passenger,True,no_car
c_0326,وفاء,Wafaa,21,f,sweileh,32.0465,35.88526,none,False,True,low,False,,,low,True,أخوي,my brother,abu_nseir,Abu Nseir,أبو نصير,Abu Nseir Housing,إسكان أبو نصير,osm_street,west,jordanian,6,True,seeing|cognition|self_care,student,,404,67.4,True,car_passenger,False,low_income|no_car|offline|student
c_0327,علي,Ali,25,m,marka,31.95965,35.96998,none,True,True,medium,True,10:00,18:00,middle,False,,,al_nasr,Al-Nasr,النصر,Jabal Al-Nasr,جبل النصر,osm_street,east,jordanian,5,False,,employed,False,1951,390.1,False,car_driver,False,worker
c_0328,أنس,Anas,27,m,downtown,31.92906,35.90582,none,False,True,medium,True,07:00,16:00,low,True,أخوي,my brother,bader,Bader,بدر,Al-Qwesmeh road side,طريق المطار - بدر,osm_street,east,jordanian,8,False,,employed,True,918,114.8,False,car_passenger,False,low_income|no_car|worker
c_0329,ليلى,Layla,22,f,khalda,31.95679,35.86076,none,False,True,high,False,,,middle,True,أبوي,my father,wadi_al_seer,Wadi Al-Seer,وادي السير,Al-Rawabi,الروابي,osm_street,west,jordanian,4,False,,student,,1381,345.3,False,car_passenger,False,no_car|student
c_0330,رولا,Rula,23,f,khalda,31.96734,35.84533,none,True,True,medium,False,,,middle,True,أمي,my mother,wadi_al_seer,Wadi Al-Seer,وادي السير,Al-Bayader,البيادر,osm_street,west,jordanian,6,False,,student,,2074,345.7,False,car_driver,False,student
c_0331,نبيل,Nabil,25,m,downtown,31.93379,35.91001,none,True,True,medium,True,08:00,15:00,low,True,جاري,my neighbour,bader,Bader,بدر,Al-Hilal,الهلال,osm_street,east,jordanian,8,False,,employed,True,601,75.1,True,car_driver,False,low_income|worker
c_0332,يوسف,Yousef,43,m,abdali,31.96308,35.90432,none,True,True,medium,True,07:00,16:00,middle,True,جاري,my neighbour,al_abdali,Al-Abdali,العبدلي,Al-Abdali,العبدلي,osm_street,west,jordanian,6,False,,employed,True,2993,498.9,False,car_driver,False,worker
c_0333,جمال,Jamal,21,m,wehdat,31.89677,35.95073,none,True,True,high,False,,,low,True,أمي,my mother,qweismeh,Qweismeh,القويسمة,Al-Raqim,الرقيم,osm_street,east,jordanian,6,False,,student,,1044,174.1,False,car_driver,False,low_income|student
c_0334,أحمد,Ahmad,24,m,abdali,31.93727,35.88186,none,False,True,low,True,08:00,16:00,low,True,أمي,my mother,zahran,Zahran,زهران,Abdoun,عبدون,osm_street,west,jordanian,9,False,,employed,False,1186,131.7,False,taxi,False,low_income|no_car|offline|worker
c_0335,هاني,Hani,19,m,marka,32.00041,36.00115,none,True,True,medium,False,,,middle,False,,,marka,Marka,ماركا,Marka Al-Shamaliya,ماركا الشمالية,osm_street,east,jordanian,4,False,,student,,1698,424.5,False,car_driver,True,student
c_0336,ليلى,Layla,38,f,khalda,31.95313,35.81945,none,False,True,medium,False,,,high,False,,,wadi_al_seer,Wadi Al-Seer,وادي السير,Wadi Al-Seer,وادي السير,osm_street,west,jordanian,2,False,,homemaker,,1484,742.1,False,bus_brt,True,no_car
c_0337,مصطفى,Mustafa,85,m,jabal_al_hussein,31.97433,35.92913,limited,True,False,low,False,,,high,False,,,basman,Basman,بسمان,Jabal Al-Nuzha,جبل النزهة,osm_street,east,jordanian,1,True,seeing|walking|cognition,retired,,570,569.7,False,car_driver,False,elderly|disabled|offline
c_0338,سلمى,Salma,44,f,abdali,31.96042,35.91478,none,False,True,high,False,,,high,False,,,al_abdali,Al-Abdali,العبدلي,Al-Abdali,العبدلي,osm_street,west,jordanian,7,False,,homemaker,,4228,604.0,False,car_passenger,False,no_car
c_0339,وفاء,Wafaa,24,f,abdali,31.94155,35.90148,none,True,True,medium,False,,,high,False,,,zahran,Zahran,زهران,Wadi Abdoun,وادي عبدون,osm_street,west,jordanian,5,False,,student,,4523,904.6,False,car_driver,False,student
c_0340,هاني,Hani,31,m,khalda,31.9628,35.83815,none,True,True,medium,True,08:00,15:00,middle,False,,,wadi_al_seer,Wadi Al-Seer,وادي السير,Al-Kursi,الكرسي,osm_street,west,jordanian,6,False,,employed,False,2944,490.7,False,car_driver,False,worker
c_0341,رامي,Rami,50,m,downtown,31.9291,35.89565,none,True,True,medium,True,08:00,15:00,middle,True,جاري,my neighbour,bader,Bader,بدر,Al-Dustour,الدستور,osm_street,east,jordanian,9,False,,employed,True,2730,303.3,False,car_driver,True,worker
c_0342,وفاء,Wafaa,46,f,sweileh,32.03525,35.82619,none,False,True,medium,True,09:00,17:00,low,True,أختي,my sister,sweileh,Sweileh,صويلح,Sweileh West,صويلح الغربي,osm_street,west,jordanian,4,False,,employed,False,576,144.1,False,car_passenger,False,low_income|no_car|worker
c_0343,أحمد,Ahmad,29,m,wehdat,31.8701,35.9226,none,True,True,medium,True,07:00,16:00,middle,True,جاري,my neighbour,kherbet_al_souk,Kherbet Al-Souk,خريبة السوق وجاوا واليادودة,Khraibet Al-Souk,خريبة السوق,osm_street,east,jordanian,2,False,,employed,True,987,493.4,False,car_driver,True,worker
c_0344,ريم,Reem,24,f,downtown,31.93576,35.90131,none,False,True,high,False,,,high,True,أبوي,my father,bader,Bader,بدر,Al-Hilal,الهلال,osm_street,east,jordanian,5,False,,student,,5476,1095.1,False,car_passenger,False,no_car|student
c_0345,رولا,Rula,47,f,downtown,31.94116,35.89808,none,False,True,medium,False,,,middle,True,أخوي,my brother,bader,Bader,بدر,Al-Dustour,الدستور,osm_street,east,jordanian,7,False,,homemaker,,2825,403.5,False,taxi,False,no_car
c_0346,خديجة,Khadija,16,f,downtown,31.9279,35.91122,none,False,True,medium,False,,,middle,True,أخوي,my brother,bader,Bader,بدر,Al-Hilal,الهلال,osm_street,east,jordanian,8,False,,student,,2781,347.7,False,taxi,False,no_car
c_0347,ريم,Reem,23,f,tabarbour,31.9981,35.94117,none,True,True,medium,False,,,middle,False,,,tariq,Tariq,طارق,Tabarbour,طبربور,osm_street,east,jordanian,7,False,,student,,1383,197.6,False,car_driver,True,student
c_0348,إبراهيم,Ibrahim,55,m,wehdat,31.93072,35.93275,none,False,True,medium,False,,,high,True,أخوي,my brother,al_yarmouk,Al-Yarmouk,اليرموك,Al-Hilal (east),الهلال,osm_street,east,jordanian,3,True,seeing|cognition,out_of_labour_force,,2321,773.7,False,taxi,False,no_car
c_0349,رولا,Rula,90,f,tabarbour,32.0051,35.94728,none,False,True,low,False,,,high,True,بنتي,my daughter,tariq,Tariq,طارق,Tabarbour,طبربور,osm_street,east,jordanian,1,False,,retired,,2044,2044.5,False,taxi,False,elderly|no_car|offline
c_0350,وفاء,Wafaa,40,f,wehdat,31.85034,35.9387,none,True,True,high,False,,,middle,True,أخوي,my brother,kherbet_al_souk,Kherbet Al-Souk,خريبة السوق وجاوا واليادودة,Jawa,جاوا,osm_street,east,jordanian,2,False,,homemaker,,841,420.7,False,car_driver,False,
c_0351,إبراهيم,Ibrahim,25,m,wehdat,31.88532,35.9112,none,False,True,medium,True,07:00,16:00,low,True,أختي,my sister,al_mgablein,Al-Mgablein,المقابلين,Umm Quseir,أم قصير,osm_street,east,jordanian,5,False,,employed,False,911,182.2,False,bus_brt,False,low_income|no_car|worker
c_0352,زينب,Zainab,56,f,wehdat,31.9015,35.96176,limited,False,True,low,False,,,middle,False,,,qweismeh,Qweismeh,القويسمة,Abu Alanda,أبو علندا,osm_street,east,jordanian,5,True,seeing|walking|cognition|hearing,homemaker,,1236,247.3,False,car_passenger,False,disabled|no_car|offline
c_0353,هاني,Hani,40,m,sweileh,32.02906,35.83174,none,False,True,medium,True,07:00,16:00,low,True,أخوي,my brother,sweileh,Sweileh,صويلح,Sweileh West,صويلح الغربي,osm_street,west,jordanian,5,False,,employed,False,817,163.4,False,walk,True,low_income|no_car|worker
c_0354,عبدالله,Abdullah,19,m,khalda,31.99069,35.87509,none,True,True,high,False,,,low,True,أخوي,my brother,tla_al_ali,Tla' Al-Ali,تلاع العلي وأم السماق وخلدا,Hay Al-Salam,حي السلام,osm_street,west,jordanian,7,False,,unemployed,,1186,169.5,False,car_driver,True,low_income|student
c_0355,هدى,Huda,54,f,abdali,31.98756,35.8997,none,False,True,medium,False,,,low,False,,,al_abdali,Al-Abdali,العبدلي,Sport City,المدينة الرياضية,osm_street,west,jordanian,9,True,seeing|self_care,homemaker,,1621,180.2,False,car_passenger,True,low_income|no_car
c_0356,رنا,Rana,37,f,tabarbour,31.99857,35.93028,none,True,True,low,False,,,low,True,زوجي,my husband,tariq,Tariq,طارق,Qatna,قطنة,osm_street,east,jordanian,4,False,,homemaker,,473,118.4,False,car_driver,False,low_income|offline
c_0357,عبدالله,Abdullah,49,m,marka,31.97873,35.98062,limited,False,True,high,False,,,middle,True,زوجتي,my wife,marka,Marka,ماركا,Al-Rasha,الرشا,osm_street,east,jordanian,3,True,walking|hearing,out_of_labour_force,,1037,345.7,False,car_passenger,True,disabled|no_car
c_0358,مريم,Maryam,64,f,sweileh,32.05563,35.87469,none,False,True,low,False,,,middle,True,بنتي,my daughter,abu_nseir,Abu Nseir,أبو نصير,Abu Nseir West,أبو نصير الغربي,osm_street,west,jordanian,5,False,,retired,,1441,288.2,False,bus_brt,False,no_car|offline
c_0359,خديجة,Khadija,18,f,marka,31.96143,35.95259,none,False,True,medium,False,,,middle,True,أبوي,my father,al_nasr,Al-Nasr,النصر,Jabal Al-Taj,جبل التاج,osm_street,east,jordanian,4,False,,student,,1269,317.2,False,taxi,False,no_car|student
c_0360,هدى,Huda,40,f,khalda,31.95443,35.82434,none,False,True,low,False,,,low,False,,,wadi_al_seer,Wadi Al-Seer,وادي السير,Wadi Al-Seer,وادي السير,osm_street,west,jordanian,4,False,,homemaker,,607,151.7,False,bus_brt,False,low_income|no_car|offline
c_0361,فادي,Fadi,41,m,jabal_al_hussein,31.97466,35.94671,none,False,True,high,False,,,middle,True,أخوي,my brother,basman,Basman,بسمان,Al-Hashmi Al-Shamali,الهاشمي الشمالي,osm_street,east,jordanian,8,False,,out_of_labour_force,,1718,214.8,False,car_passenger,True,no_car
c_0362,هالة,Hala,58,f,sweileh,32.04621,35.89946,limited,False,True,medium,False,,,middle,False,,,abu_nseir,Abu Nseir,أبو نصير,Abu Nseir Housing,إسكان أبو نصير,osm_street,west,jordanian,7,True,seeing|walking|cognition,homemaker,,3883,554.7,False,car_passenger,False,disabled|no_car
c_0363,عبدالله,Abdullah,45,m,wehdat,31.87376,35.88497,none,True,True,medium,False,,,low,False,,,al_mgablein,Al-Mgablein,المقابلين,Al-Bunayyat Al-Janoubiya,البنيات الجنوبية,osm_street,east,jordanian,7,False,,out_of_labour_force,,869,124.2,False,car_driver,True,low_income
c_0364,محمود,Mahmoud,35,m,abdali,31.94786,35.88944,none,True,True,medium,False,,,middle,True,جاري,my neighbour,zahran,Zahran,زهران,Abdoun,عبدون,osm_street,west,jordanian,4,False,,out_of_labour_force,,2127,531.8,False,car_driver,True,
c_0365,فاطمة,Fatima,90,f,sweileh,32.02184,35.87938,none,False,True,low,False,,,low,True,بنتي,my daughter,jubeiha,Jubeiha,الجبيهة,Jubeiha East,الجبيهة الشرقية,osm_street,west,jordanian,8,False,,retired,,790,98.7,True,car_passenger,False,elderly|low_income|no_car|offline
c_0366,علي,Ali,24,m,sweileh,32.0449,35.89473,none,True,True,medium,False,,,high,True,أبوي,my father,abu_nseir,Abu Nseir,أبو نصير,Abu Nseir Housing,إسكان أبو نصير,osm_street,west,jordanian,3,False,,student,,3621,1207.0,False,car_driver,False,student
c_0367,زينب,Zainab,52,f,downtown,31.94261,35.90983,none,False,True,low,False,,,low,True,زوجي,my husband,bader,Bader,بدر,Jabal Nazzal,جبل النزال,osm_street,east,jordanian,5,False,,homemaker,,474,94.8,True,car_passenger,False,low_income|no_car|offline
c_0368,سارة,Sara,27,f,sweileh,32.02318,35.8669,none,True,True,medium,False,,,middle,False,,,jubeiha,Jubeiha,الجبيهة,Al-Jubeiha,الجبيهة,osm_street,west,jordanian,4,False,,homemaker,,1895,473.7,False,car_driver,True,
c_0369,هاني,Hani,52,m,tabarbour,31.98718,35.95451,none,True,True,medium,True,08:00,15:00,middle,False,,,tariq,Tariq,طارق,Ain Ghazal,عين غزال,osm_street,east,jordanian,8,False,,employed,True,1572,196.4,False,car_driver,True,worker
c_0370,لينا,Lina,49,f,khalda,31.95777,35.87025,none,False,True,high,False,,,high,True,جاري,my neighbour,wadi_al_seer,Wadi Al-Seer,وادي السير,Al-Sweifieh,الصويفية,osm_street,west,jordanian,5,False,,unemployed,,4358,871.6,False,car_passenger,True,no_car
c_0371,جمال,Jamal,41,m,marka,31.97657,35.97479,none,True,True,high,True,08:00,15:00,middle,True,أخوي,my brother,marka,Marka,ماركا,Marka Al-Janoubiya,ماركا الجنوبية,osm_street,east,jordanian,5,False,,employed,True,1002,200.3,False,car_driver,True,worker
c_0372,وفاء,Wafaa,63,f,wehdat,31.89928,35.93579,wheelchair,False,True,low,False,,,middle,False,,,qweismeh,Qweismeh,القويسمة,Al-Raqim,الرقيم,osm_street,east,jordanian,7,True,seeing|walking,retired,,2875,410.7,False,taxi,False,disabled|no_car|offline
c_0373,جمال,Jamal,18,m,khalda,31.9914,35.87219,none,False,True,high,False,,,high,True,أبوي,my father,tla_al_ali,Tla' Al-Ali,تلاع العلي وأم السماق وخلدا,Hay Al-Salam,حي السلام,osm_street,west,jordanian,9,False,,unemployed,,6183,687.0,False,walk,True,no_car|student
c_0374,عمر,Omar,19,m,khalda,31.9647,35.84096,none,False,True,medium,True,10:00,18:00,middle,True,أبوي,my father,wadi_al_seer,Wadi Al-Seer,وادي السير,Al-Kursi,الكرسي,osm_street,west,jordanian,8,False,,employed,False,2383,297.9,False,car_passenger,False,no_car|worker
c_0375,رولا,Rula,24,f,abdali,31.9566,35.9071,none,False,True,high,False,,,low,True,أخوي,my brother,al_abdali,Al-Abdali,العبدلي,Al-Abdali,العبدلي,osm_street,west,jordanian,7,False,,student,,1267,181.0,False,service_taxi,True,low_income|no_car|student
c_0376,خالد,Khaled,32,m,sweileh,32.01209,35.87824,none,True,True,high,True,09:00,17:00,middle,False,,,jubeiha,Jubeiha,الجبيهة,University of Jordan area,منطقة الجامعة الأردنية,osm_street,west,jordanian,8,False,,employed,True,4383,547.9,False,car_driver,True,worker
c_0377,ريم,Reem,28,f,wehdat,31.9495,35.93411,none,False,True,high,False,,,middle,False,,,al_yarmouk,Al-Yarmouk,اليرموك,Jabal Al-Ashrafiyeh,جبل الأشرفية,osm_street,east,jordanian,5,False,,homemaker,,1260,251.9,False,taxi,False,no_car
c_0378,سعاد,Suad,66,f,sweileh,32.02144,35.8319,none,True,True,low,True,07:00,16:00,middle,True,ابني,my son,sweileh,Sweileh,صويلح,Sweileh,صويلح,osm_street,west,jordanian,7,False,,employed,True,1847,263.8,False,car_driver,False,elderly|offline|worker
c_0379,هاني,Hani,21,m,wehdat,31.88392,35.89021,none,True,True,medium,False,,,low,True,أخوي,my brother,al_mgablein,Al-Mgablein,المقابلين,Al-Bunayyat Al-Janoubiya,البنيات الجنوبية,osm_street,east,jordanian,7,False,,student,,1042,148.8,False,car_driver,True,low_income|student
c_0380,لينا,Lina,48,f,wehdat,31.85107,35.94808,none,False,True,high,False,,,high,False,,,kherbet_al_souk,Kherbet Al-Souk,خريبة السوق وجاوا واليادودة,Jawa,جاوا,osm_street,east,jordanian,2,False,,homemaker,,1799,899.4,False,taxi,True,no_car
c_0381,دانا,Dana,27,f,khalda,31.96659,35.84535,none,False,True,high,False,,,middle,False,,,wadi_al_seer,Wadi Al-Seer,وادي السير,Al-Bayader,البيادر,osm_street,west,jordanian,8,False,,homemaker,,1731,216.4,False,walk,True,no_car
c_0382,جمال,Jamal,32,m,khalda,31.99435,35.84322,none,False,True,medium,False,,,high,True,أخوي,my brother,tla_al_ali,Tla' Al-Ali,تلاع العلي وأم السماق وخلدا,Khalda,خلدا,osm_street,west,jordanian,2,False,,out_of_labour_force,,1578,789.1,False,car_passenger,True,no_car
c_0383,رولا,Rula,55,f,khalda,31.96838,35.83736,none,False,True,low,False,,,middle,True,زوجي,my husband,wadi_al_seer,Wadi Al-Seer,وادي السير,Al-Kursi,الكرسي,osm_street,west,jordanian,6,False,,homemaker,,2500,416.7,False,walk,False,no_car|offline
c_0384,سارة,Sara,43,f,wehdat,31.85274,35.94416,none,False,True,medium,False,,,low,False,,,kherbet_al_souk,Kherbet Al-Souk,خريبة السوق وجاوا واليادودة,Jawa,جاوا,osm_street,east,jordanian,10,False,,homemaker,,1389,138.9,False,service_taxi,False,low_income|no_car
c_0385,عمر,Omar,32,m,khalda,31.9657,35.84713,none,True,True,medium,True,08:00,15:00,middle,False,,,wadi_al_seer,Wadi Al-Seer,وادي السير,Al-Bayader,البيادر,osm_street,west,jordanian,6,False,,employed,False,2759,459.8,False,car_driver,True,worker
c_0386,جميلة,Jamila,53,f,sweileh,32.05014,35.87525,none,True,True,medium,False,,,high,True,زوجي,my husband,abu_nseir,Abu Nseir,أبو نصير,Abu Nseir West,أبو نصير الغربي,osm_street,west,jordanian,9,False,,homemaker,,5253,583.7,False,car_driver,False,
c_0387,سميرة,Samira,16,f,wehdat,31.90462,35.95606,none,False,True,medium,False,,,high,False,,,qweismeh,Qweismeh,القويسمة,Abu Alanda,أبو علندا,osm_street,east,jordanian,3,False,,student,,4153,1384.2,False,car_passenger,True,no_car
c_0388,ليلى,Layla,35,f,sweileh,32.05093,35.91018,none,False,True,high,False,,,middle,True,أخوي,my brother,shafa_badran,Shafa Badran,شفا بدران,Shafa Badran North,شفا بدران الشمالية,osm_street,west,jordanian,5,False,,homemaker,,2689,537.7,False,walk,True,no_car
c_0389,سليمان,Suleiman,22,m,marka,31.95059,35.94653,none,True,True,medium,False,,,middle,True,أمي,my mother,al_nasr,Al-Nasr,النصر,Al-Hussein Al-Sharqi,الحسين الشرقي,osm_street,east,jordanian,8,False,,student,,2626,328.2,False,car_driver,True,student
c_0390,رامي,Rami,25,m,khalda,31.98998,35.84761,none,True,True,medium,True,09:00,17:00,high,True,أختي,my sister,tla_al_ali,Tla' Al-Ali,تلاع العلي وأم السماق وخلدا,Khalda,خلدا,osm_street,west,jordanian,5,False,,employed,False,3782,756.4,False,car_driver,True,worker
c_0391,زينب,Zainab,41,f,wehdat,31.90254,35.96227,none,True,True,high,False,,,middle,False,,,qweismeh,Qweismeh,القويسمة,Abu Alanda,أبو علندا,osm_street,east,jordanian,7,False,,homemaker,,1543,220.5,False,car_driver,True,
c_0392,رامي,Rami,69,m,downtown,31.92765,35.90326,limited,False,True,low,False,,,low,True,ابني,my son,bader,Bader,بدر,Al-Hilal,الهلال,osm_street,east,jordanian,6,True,seeing|walking|self_care,retired,,307,51.2,True,bus_brt,False,elderly|disabled|low_income|no_car|offline
c_0393,سلمى,Salma,54,f,abdali,31.97527,35.91666,none,True,True,low,False,,,middle,True,أخوي,my brother,al_abdali,Al-Abdali,العبدلي,Jabal Al-Hussein,جبل الحسين,osm_street,west,jordanian,7,False,,homemaker,,2580,368.5,False,car_driver,False,offline
c_0394,أم محمد,Um Mohammad,21,f,wehdat,31.93911,35.92928,none,False,True,medium,False,,,middle,True,أبوي,my father,al_yarmouk,Al-Yarmouk,اليرموك,Al-Hilal (east),الهلال,osm_street,east,jordanian,8,False,,student,,1767,220.9,False,car_passenger,False,no_car|student
c_0395,يوسف,Yousef,35,m,downtown,31.92915,35.90172,none,False,True,medium,False,,,high,False,,,bader,Bader,بدر,Al-Dustour,الدستور,osm_street,east,jordanian,10,True,seeing|hearing,out_of_labour_force,,6487,648.7,False,car_passenger,False,no_car
c_0396,ريم,Reem,25,f,khalda,31.98894,35.88283,none,True,True,medium,True,08:00,16:00,middle,False,,,tla_al_ali,Tla' Al-Ali,تلاع العلي وأم السماق وخلدا,Al-Gardens,الجاردنز,osm_street,west,jordanian,5,False,,employed,False,1783,356.6,False,car_driver,False,worker
c_0397,سامي,Sami,34,m,marka,31.96164,35.96508,none,True,True,medium,False,,,middle,True,أخوي,my brother,al_nasr,Al-Nasr,النصر,Jabal Al-Nasr,جبل النصر,osm_street,east,jordanian,6,False,,out_of_labour_force,,3057,509.4,False,car_driver,False,
c_0398,محمود,Mahmoud,28,m,marka,31.95958,35.96462,none,True,True,high,True,07:00,16:00,middle,True,أختي,my sister,al_nasr,Al-Nasr,النصر,Jabal Al-Nasr,جبل النصر,osm_street,east,jordanian,4,False,,employed,False,1369,342.2,False,car_driver,True,worker
c_0399,مريم,Maryam,89,f,jabal_al_hussein,31.96457,35.96399,limited,True,True,low,False,,,low,False,,,basman,Basman,بسمان,Al-Mahatta,المحطة,osm_street,east,jordanian,5,True,walking|hearing|self_care,retired,,720,144.0,False,car_driver,False,elderly|disabled|low_income|offline
c_0400,فادي,Fadi,49,m,khalda,31.98722,35.86855,none,False,True,medium,False,,,middle,True,زوجتي,my wife,tla_al_ali,Tla' Al-Ali,تلاع العلي وأم السماق وخلدا,Hay Al-Salam,حي السلام,osm_street,west,jordanian,7,False,,unemployed,,3074,439.1,False,car_passenger,False,no_car
c_0401,هالة,Hala,38,f,abdali,31.94459,35.88771,none,True,True,medium,False,,,high,True,زوجي,my husband,zahran,Zahran,زهران,Hay Zahran,حي زهران,osm_street,west,jordanian,10,False,,homemaker,,7195,719.5,False,car_driver,True,
c_0402,خالد,Khaled,25,m,khalda,31.96502,35.85531,none,True,True,medium,True,08:00,15:00,middle,True,زوجتي,my wife,wadi_al_seer,Wadi Al-Seer,وادي السير,Al-Rawabi,الروابي,osm_street,west,jordanian,5,False,,employed,False,1462,292.5,False,car_driver,False,worker
c_0403,مصطفى,Mustafa,55,m,jabal_al_hussein,31.97649,35.95267,none,True,True,low,False,,,low,False,,,basman,Basman,بسمان,Al-Qusour,القصور,osm_street,east,jordanian,6,False,,out_of_labour_force,,967,161.2,False,car_driver,False,low_income|offline
c_0404,ليلى,Layla,39,f,khalda,31.95614,35.83747,none,False,True,medium,False,,,high,False,,,wadi_al_seer,Wadi Al-Seer,وادي السير,Al-Bayader,البيادر,osm_street,west,jordanian,2,False,,homemaker,,4347,2173.6,False,taxi,False,no_car
c_0405,هاني,Hani,16,m,wehdat,31.8911,35.93636,none,False,True,low,False,,,low,True,أمي,my mother,qweismeh,Qweismeh,القويسمة,Al-Jweideh,الجويدة,osm_street,east,jordanian,7,False,,student,,680,97.2,True,car_passenger,False,low_income|no_car|offline
c_0406,سارة,Sara,52,f,marka,31.95187,35.9555,limited,False,True,low,False,,,middle,True,جاري,my neighbour,al_nasr,Al-Nasr,النصر,Al-Hussein Al-Sharqi,الحسين الشرقي,osm_street,east,jordanian,5,True,seeing|walking|hearing,homemaker,,1306,261.2,False,car_passenger,False,disabled|no_car|offline
c_0407,سميرة,Samira,41,f,jabal_al_hussein,31.97747,35.9426,none,False,True,high,False,,,middle,True,جاري,my neighbour,basman,Basman,بسمان,Jabal Al-Nuzha,جبل النزهة,osm_street,east,jordanian,4,False,,homemaker,,2223,555.7,False,car_passenger,True,no_car
c_0408,ريم,Reem,17,f,sweileh,32.02008,35.88286,none,False,True,medium,False,,,middle,True,أبوي,my father,jubeiha,Jubeiha,الجبيهة,Jubeiha East,الجبيهة الشرقية,osm_street,west,jordanian,5,False,,student,,1460,291.9,False,car_passenger,False,no_car
c_0409,خالد,Khaled,25,m,abdali,31.9662,35.913,none,False,True,medium,True,10:00,18:00,low,True,زوجتي,my wife,al_abdali,Al-Abdali,العبدلي,Al-Abdali,العبدلي,osm_street,west,jordanian,9,False,,employed,True,1400,155.6,False,service_taxi,False,low_income|no_car|worker
c_0410,سعاد,Suad,44,f,downtown,31.94113,35.9128,none,False,True,medium,False,,,middle,True,أخوي,my brother,bader,Bader,بدر,Jabal Nazzal,جبل النزال,osm_street,east,jordanian,4,True,seeing,homemaker,,1216,304.0,False,taxi,False,no_car
c_0411,جمال,Jamal,37,m,downtown,31.92785,35.90863,none,True,True,medium,True,08:00,15:00,low,True,أخوي,my brother,bader,Bader,بدر,Al-Hilal,الهلال,osm_street,east,jordanian,4,False,,employed,True,591,147.8,False,car_driver,False,low_income|worker
c_0412,جمال,Jamal,33,m,wehdat,31.84806,35.94724,none,True,True,medium,True,08:00,16:00,low,True,زوجتي,my wife,kherbet_al_souk,Kherbet Al-Souk,خريبة السوق وجاوا واليادودة,Jawa,جاوا,osm_street,east,jordanian,6,False,,employed,True,986,164.3,False,car_driver,False,low_income|worker
c_0413,أم محمد,Um Mohammad,22,f,khalda,31.96574,35.84209,none,True,True,high,False,,,high,False,,,wadi_al_seer,Wadi Al-Seer,وادي السير,Al-Bayader,البيادر,osm_street,west,jordanian,6,False,,student,,4885,814.2,False,car_driver,True,student
c_0414,إبراهيم,Ibrahim,16,m,tabarbour,32.00393,35.94124,none,False,True,high,False,,,middle,True,أخوي,my brother,tariq,Tariq,طارق,Tabarbour,طبربور,osm_street,east,jordanian,4,False,,student,,1968,492.0,False,car_passenger,False,no_car
c_0415,سامي,Sami,74,m,wehdat,31.94194,35.92492,limited,False,True,low,False,,,middle,True,ابني,my son,al_yarmouk,Al-Yarmouk,اليرموك,Jabal Al-Ashrafiyeh,جبل الأشرفية,osm_street,east,jordanian,4,True,seeing|walking|self_care,retired,,1298,324.5,False,bus_brt,False,elderly|disabled|no_car|offline
c_0416,هاني,Hani,42,m,sweileh,32.02384,35.84218,none,True,True,high,True,07:00,16:00,high,False,,,sweileh,Sweileh,صويلح,Sweileh,صويلح,osm_street,west,jordanian,4,False,,employed,False,13411,3352.8,False,car_driver,True,worker
c_0417,مريم,Maryam,49,f,wehdat,31.92018,35.94915,none,True,True,medium,False,,,middle,True,جاري,my neighbour,qweismeh,Qweismeh,القويسمة,Al-Qweismeh,القويسمة,osm_street,east,jordanian,6,False,,homemaker,,1398,232.9,False,car_driver,True,
c_0418,زيد,Zaid,82,m,khalda,31.958,35.85118,none,False,True,low,False,,,middle,False,,,wadi_al_seer,Wadi Al-Seer,وادي السير,Al-Bayader,البيادر,osm_street,west,jordanian,6,False,,retired,,1540,256.7,False,car_passenger,False,elderly|no_car|offline
c_0419,ماهر,Maher,38,m,abdali,31.96642,35.9192,none,True,True,low,True,07:00,16:00,middle,False,,,al_abdali,Al-Abdali,العبدلي,Al-Abdali,العبدلي,osm_street,west,jordanian,8,False,,employed,True,3078,384.8,False,car_driver,False,offline|worker
c_0420,نور,Noor,27,f,wehdat,31.86929,35.91592,none,False,True,high,False,,,low,False,,,kherbet_al_souk,Kherbet Al-Souk,خريبة السوق وجاوا واليادودة,Khraibet Al-Souk,خريبة السوق,osm_street,east,jordanian,7,False,,homemaker,,1111,158.7,False,car_passenger,False,low_income|no_car
c_0421,ليلى,Layla,29,f,wehdat,31.92815,35.93914,none,False,True,high,False,,,middle,True,أخوي,my brother,al_yarmouk,Al-Yarmouk,اليرموك,Al-Wehdat,الوحدات,osm_street,east,jordanian,5,False,,homemaker,,1802,360.4,False,car_passenger,True,no_car
c_0422,أم محمد,Um Mohammad,31,f,abdali,31.89318,35.82602,none,False,True,high,False,,,middle,True,زوجي,my husband,marj_al_hamam,Marj Al-Hamam,مرج الحمام,Circassian Quarter,الحي الشركسي,osm_street,west,jordanian,4,False,,homemaker,,1066,266.4,False,bus_brt,False,no_car
c_0423,هالة,Hala,73,f,wehdat,31.89964,35.96618,wheelchair,False,True,high,False,,,low,True,بنتي,my daughter,qweismeh,Qweismeh,القويسمة,Abu Alanda,أبو علندا,osm_street,east,jordanian,4,True,walking,retired,,638,159.5,False,car_passenger,True,elderly|disabled|low_income|no_car
c_0424,وفاء,Wafaa,22,f,khalda,31.99872,35.84745,none,True,True,high,False,,,high,True,أبوي,my father,tla_al_ali,Tla' Al-Ali,تلاع العلي وأم السماق وخلدا,Khalda,خلدا,osm_street,west,jordanian,6,False,,student,,5577,929.4,False,car_driver,True,student
c_0425,هالة,Hala,62,f,marka,31.9843,35.98347,none,False,True,low,False,,,middle,False,,,marka,Marka,ماركا,Marka (airport side),ماركا - المطار,osm_street,east,jordanian,9,False,,retired,,1776,197.3,False,taxi,False,no_car|offline
c_0426,طارق,Tareq,22,m,wehdat,31.89921,35.87949,none,False,True,low,False,,,low,True,أخوي,my brother,al_mgablein,Al-Mgablein,المقابلين,Al-Muqabalain,المقابلين,osm_street,east,jordanian,5,False,,student,,940,188.0,False,service_taxi,False,low_income|no_car|offline|student
c_0427,زينب,Zainab,26,f,wehdat,31.94998,35.93616,none,False,True,high,False,,,low,True,زوجي,my husband,al_yarmouk,Al-Yarmouk,اليرموك,Jabal Al-Ashrafiyeh,جبل الأشرفية,osm_street,east,jordanian,5,False,,homemaker,,598,119.5,False,walk,False,low_income|no_car
c_0428,سامي,Sami,18,m,wehdat,31.8655,35.91811,none,False,True,medium,True,07:00,16:00,middle,True,أمي,my mother,kherbet_al_souk,Kherbet Al-Souk,خريبة السوق وجاوا واليادودة,Khraibet Al-Souk,خريبة السوق,osm_street,east,jordanian,4,False,,employed,False,1453,363.3,False,service_taxi,False,no_car|worker
c_0429,محمد,Mohammad,21,m,marka,31.96189,35.96567,none,True,True,medium,True,07:00,16:00,middle,True,أبوي,my father,al_nasr,Al-Nasr,النصر,Prince Hassan Camp,مخيم الأمير حسن,osm_street,east,jordanian,3,False,,employed,False,1562,520.6,False,car_driver,False,worker
c_0430,أنس,Anas,50,m,tabarbour,32.00107,35.96685,none,True,True,medium,True,07:00,16:00,middle,False,,,tariq,Tariq,طارق,Abu Ulya,أبو عليا,osm_street,east,jordanian,8,False,,employed,False,2151,268.8,False,car_driver,False,worker
c_0431,عبير,Abeer,22,f,marka,31.95774,35.95859,none,False,True,high,False,,,middle,False,,,al_nasr,Al-Nasr,النصر,Jabal Al-Nasr,جبل النصر,osm_street,east,jordanian,9,False,,student,,2501,277.9,False,taxi,False,no_car|student
c_0432,إبراهيم,Ibrahim,89,m,wehdat,31.8724,35.93151,limited,False,True,low,False,,,middle,True,حفيدي,my grandson,kherbet_al_souk,Kherbet Al-Souk,خريبة السوق وجاوا واليادودة,Khraibet Al-Souk,خريبة السوق,osm_street,east,jordanian,6,True,seeing|walking,retired,,1285,214.2,False,car_passenger,False,elderly|disabled|no_car|offline
c_0433,آمنة,Amina,33,f,khalda,31.96771,35.78167,none,False,True,high,False,,,low,False,,,badr_al_jadeedah,Badr Al-Jadeedah,بدر الجديدة,Al-Ghurus,الغروس,osm_street,west,jordanian,9,False,,homemaker,,488,54.2,True,car_passenger,False,low_income|no_car
c_0434,ماهر,Maher,58,m,sweileh,32.05608,35.88735,none,True,True,low,False,,,middle,False,,,abu_nseir,Abu Nseir,أبو نصير,Abu Nseir West,أبو نصير الغربي,osm_street,west,jordanian,3,False,,out_of_labour_force,,1322,440.8,False,car_driver,False,offline
c_0435,خالد,Khaled,49,m,sweileh,32.02665,35.87041,none,True,True,high,True,09:00,17:00,high,False,,,jubeiha,Jubeiha,الجبيهة,Al-Jubeiha,الجبيهة,osm_street,west,jordanian,7,False,,employed,True,6767,966.7,False,car_driver,True,worker
c_0436,أنس,Anas,39,m,abdali,31.96694,35.91538,none,False,True,medium,False,,,low,False,,,al_abdali,Al-Abdali,العبدلي,Al-Abdali,العبدلي,osm_street,west,jordanian,8,True,seeing,out_of_labour_force,,1292,161.5,False,car_passenger,False,low_income|no_car
c_0437,أنس,Anas,33,m,wehdat,31.94863,35.9334,none,True,True,medium,True,08:00,16:00,middle,False,,,al_yarmouk,Al-Yarmouk,اليرموك,Jabal Al-Ashrafiyeh,جبل الأشرفية,osm_street,east,jordanian,2,False,,employed,False,686,343.0,False,car_driver,False,worker
c_0438,ليلى,Layla,29,f,marka,31.9441,35.95915,none,False,True,medium,True,10:00,18:00,middle,False,,,al_nasr,Al-Nasr,النصر,Al-Manara,المنارة,osm_street,east,jordanian,3,False,,employed,True,1566,522.0,False,walk,False,no_car|worker
c_0439,رامي,Rami,20,m,khalda,31.94528,35.82042,none,False,True,medium,False,,,middle,True,أبوي,my father,wadi_al_seer,Wadi Al-Seer,وادي السير,Wadi Al-Seer,وادي السير,osm_street,west,jordanian,4,False,,unemployed,,1036,259.0,False,bus_brt,False,no_car|student
c_0440,هدى,Huda,58,f,tabarbour,31.98487,35.9603,none,True,True,medium,False,,,high,False,,,tariq,Tariq,طارق,Ain Ghazal,عين غزال,osm_street,east,jordanian,6,False,,homemaker,,6524,1087.3,False,car_driver,True,
c_0441,مريم,Maryam,41,f,abdali,31.90681,35.83508,none,True,True,medium,False,,,high,False,,,marj_al_hamam,Marj Al-Hamam,مرج الحمام,Circassian Quarter,الحي الشركسي,osm_street,west,jordanian,4,False,,homemaker,,6510,1627.5,False,car_driver,False,
c_0442,مريم,Maryam,43,f,jabal_al_hussein,31.97686,35.95424,none,False,True,medium,False,,,low,True,جاري,my neighbour,basman,Basman,بسمان,Al-Hashmi Al-Shamali,الهاشمي الشمالي,osm_street,east,jordanian,8,False,,homemaker,,1119,139.8,False,walk,False,low_income|no_car
c_0443,وفاء,Wafaa,29,f,wehdat,31.92018,35.95924,none,True,True,high,True,08:00,16:00,middle,False,,,qweismeh,Qweismeh,القويسمة,Al-Qweismeh,القويسمة,osm_street,east,jordanian,5,False,,employed,False,2665,532.9,False,car_driver,True,worker
c_0444,ماهر,Maher,28,m,abdali,31.8907,35.84517,none,True,True,high,True,08:00,15:00,high,True,زوجتي,my wife,marj_al_hamam,Marj Al-Hamam,مرج الحمام,Iskan Alia,إسكان عالية,osm_street,west,jordanian,4,False,,employed,False,3484,871.0,False,car_driver,True,worker
c_0445,نادية,Nadia,32,f,abdali,31.96809,35.90513,none,True,True,high,False,,,high,False,,,al_abdali,Al-Abdali,العبدلي,Jabal Al-Hussein,جبل الحسين,osm_street,west,jordanian,5,False,,homemaker,,3675,735.1,False,car_driver,True,
c_0446,عبدالله,Abdullah,19,m,sweileh,32.04172,35.89432,none,False,True,medium,False,,,middle,True,أمي,my mother,abu_nseir,Abu Nseir,أبو نصير,Abu Nseir Housing,إسكان أبو نصير,osm_street,west,jordanian,7,False,,unemployed,,1756,250.9,False,walk,True,no_car|student
c_0447,جميلة,Jamila,21,f,abdali,31.9837,35.89271,none,False,True,high,False,,,middle,True,أمي,my mother,al_abdali,Al-Abdali,العبدلي,Al-Abdaliyeh,العبدلية,osm_street,west,jordanian,6,False,,student,,2169,361.4,False,car_passenger,True,no_car|student
c_0448,جمال,Jamal,20,m,wehdat,31.92174,35.91356,none,True,True,medium,False,,,middle,False,,,ras_al_ein,Ras Al-Ein,رأس العين,Al-Zuhour,الزهور,osm_street,east,jordanian,4,False,,student,,1584,396.1,False,car_driver,False,student
c_0449,دانا,Dana,48,f,abdali,31.93973,35.85994,none,False,True,high,True,08:00,16:00,middle,True,زوجي,my husband,zahran,Zahran,زهران,Deir Ghbar,دير غبار,osm_street,west,jordanian,4,False,,employed,False,1831,457.7,False,car_passenger,True,no_car|worker
c_0450,حسن,Hasan,35,m,abdali,31.95242,35.91657,none,True,True,medium,False,,,middle,True,أخوي,my brother,al_abdali,Al-Abdali,العبدلي,Jabal Al-Weibdeh,جبل اللويبدة,osm_street,west,jordanian,7,False,,unemployed,,3551,507.2,False,car_driver,False,
c_0451,هاني,Hani,32,m,wehdat,31.92838,35.9611,none,True,True,high,True,10:00,18:00,middle,False,,,qweismeh,Qweismeh,القويسمة,Al-Qweismeh,القويسمة,osm_street,east,jordanian,10,False,,employed,False,2158,215.8,False,car_driver,False,worker
c_0452,ماهر,Maher,66,m,wehdat,31.88569,35.93684,limited,True,True,low,False,,,middle,False,,,qweismeh,Qweismeh,القويسمة,Al-Jweideh,الجويدة,osm_street,east,jordanian,7,True,seeing|walking,retired,,1346,192.3,False,car_driver,False,elderly|disabled|offline
c_0453,خالد,Khaled,33,m,wehdat,31.90619,35.95875,none,True,True,high,False,,,low,True,أخوي,my brother,qweismeh,Qweismeh,القويسمة,Jabal Al-Hadid,جبل الحديد,osm_street,east,jordanian,8,False,,unemployed,,1099,137.4,False,car_driver,True,low_income
c_0454,زينب,Zainab,62,f,wehdat,31.88219,35.92488,none,False,True,low,True,08:00,15:00,middle,True,حفيدي,my grandson,qweismeh,Qweismeh,القويسمة,Al-Jweideh,الجويدة,osm_street,east,jordanian,7,False,,employed,True,1914,273.4,False,taxi,False,no_car|offline|worker
c_0455,عمر,Omar,25,m,jabal_al_hussein,31.9602,35.9413,none,True,True,medium,True,09:00,17:00,middle,True,أختي,my sister,basman,Basman,بسمان,Raghadan,رغدان,osm_street,east,jordanian,5,False,,employed,True,2812,562.3,False,car_driver,False,worker
c_0456,سميرة,Samira,35,f,marka,31.97746,35.99404,none,False,True,low,False,,,low,False,,,marka,Marka,ماركا,Marka (airport side),ماركا - المطار,osm_street,east,jordanian,9,False,,homemaker,,1460,162.2,False,car_passenger,False,low_income|no_car|offline
c_0457,لينا,Lina,48,f,marka,31.95919,35.96354,none,True,True,medium,False,,,middle,False,,,al_nasr,Al-Nasr,النصر,Jabal Al-Taj,جبل التاج,osm_street,east,jordanian,2,False,,homemaker,,1036,518.0,False,car_driver,False,
c_0458,نور,Noor,44,f,jabal_al_hussein,31.96221,35.97243,none,False,True,high,False,,,middle,False,,,basman,Basman,بسمان,Al-Mahatta,المحطة,osm_street,east,jordanian,8,False,,homemaker,,1886,235.8,False,car_passenger,True,no_car
c_0459,سامي,Sami,32,m,wehdat,31.8595,35.94114,none,False,True,medium,True,08:00,15:00,middle,False,,,kherbet_al_souk,Kherbet Al-Souk,خريبة السوق وجاوا واليادودة,Jawa,جاوا,osm_street,east,jordanian,9,False,,employed,False,2434,270.5,False,taxi,True,no_car|worker
c_0460,خالد,Khaled,56,m,marka,31.96391,35.98244,none,False,True,low,True,07:00,16:00,low,True,جاري,my neighbour,marka,Marka,ماركا,Marka Al-Janoubiya,ماركا الجنوبية,osm_street,east,jordanian,10,False,,employed,False,495,49.5,True,bus_brt,False,low_income|no_car|offline|worker
c_0461,زيد,Zaid,43,m,wehdat,31.86673,35.93026,none,True,True,medium,True,10:00,18:00,middle,True,زوجتي,my wife,kherbet_al_souk,Kherbet Al-Souk,خريبة السوق وجاوا واليادودة,Khraibet Al-Souk,خريبة السوق,osm_street,east,jordanian,3,False,,employed,True,1204,401.3,False,car_driver,False,worker
c_0462,جمال,Jamal,25,m,jabal_al_hussein,31.98529,35.95081,none,True,True,high,True,07:00,16:00,low,True,زوجتي,my wife,basman,Basman,بسمان,Al-Qusour,القصور,osm_street,east,jordanian,7,False,,employed,True,1211,173.0,False,car_driver,True,low_income|worker
c_0463,رنا,Rana,34,f,downtown,31.95296,35.93574,none,True,True,medium,False,,,high,True,بنتي,my daughter,al_madinah,Al-Madinah,المدينة,Al-Balad (Downtown),البلد,osm_street,east,jordanian,1,False,,homemaker,,1024,1024.1,False,car_driver,False,
c_0464,ليلى,Layla,62,f,wehdat,31.94228,35.92379,limited,False,True,low,False,,,low,False,,,al_yarmouk,Al-Yarmouk,اليرموك,Jabal Al-Ashrafiyeh,جبل الأشرفية,osm_street,east,jordanian,7,True,seeing|walking|self_care|communication,retired,,680,97.1,True,taxi,False,disabled|low_income|no_car|offline
c_0465,هالة,Hala,22,f,wehdat,31.89091,36.07205,none,False,True,medium,False,,,low,False,,,uhod,Uhod,أحد,Al-Manakher,المناخر,osm_street,east,jordanian,10,False,,student,,1289,128.9,False,bus_brt,False,low_income|no_car|student
c_0466,سعاد,Suad,54,f,jabal_al_hussein,31.97176,35.96681,none,True,True,low,False,,,middle,True,جاري,my neighbour,basman,Basman,بسمان,Al-Mahatta,المحطة,osm_street,east,jordanian,6,False,,homemaker,,1302,217.1,False,car_driver,False,offline
c_0467,عيسى,Issa,24,m,wehdat,31.93475,35.92867,none,True,True,high,True,07:00,16:00,high,True,أخوي,my brother,ras_al_ein,Ras Al-Ein,رأس العين,Jabal Al-Nadhif,جبل النظيف,osm_street,east,jordanian,7,False,,employed,False,5464,780.6,False,car_driver,True,worker
c_0468,جميلة,Jamila,56,f,marka,31.96612,35.98642,none,True,True,medium,False,,,middle,True,زوجي,my husband,marka,Marka,ماركا,Marka Al-Janoubiya,ماركا الجنوبية,osm_street,east,jordanian,5,False,,homemaker,,1600,319.9,False,car_driver,False,
c_0469,ريم,Reem,37,f,wehdat,31.89468,35.94604,none,False,True,high,True,07:00,16:00,high,False,,,qweismeh,Qweismeh,القويسمة,Al-Raqim,الرقيم,osm_street,east,jordanian,4,False,,employed,False,3898,974.6,False,car_passenger,False,no_car|worker
c_0470,لينا,Lina,34,f,sweileh,32.02312,35.91305,none,True,True,high,False,,,low,False,,,shafa_badran,Shafa Badran,شفا بدران,Applied Science University area,منطقة جامعة العلوم التطبيقية,osm_street,west,jordanian,9,False,,homemaker,,1692,188.0,False,car_driver,True,low_income
c_0471,وفاء,Wafaa,25,f,jabal_al_hussein,31.98129,35.955,none,True,True,high,True,08:00,16:00,middle,True,أخوي,my brother,basman,Basman,بسمان,Al-Qusour,القصور,osm_street,east,jordanian,4,False,,employed,True,1573,393.3,False,car_driver,False,worker
c_0472,نور,Noor,22,f,sweileh,32.01833,35.87282,none,False,True,medium,False,,,low,True,أمي,my mother,jubeiha,Jubeiha,الجبيهة,University of Jordan area,منطقة الجامعة الأردنية,osm_street,west,jordanian,8,False,,student,,1317,164.6,False,taxi,False,low_income|no_car|student
c_0473,عبدالله,Abdullah,40,m,khalda,31.99005,35.87283,none,True,True,high,True,09:00,17:00,high,False,,,tla_al_ali,Tla' Al-Ali,تلاع العلي وأم السماق وخلدا,Al-Gardens,الجاردنز,osm_street,west,jordanian,5,False,,employed,False,3462,692.4,False,car_driver,True,worker
c_0474,هدى,Huda,31,f,sweileh,32.02366,35.8561,none,False,True,high,False,,,middle,True,أخوي,my brother,jubeiha,Jubeiha,الجبيهة,Al-Jubeiha,الجبيهة,osm_street,west,jordanian,8,False,,homemaker,,1773,221.6,False,bus_brt,True,no_car
c_0475,سليمان,Suleiman,34,m,sweileh,32.00274,35.82033,none,True,True,high,False,,,middle,True,أخوي,my brother,sweileh,Sweileh,صويلح,Al-Kamaliyeh,الكمالية,osm_street,west,jordanian,5,False,,out_of_labour_force,,2447,489.5,False,car_driver,True,
c_0476,وفاء,Wafaa,60,f,wehdat,31.91812,35.95494,none,False,True,low,False,,,low,True,ابني,my son,qweismeh,Qweismeh,القويسمة,Al-Qweismeh,القويسمة,osm_street,east,jordanian,6,False,,unemployed,,1019,169.8,False,bus_brt,False,low_income|no_car|offline
c_0477,لينا,Lina,35,f,jabal_al_hussein,31.95733,35.9376,none,False,True,medium,False,,,middle,True,زوجي,my husband,basman,Basman,بسمان,Raghadan,رغدان,osm_street,east,jordanian,7,False,,homemaker,,2734,390.6,False,walk,False,no_car
c_0478,رهف,Rahaf,19,f,sweileh,32.02843,35.83245,none,False,True,medium,False,,,middle,False,,,sweileh,Sweileh,صويلح,Sweileh,صويلح,osm_street,west,jordanian,10,False,,student,,4339,433.9,False,car_passenger,False,no_car|student
c_0479,علي,Ali,43,m,marka,31.96343,35.95727,none,False,True,medium,False,,,low,False,,,al_nasr,Al-Nasr,النصر,Jabal Al-Nasr,جبل النصر,osm_street,east,jordanian,4,False,,unemployed,,464,116.0,False,car_passenger,False,low_income|no_car
c_0480,فاطمة,Fatima,25,f,khalda,31.96677,35.84635,none,True,True,low,False,,,low,True,أخوي,my brother,wadi_al_seer,Wadi Al-Seer,وادي السير,Al-Rawabi,الروابي,osm_street,west,jordanian,6,False,,homemaker,,619,103.2,False,car_driver,False,low_income|offline
c_0481,هاني,Hani,23,m,downtown,31.9363,35.90584,none,True,True,medium,False,,,middle,True,أبوي,my father,bader,Bader,بدر,Jabal Nazzal,جبل النزال,osm_street,east,jordanian,10,False,,student,,2343,234.3,False,car_driver,True,student
c_0482,سارة,Sara,64,f,wehdat,31.90746,35.96583,none,True,True,low,False,,,low,False,,,qweismeh,Qweismeh,القويسمة,Abu Alanda,أبو علندا,osm_street,east,jordanian,9,False,,retired,,799,88.8,True,car_driver,False,low_income|offline
c_0483,عمر,Omar,26,m,wehdat,31.8943,35.94728,none,True,True,medium,False,,,middle,False,,,qweismeh,Qweismeh,القويسمة,Al-Raqim,الرقيم,osm_street,east,jordanian,2,False,,unemployed,,438,218.8,False,car_driver,True,
c_0484,خديجة,Khadija,34,f,sweileh,32.01734,35.8805,none,True,True,medium,True,08:00,16:00,middle,True,أخوي,my brother,jubeiha,Jubeiha,الجبيهة,University of Jordan area,منطقة الجامعة الأردنية,osm_street,west,jordanian,3,False,,employed,True,1170,390.0,False,car_driver,True,worker
c_0485,هالة,Hala,46,f,jabal_al_hussein,31.962,35.97462,none,False,True,high,False,,,middle,False,,,basman,Basman,بسمان,Al-Mahatta,المحطة,osm_street,east,jordanian,9,True,cognition,homemaker,,3045,338.3,False,walk,True,no_car
c_0486,مريم,Maryam,47,f,sweileh,32.02745,35.8743,none,True,True,medium,True,09:00,17:00,middle,False,,,jubeiha,Jubeiha,الجبيهة,Jubeiha East,الجبيهة الشرقية,osm_street,west,jordanian,9,False,,employed,False,2293,254.8,False,car_driver,False,worker
c_0487,سامي,Sami,46,m,jabal_al_hussein,31.95735,35.94344,none,True,True,medium,True,07:00,16:00,middle,True,أختي,my sister,basman,Basman,بسمان,Al-Hashmi Al-Janoubi,الهاشمي الجنوبي,osm_street,east,jordanian,6,False,,employed,False,1215,202.6,False,car_driver,True,worker
c_0488,علي,Ali,33,m,wehdat,31.91201,35.95612,none,True,True,high,True,10:00,18:00,middle,True,أختي,my sister,qweismeh,Qweismeh,القويسمة,Jabal Al-Hadid,جبل الحديد,osm_street,east,jordanian,4,False,,employed,False,1872,467.9,False,car_driver,True,worker
c_0489,لينا,Lina,31,f,sweileh,32.04731,35.88505,none,True,True,high,False,,,high,False,,,abu_nseir,Abu Nseir,أبو نصير,Abu Nseir Housing,إسكان أبو نصير,osm_street,west,jordanian,5,False,,homemaker,,3089,617.8,False,car_driver,False,
c_0490,إبراهيم,Ibrahim,36,m,downtown,31.93329,35.91076,none,True,True,medium,True,08:00,15:00,low,True,أخوي,my brother,bader,Bader,بدر,Jabal Nazzal,جبل النزال,osm_street,east,jordanian,4,False,,employed,False,471,117.9,False,car_driver,False,low_income|worker
c_0491,عمر,Omar,22,m,marka,31.96738,35.9523,none,False,True,medium,True,08:00,16:00,middle,True,أبوي,my father,al_nasr,Al-Nasr,النصر,Prince Hassan Camp,مخيم الأمير حسن,osm_street,east,jordanian,7,False,,employed,True,1967,281.1,False,car_passenger,False,no_car|worker
c_0492,عمر,Omar,36,m,marka,31.96094,35.95269,none,False,True,high,True,07:00,16:00,middle,True,جاري,my neighbour,al_nasr,Al-Nasr,النصر,Jabal Al-Taj,جبل التاج,osm_street,east,jordanian,5,False,,employed,True,1905,380.9,False,car_passenger,False,no_car|worker
c_0493,ماهر,Maher,28,m,jabal_al_hussein,31.96515,35.95821,none,True,True,high,True,10:00,18:00,high,True,أخوي,my brother,basman,Basman,بسمان,Al-Hashmi Al-Janoubi,الهاشمي الجنوبي,osm_street,east,jordanian,3,False,,employed,False,2823,940.8,False,car_driver,True,worker
c_0494,هاني,Hani,57,m,wehdat,31.91823,35.95439,none,True,True,medium,True,08:00,16:00,middle,False,,,qweismeh,Qweismeh,القويسمة,Al-Qweismeh,القويسمة,osm_street,east,jordanian,7,False,,employed,True,3275,467.9,False,car_driver,True,worker
c_0495,نادية,Nadia,50,f,tabarbour,32.01727,35.91778,none,False,True,low,False,,,low,False,,,tariq,Tariq,طارق,Dahiyat Al-Amir Hamzeh,ضاحية الأمير حمزة,osm_street,east,jordanian,8,False,,homemaker,,984,123.0,False,car_passenger,False,low_income|no_car|offline
c_0496,هاني,Hani,23,m,abdali,31.88499,35.83935,none,True,True,medium,True,08:00,16:00,middle,True,أخوي,my brother,marj_al_hamam,Marj Al-Hamam,مرج الحمام,Iskan Alia,إسكان عالية,osm_street,west,jordanian,8,False,,employed,True,3810,476.2,False,car_driver,True,worker
c_0497,عبدالله,Abdullah,42,m,wehdat,31.90143,35.9624,none,True,True,low,True,07:00,16:00,middle,False,,,qweismeh,Qweismeh,القويسمة,Jabal Al-Hadid,جبل الحديد,osm_street,east,jordanian,4,False,,employed,True,879,219.7,False,car_driver,False,offline|worker
c_0498,هدى,Huda,45,f,downtown,31.93299,35.89915,none,False,True,medium,False,,,middle,False,,,bader,Bader,بدر,Al-Dustour,الدستور,osm_street,east,jordanian,5,False,,homemaker,,1491,298.1,False,walk,False,no_car
c_0499,ليلى,Layla,40,f,marka,31.97887,35.9867,none,True,True,medium,False,,,high,False,,,marka,Marka,ماركا,Al-Rasha,الرشا,osm_street,east,jordanian,4,False,,homemaker,,4531,1132.8,False,car_driver,True,
c_0500,فادي,Fadi,60,m,marka,31.94902,35.94488,none,True,True,low,True,07:00,16:00,middle,True,حفيدي,my grandson,al_nasr,Al-Nasr,النصر,Al-Hussein Al-Sharqi,الحسين الشرقي,osm_street,east,jordanian,3,False,,employed,True,582,194.1,False,car_driver,False,offline|worker
c_0501,هالة,Hala,39,f,khalda,31.97513,35.8408,none,True,True,low,False,,,middle,False,,,wadi_al_seer,Wadi Al-Seer,وادي السير,Al-Kursi,الكرسي,osm_street,west,jordanian,6,False,,homemaker,,2801,466.8,False,car_driver,False,offline
c_0502,ليث,Laith,16,m,marka,31.94183,35.95995,none,False,True,medium,False,,,low,False,,,al_nasr,Al-Nasr,النصر,Al-Manara,المنارة,osm_street,east,jordanian,6,False,,student,,639,106.5,False,walk,False,low_income|no_car
c_0503,علي,Ali,73,m,wehdat,31.94639,35.93698,none,False,True,low,False,,,low,True,ابني,my son,ras_al_ein,Ras Al-Ein,رأس العين,Al-Muhajireen,المهاجرين,osm_street,east,jordanian,5,False,,retired,,820,164.0,False,taxi,False,elderly|low_income|no_car|offline
c_0504,فاطمة,Fatima,64,f,wehdat,31.88836,35.93015,none,True,True,medium,False,,,middle,False,,,qweismeh,Qweismeh,القويسمة,Al-Jweideh,الجويدة,osm_street,east,jordanian,6,False,,retired,,1369,228.2,False,car_driver,False,
c_0505,أم محمد,Um Mohammad,22,f,wehdat,31.91263,35.9622,none,False,True,medium,False,,,middle,True,أبوي,my father,qweismeh,Qweismeh,القويسمة,Jabal Al-Hadid,جبل الحديد,osm_street,east,jordanian,7,False,,student,,1478,211.1,False,taxi,True,no_car|student
c_0506,مصطفى,Mustafa,22,m,sweileh,32.00668,35.82005,none,True,True,high,False,,,middle,True,أمي,my mother,sweileh,Sweileh,صويلح,Al-Kamaliyeh,الكمالية,osm_street,west,jordanian,5,False,,student,,1280,256.1,False,car_driver,True,student
c_0507,فاطمة,Fatima,29,f,sweileh,32.00963,35.87086,none,False,True,high,False,,,low,False,,,jubeiha,Jubeiha,الجبيهة,University of Jordan area,منطقة الجامعة الأردنية,osm_street,west,jordanian,7,False,,homemaker,,1263,180.4,False,car_passenger,False,low_income|no_car
c_0508,زينب,Zainab,24,f,downtown,31.94075,35.89379,none,False,True,high,False,,,middle,True,أمي,my mother,bader,Bader,بدر,Al-Dustour,الدستور,osm_street,east,jordanian,3,False,,student,,1015,338.3,False,car_passenger,False,no_car|student
c_0509,ريم,Reem,34,f,sweileh,32.02629,35.8723,none,True,True,high,False,,,high,True,ابني,my son,jubeiha,Jubeiha,الجبيهة,Jubeiha East,الجبيهة الشرقية,osm_street,west,jordanian,1,False,,homemaker,,3999,3999.3,False,car_driver,False,
c_0510,دانا,Dana,30,f,sweileh,32.03293,35.86264,none,False,True,medium,False,,,high,True,أختي,my sister,jubeiha,Jubeiha,الجبيهة,Al-Jubeiha,الجبيهة,osm_street,west,jordanian,5,False,,homemaker,,3141,628.3,False,bus_brt,False,no_car
c_0511,علي,Ali,16,m,sweileh,32.03704,35.83462,none,False,True,medium,False,,,middle,False,,,sweileh,Sweileh,صويلح,Sweileh West,صويلح الغربي,osm_street,west,jordanian,5,False,,student,,1024,204.8,False,walk,False,no_car
c_0512,أحمد,Ahmad,20,m,wehdat,31.85742,35.91412,none,True,True,high,True,10:00,18:00,middle,True,أمي,my mother,kherbet_al_souk,Kherbet Al-Souk,خريبة السوق وجاوا واليادودة,Al-Yadudeh,اليادودة,osm_street,east,jordanian,4,False,,employed,True,1561,390.1,False,car_driver,False,worker
c_0513,ليلى,Layla,58,f,jabal_al_hussein,31.97277,35.94677,limited,False,True,low,False,,,middle,True,أختي,my sister,basman,Basman,بسمان,Al-Hashmi Al-Shamali,الهاشمي الشمالي,osm_street,east,jordanian,5,True,seeing|walking|cognition,homemaker,,1843,368.6,False,car_passenger,False,disabled|no_car|offline
c_0514,زيد,Zaid,24,m,wehdat,31.92848,35.96041,none,True,True,high,False,,,low,False,,,qweismeh,Qweismeh,القويسمة,Al-Qweismeh,القويسمة,osm_street,east,jordanian,9,False,,unemployed,,1418,157.6,False,car_driver,False,low_income|student
c_0515,هاني,Hani,29,m,abdali,31.95494,35.91228,none,True,True,high,False,,,middle,False,,,al_abdali,Al-Abdali,العبدلي,Jabal Al-Weibdeh,جبل اللويبدة,osm_street,west,jordanian,7,False,,unemployed,,3918,559.7,False,car_driver,True,
c_0516,جميلة,Jamila,21,f,jabal_al_hussein,31.95157,35.95139,none,False,True,high,False,,,middle,True,أبوي,my father,basman,Basman,بسمان,Al-Hashmi Al-Janoubi,الهاشمي الجنوبي,osm_street,east,jordanian,6,False,,student,,2491,415.2,False,car_passenger,False,no_car|student
c_0517,إبراهيم,Ibrahim,21,m,khalda,31.95271,35.86199,none,True,True,medium,False,,,high,True,أخوي,my brother,wadi_al_seer,Wadi Al-Seer,وادي السير,Al-Sweifieh,الصويفية,osm_street,west,jordanian,5,False,,student,,8558,1711.5,False,car_driver,True,student
c_0518,آمنة,Amina,17,f,abdali,31.96745,35.9004,none,False,True,medium,False,,,middle,True,أبوي,my father,al_abdali,Al-Abdali,العبدلي,Al-Shmeisani,الشميساني,osm_street,west,jordanian,5,False,,student,,1921,384.1,False,car_passenger,True,no_car
c_0519,عبير,Abeer,22,f,marka,31.94926,35.94793,none,True,True,medium,False,,,middle,True,أبوي,my father,al_nasr,Al-Nasr,النصر,Al-Hussein Al-Sharqi,الحسين الشرقي,osm_street,east,jordanian,4,False,,student,,975,243.7,False,car_driver,False,student
c_0520,محمد,Mohammad,46,m,khalda,31.96335,35.83905,none,True,True,high,True,08:00,16:00,middle,False,,,wadi_al_seer,Wadi Al-Seer,وادي السير,Al-Kursi,الكرسي,osm_street,west,jordanian,5,False,,employed,False,1909,381.9,False,car_driver,False,worker
c_0521,سعاد,Suad,27,f,downtown,31.93396,35.89836,none,True,True,low,False,,,middle,True,زوجي,my husband,bader,Bader,بدر,Jabal Nazzal,جبل النزال,osm_street,east,jordanian,3,False,,homemaker,,792,264.0,False,car_driver,False,offline
c_0522,فاطمة,Fatima,44,f,wehdat,31.8975,35.90829,none,True,True,high,False,,,middle,False,,,al_mgablein,Al-Mgablein,المقابلين,Umm Quseir,أم قصير,osm_street,east,jordanian,7,False,,homemaker,,1820,260.0,False,car_driver,False,
c_0523,عمر,Omar,36,m,sweileh,32.01588,35.8708,none,True,True,medium,True,08:00,16:00,high,True,أخوي,my brother,jubeiha,Jubeiha,الجبيهة,University of Jordan area,منطقة الجامعة الأردنية,osm_street,west,jordanian,5,False,,employed,True,5116,1023.2,False,car_driver,False,worker
c_0524,محمد,Mohammad,36,m,downtown,31.9464,35.90382,none,False,True,high,True,08:00,16:00,middle,True,زوجتي,my wife,bader,Bader,بدر,Jabal Nazzal,جبل النزال,osm_street,east,jordanian,5,False,,employed,True,1194,238.8,False,taxi,True,no_car|worker
c_0525,مصطفى,Mustafa,26,m,wehdat,31.94869,35.91241,none,True,True,low,True,07:00,16:00,low,True,أخوي,my brother,ras_al_ein,Ras Al-Ein,رأس العين,Ras Al-Ein,رأس العين,osm_street,east,jordanian,6,False,,employed,False,1083,180.5,False,car_driver,False,low_income|offline|worker
c_0526,جمال,Jamal,68,m,tabarbour,32.00042,35.93479,wheelchair,False,False,low,False,,,middle,True,ابني,my son,tariq,Tariq,طارق,Tabarbour,طبربور,osm_street,east,jordanian,6,True,seeing|walking|cognition|hearing,retired,,1855,309.2,False,car_passenger,False,elderly|disabled|no_car|offline
c_0527,سارة,Sara,46,f,sweileh,32.04858,35.89094,none,False,True,medium,False,,,middle,True,زوجي,my husband,abu_nseir,Abu Nseir,أبو نصير,Abu Nseir Housing,إسكان أبو نصير,osm_street,west,jordanian,6,False,,homemaker,,1476,246.0,False,car_passenger,False,no_car
c_0528,وفاء,Wafaa,21,f,khalda,31.95117,35.82186,none,True,True,high,False,,,high,True,أبوي,my father,wadi_al_seer,Wadi Al-Seer,وادي السير,Wadi Al-Seer,وادي السير,osm_street,west,jordanian,9,False,,student,,8660,962.2,False,car_driver,True,student
c_0529,جميلة,Jamila,57,f,wehdat,31.90668,35.96427,none,True,True,medium,False,,,middle,True,بنتي,my daughter,qweismeh,Qweismeh,القويسمة,Abu Alanda,أبو علندا,osm_street,east,jordanian,1,False,,homemaker,,239,238.6,False,car_driver,False,
c_0530,جمال,Jamal,46,m,tabarbour,32.00112,35.92419,none,True,True,high,False,,,low,True,زوجتي,my wife,tariq,Tariq,طارق,Qatna,قطنة,osm_street,east,jordanian,6,True,seeing,out_of_labour_force,,930,155.1,False,car_driver,True,low_income
c_0531,ماهر,Maher,30,m,abdali,31.94406,35.90409,none,False,True,high,True,07:00,16:00,high,False,,,zahran,Zahran,زهران,Wadi Abdoun,وادي عبدون,osm_street,west,jordanian,5,False,,employed,False,3714,742.8,False,car_passenger,True,no_car|worker
c_0532,خالد,Khaled,73,m,khalda,31.96843,35.85306,none,True,True,high,False,,,middle,True,بنتي,my daughter,wadi_al_seer,Wadi Al-Seer,وادي السير,Al-Rawabi,الروابي,osm_street,west,jordanian,4,False,,retired,,1506,376.6,False,car_driver,False,elderly
c_0533,وفاء,Wafaa,22,f,sweileh,32.02972,35.90999,none,False,True,low,False,,,low,True,أخوي,my brother,shafa_badran,Shafa Badran,شفا بدران,Applied Science University area,منطقة جامعة العلوم التطبيقية,osm_street,west,jordanian,9,False,,student,,873,96.9,True,car_passenger,False,low_income|no_car|offline|student
c_0534,هالة,Hala,62,f,abdali,31.93796,35.88011,none,False,True,low,False,,,high,True,حفيدي,my grandson,zahran,Zahran,زهران,Abdoun,عبدون,osm_street,west,jordanian,5,False,,retired,,3080,616.0,False,walk,False,no_car|offline
c_0535,سعاد,Suad,62,f,khalda,31.95163,35.81714,none,False,True,high,False,,,middle,True,ابني,my son,wadi_al_seer,Wadi Al-Seer,وادي السير,Wadi Al-Seer,وادي السير,osm_street,west,jordanian,7,False,,retired,,1599,228.4,False,car_passenger,True,no_car
c_0536,جميلة,Jamila,57,f,marka,31.96142,35.96466,none,False,False,low,False,,,middle,False,,,al_nasr,Al-Nasr,النصر,Jabal Al-Nasr,جبل النصر,osm_street,east,jordanian,8,True,seeing|cognition|hearing,homemaker,,2224,278.1,False,bus_brt,False,no_car|offline
c_0537,علي,Ali,51,m,wehdat,31.9308,35.93608,none,True,True,medium,False,,,middle,True,أختي,my sister,al_yarmouk,Al-Yarmouk,اليرموك,Al-Wehdat,الوحدات,osm_street,east,jordanian,4,False,,out_of_labour_force,,1143,285.8,False,car_driver,False,
c_0538,سلمى,Salma,35,f,wehdat,31.92726,35.95681,none,True,True,medium,False,,,low,True,أخوي,my brother,qweismeh,Qweismeh,القويسمة,Al-Qweismeh,القويسمة,osm_street,east,jordanian,7,False,,homemaker,,1007,143.8,False,car_driver,False,low_income
c_0539,هالة,Hala,54,f,wehdat,31.84803,35.93822,none,False,True,low,False,,,low,True,جاري,my neighbour,kherbet_al_souk,Kherbet Al-Souk,خريبة السوق وجاوا واليادودة,Jawa,جاوا,osm_street,east,jordanian,5,False,,homemaker,,440,87.9,True,car_passenger,False,low_income|no_car|offline
c_0540,إبراهيم,Ibrahim,18,m,khalda,31.99131,35.83743,none,True,True,medium,True,07:00,16:00,high,True,أخوي,my brother,tla_al_ali,Tla' Al-Ali,تلاع العلي وأم السماق وخلدا,Khalda,خلدا,osm_street,west,jordanian,4,False,,employed,True,3649,912.2,False,car_driver,False,worker
c_0541,مريم,Maryam,21,f,wehdat,31.91356,35.96382,none,False,True,high,False,,,low,True,أبوي,my father,qweismeh,Qweismeh,القويسمة,Jabal Al-Hadid,جبل الحديد,osm_street,east,jordanian,6,False,,student,,458,76.4,True,service_taxi,True,low_income|no_car|student
c_0542,أم محمد,Um Mohammad,78,f,abdali,31.94461,35.88488,limited,False,True,low,False,,,middle,True,ابني,my son,zahran,Zahran,زهران,Hay Zahran,حي زهران,osm_street,west,jordanian,4,True,walking,retired,,1286,321.5,False,car_passenger,True,elderly|disabled|no_car|offline
c_0543,هالة,Hala,21,f,wehdat,31.90732,35.95441,none,False,True,medium,False,,,low,True,أخوي,my brother,qweismeh,Qweismeh,القويسمة,Jabal Al-Hadid,جبل الحديد,osm_street,east,jordanian,6,False,,unemployed,,927,154.5,False,taxi,True,low_income|no_car|student
c_0544,نادية,Nadia,17,f,marka,31.94368,35.9608,none,False,True,high,False,,,low,True,أبوي,my father,al_nasr,Al-Nasr,النصر,Al-Manara,المنارة,osm_street,east,jordanian,7,False,,student,,1225,175.0,False,bus_brt,True,low_income|no_car
c_0545,نبيل,Nabil,41,m,sweileh,32.04731,35.88495,none,True,True,medium,True,08:00,16:00,high,False,,,abu_nseir,Abu Nseir,أبو نصير,Abu Nseir Housing,إسكان أبو نصير,osm_street,west,jordanian,2,False,,employed,True,3158,1579.0,False,car_driver,True,worker
c_0546,رولا,Rula,35,f,khalda,31.98432,35.84892,none,True,True,high,False,,,high,True,جاري,my neighbour,tla_al_ali,Tla' Al-Ali,تلاع العلي وأم السماق وخلدا,Umm Al-Summaq,أم السماق,osm_street,west,jordanian,5,False,,homemaker,,5034,1006.8,False,car_driver,False,
c_0547,سارة,Sara,19,f,abdali,31.97925,35.89473,none,True,True,medium,False,,,low,False,,,al_abdali,Al-Abdali,العبدلي,Al-Abdaliyeh,العبدلية,osm_street,west,jordanian,5,False,,student,,754,150.7,False,car_driver,True,low_income|student
c_0548,إبراهيم,Ibrahim,43,m,marka,31.95931,35.96112,limited,True,True,low,False,,,low,True,زوجتي,my wife,al_nasr,Al-Nasr,النصر,Jabal Al-Nasr,جبل النصر,osm_street,east,jordanian,5,True,seeing|walking|hearing,out_of_labour_force,,867,173.3,False,car_driver,False,disabled|low_income|offline
c_0549,عبدالله,Abdullah,39,m,jabal_al_hussein,31.96921,35.94523,none,True,True,high,True,07:00,16:00,middle,True,أخوي,my brother,basman,Basman,بسمان,Raghadan,رغدان,osm_street,east,jordanian,5,False,,employed,False,1575,315.1,False,car_driver,True,worker
c_0550,جمال,Jamal,43,m,khalda,31.95698,35.81879,none,True,True,medium,True,08:00,15:00,high,True,زوجتي,my wife,wadi_al_seer,Wadi Al-Seer,وادي السير,Wadi Al-Seer,وادي السير,osm_street,west,jordanian,4,False,,employed,False,17924,4481.0,False,car_driver,False,worker
c_0551,محمود,Mahmoud,41,m,wehdat,31.89161,35.88849,none,True,True,low,True,08:00,16:00,low,False,,,al_mgablein,Al-Mgablein,المقابلين,Al-Muqabalain,المقابلين,osm_street,east,jordanian,8,False,,employed,True,1262,157.7,False,car_driver,False,low_income|offline|worker
c_0552,إبراهيم,Ibrahim,19,m,khalda,31.98973,35.88129,none,False,True,high,True,08:00,16:00,middle,True,أخوي,my brother,tla_al_ali,Tla' Al-Ali,تلاع العلي وأم السماق وخلدا,Al-Gardens,الجاردنز,osm_street,west,jordanian,4,False,,employed,True,1815,453.8,False,car_passenger,True,no_car|worker
c_0553,سارة,Sara,44,f,wehdat,31.94217,35.92337,none,False,True,high,False,,,middle,True,زوجي,my husband,ras_al_ein,Ras Al-Ein,رأس العين,Ras Al-Ein,رأس العين,osm_street,east,jordanian,8,False,,homemaker,,2389,298.6,False,walk,True,no_car
c_0554,رنا,Rana,24,f,sweileh,32.02414,35.84695,none,False,True,medium,False,,,middle,True,أبوي,my father,sweileh,Sweileh,صويلح,Sweileh,صويلح,osm_street,west,jordanian,10,False,,student,,3555,355.5,False,car_passenger,True,no_car|student
c_0555,رهف,Rahaf,58,f,wehdat,31.92608,35.94751,none,False,True,medium,False,,,middle,False,,,qweismeh,Qweismeh,القويسمة,Al-Qweismeh,القويسمة,osm_street,east,jordanian,7,False,,homemaker,,2217,316.7,False,car_passenger,False,no_car
c_0556,أحمد,Ahmad,47,m,sweileh,32.0299,35.87217,none,True,True,medium,True,10:00,18:00,high,False,,,jubeiha,Jubeiha,الجبيهة,Al-Jubeiha,الجبيهة,osm_street,west,jordanian,5,False,,employed,False,8314,1662.8,False,car_driver,True,worker
c_0557,دانا,Dana,53,f,tabarbour,32.02267,35.92625,none,False,True,medium,False,,,high,True,زوجي,my husband,tariq,Tariq,طارق,Dahiyat Al-Amir Hamzeh,ضاحية الأمير حمزة,osm_street,east,jordanian,2,False,,homemaker,,1614,807.0,False,taxi,True,no_car
c_0558,فادي,Fadi,52,m,sweileh,32.01779,35.8754,none,False,True,low,True,09:00,17:00,low,True,أخوي,my brother,jubeiha,Jubeiha,الجبيهة,Jubeiha East,الجبيهة الشرقية,osm_street,west,jordanian,7,False,,employed,False,621,88.7,True,service_taxi,False,low_income|no_car|offline|worker
c_0559,رنا,Rana,23,f,wehdat,31.85168,35.94073,none,True,True,medium,False,,,middle,False,,,kherbet_al_souk,Kherbet Al-Souk,خريبة السوق وجاوا واليادودة,Jawa,جاوا,osm_street,east,jordanian,8,False,,student,,2046,255.8,False,car_driver,True,student
c_0560,طارق,Tareq,19,m,wehdat,31.87767,35.9222,none,True,True,medium,True,07:00,16:00,high,True,أمي,my mother,kherbet_al_souk,Kherbet Al-Souk,خريبة السوق وجاوا واليادودة,Khraibet Al-Souk,خريبة السوق,osm_street,east,jordanian,4,False,,employed,True,2590,647.4,False,car_driver,False,worker
c_0561,جمال,Jamal,45,m,abdali,31.89599,35.83018,none,False,True,low,True,08:00,15:00,low,True,زوجتي,my wife,marj_al_hamam,Marj Al-Hamam,مرج الحمام,Marj Al-Hamam,مرج الحمام,osm_street,west,jordanian,10,False,,employed,False,1736,173.6,False,car_passenger,True,low_income|no_car|offline|worker
c_0562,عبير,Abeer,60,f,abdali,31.90572,35.83572,wheelchair,False,True,low,False,,,low,True,حفيدي,my grandson,marj_al_hamam,Marj Al-Hamam,مرج الحمام,Circassian Quarter,الحي الشركسي,osm_street,west,jordanian,6,True,seeing|walking,retired,,773,128.8,False,car_passenger,False,disabled|low_income|no_car|offline
c_0563,هالة,Hala,26,f,wehdat,31.90573,35.97108,none,True,True,medium,False,,,middle,True,جاري,my neighbour,qweismeh,Qweismeh,القويسمة,Abu Alanda,أبو علندا,osm_street,east,jordanian,6,False,,homemaker,,1943,323.9,False,car_driver,False,
c_0564,عيسى,Issa,28,m,marka,31.9573,35.95657,none,False,True,high,False,,,low,True,أخوي,my brother,al_nasr,Al-Nasr,النصر,Al-Hussein Al-Sharqi,الحسين الشرقي,osm_street,east,jordanian,8,False,,unemployed,,408,51.0,True,taxi,True,low_income|no_car
c_0565,رامي,Rami,40,m,wehdat,31.93724,35.94606,none,True,True,medium,True,07:00,16:00,low,True,زوجتي,my wife,al_yarmouk,Al-Yarmouk,اليرموك,Al-Wehdat,الوحدات,osm_street,east,jordanian,7,False,,employed,False,775,110.7,False,car_driver,True,low_income|worker
c_0566,أحمد,Ahmad,44,m,khalda,31.98796,35.82246,limited,False,True,high,True,08:00,15:00,high,True,زوجتي,my wife,tla_al_ali,Tla' Al-Ali,تلاع العلي وأم السماق وخلدا,Dabouq,دابوق,osm_street,west,jordanian,3,True,seeing|walking|cognition,employed,True,6514,2171.3,False,walk,True,disabled|no_car|worker
c_0567,سليمان,Suleiman,22,m,abdali,31.94763,35.90513,none,False,True,medium,True,07:00,16:00,middle,True,أخوي,my brother,zahran,Zahran,زهران,Wadi Abdoun,وادي عبدون,osm_street,west,jordanian,5,False,,employed,True,2651,530.2,False,car_passenger,False,no_car|worker
c_0568,زيد,Zaid,33,m,marka,31.95953,35.96283,none,False,True,high,True,07:00,16:00,low,False,,,al_nasr,Al-Nasr,النصر,Jabal Al-Taj,جبل التاج,osm_street,east,jordanian,6,False,,employed,True,649,108.1,False,car_passenger,True,low_income|no_car|worker
c_0569,علي,Ali,57,m,sweileh,32.04846,35.87402,none,False,True,medium,False,,,low,True,أختي,my sister,abu_nseir,Abu Nseir,أبو نصير,Abu Nseir West,أبو نصير الغربي,osm_street,west,jordanian,7,False,,out_of_labour_force,,724,103.5,False,car_passenger,False,low_income|no_car
c_0570,سعاد,Suad,38,f,abdali,31.94015,35.88429,limited,True,False,low,False,,,middle,True,أختي,my sister,zahran,Zahran,زهران,Hay Zahran,حي زهران,osm_street,west,jordanian,6,True,walking|cognition,homemaker,,2737,456.2,False,car_driver,False,disabled|offline
c_0571,يوسف,Yousef,40,m,wehdat,31.93627,35.94049,none,False,True,medium,True,08:00,15:00,low,True,أخوي,my brother,al_yarmouk,Al-Yarmouk,اليرموك,Al-Hilal (east),الهلال,osm_street,east,jordanian,6,False,,employed,True,1112,185.3,False,walk,False,low_income|no_car|worker
c_0572,رامي,Rami,26,m,tabarbour,31.99256,35.92074,none,True,True,medium,True,08:00,15:00,middle,False,,,tariq,Tariq,طارق,Qatna,قطنة,osm_street,east,jordanian,5,False,,employed,True,1803,360.5,False,car_driver,False,worker
c_0573,فادي,Fadi,32,m,wehdat,31.94439,35.92932,none,True,True,low,True,09:00,17:00,low,False,,,al_yarmouk,Al-Yarmouk,اليرموك,Jabal Al-Ashrafiyeh,جبل الأشرفية,osm_street,east,jordanian,5,False,,employed,True,380,76.1,True,car_driver,False,low_income|offline|worker
c_0574,ليث,Laith,19,m,sweileh,32.02308,35.84657,none,True,True,medium,False,,,middle,False,,,sweileh,Sweileh,صويلح,Sweileh,صويلح,osm_street,west,jordanian,7,False,,unemployed,,2354,336.3,False,car_driver,False,student
c_0575,محمود,Mahmoud,52,m,marka,31.94049,35.96426,none,True,True,low,True,08:00,15:00,low,False,,,al_nasr,Al-Nasr,النصر,Al-Manara,المنارة,osm_street,east,jordanian,8,False,,employed,False,782,97.7,True,car_driver,False,low_income|offline|worker
c_0576,سميرة,Samira,29,f,sweileh,32.05302,35.89414,none,True,True,high,True,08:00,15:00,middle,False,,,abu_nseir,Abu Nseir,أبو نصير,Abu Nseir Housing,إسكان أبو نصير,osm_street,west,jordanian,5,False,,employed,True,2189,437.8,False,car_driver,False,worker
c_0577,سعاد,Suad,17,f,sweileh,32.01615,35.88076,none,False,True,medium,False,,,low,True,أبوي,my father,jubeiha,Jubeiha,الجبيهة,Jubeiha East,الجبيهة الشرقية,osm_street,west,jordanian,9,False,,student,,747,83.0,True,car_passenger,False,low_income|no_car
c_0578,لينا,Lina,52,f,marka,31.96374,35.9845,none,False,True,high,False,,,low,True,جاري,my neighbour,marka,Marka,ماركا,Marka Al-Janoubiya,ماركا الجنوبية,osm_street,east,jordanian,5,False,,unemployed,,696,139.1,False,car_passenger,False,low_income|no_car
c_0579,مصطفى,Mustafa,68,m,jabal_al_hussein,31.96258,35.96453,limited,False,False,low,False,,,low,True,بنتي,my daughter,basman,Basman,بسمان,Al-Mahatta,المحطة,osm_street,east,jordanian,5,True,seeing|walking|cognition,retired,,386,77.2,True,car_passenger,False,elderly|disabled|low_income|no_car|offline
c_0580,محمد,Mohammad,28,m,wehdat,31.88027,35.93146,none,True,True,medium,False,,,middle,False,,,qweismeh,Qweismeh,القويسمة,Al-Jweideh,الجويدة,osm_street,east,jordanian,2,False,,out_of_labour_force,,846,423.2,False,car_driver,True,
c_0581,سميرة,Samira,29,f,wehdat,31.9421,35.91178,none,False,True,medium,False,,,low,True,زوجي,my husband,ras_al_ein,Ras Al-Ein,رأس العين,Ras Al-Ein,رأس العين,osm_street,east,jordanian,4,False,,homemaker,,678,169.5,False,walk,True,low_income|no_car
c_0582,أم محمد,Um Mohammad,54,f,jabal_al_hussein,31.95884,35.94178,none,False,True,medium,False,,,middle,True,زوجي,my husband,basman,Basman,بسمان,Raghadan,رغدان,osm_street,east,jordanian,6,False,,unemployed,,1211,201.8,False,taxi,False,no_car
c_0583,زينب,Zainab,19,f,khalda,31.98412,35.87342,none,False,True,high,False,,,middle,True,أمي,my mother,tla_al_ali,Tla' Al-Ali,تلاع العلي وأم السماق وخلدا,Al-Gardens,الجاردنز,osm_street,west,jordanian,5,False,,student,,1528,305.5,False,service_taxi,True,no_car|student
c_0584,هالة,Hala,50,f,marka,31.95852,35.94125,none,True,True,high,False,,,middle,False,,,al_nasr,Al-Nasr,النصر,Al-Hussein Al-Sharqi,الحسين الشرقي,osm_street,east,jordanian,2,False,,homemaker,,837,418.7,False,car_driver,False,
c_0585,ريم,Reem,23,f,wehdat,31.89248,35.93808,none,False,True,medium,False,,,middle,True,أمي,my mother,qweismeh,Qweismeh,القويسمة,Al-Raqim,الرقيم,osm_street,east,jordanian,5,False,,student,,1078,215.5,False,bus_brt,False,no_car|student
c_0586,ليث,Laith,70,m,sweileh,32.00589,35.81762,limited,False,True,low,False,,,low,True,ابني,my son,sweileh,Sweileh,صويلح,Al-Kamaliyeh,الكمالية,osm_street,west,jordanian,5,True,seeing|walking|hearing,retired,,476,95.3,True,car_passenger,False,elderly|disabled|low_income|no_car|offline
c_0587,زينب,Zainab,45,f,wehdat,31.89336,35.92831,none,True,True,medium,False,,,middle,True,زوجي,my husband,qweismeh,Qweismeh,القويسمة,Al-Jweideh,الجويدة,osm_street,east,jordanian,7,False,,homemaker,,1720,245.7,False,car_driver,True,
c_0588,أم محمد,Um Mohammad,58,f,marka,31.95525,35.95474,none,False,True,medium,False,,,middle,True,أخوي,my brother,al_nasr,Al-Nasr,النصر,Jabal Al-Taj,جبل التاج,osm_street,east,jordanian,7,False,,homemaker,,1359,194.2,False,walk,True,no_car
c_0589,يوسف,Yousef,45,m,khalda,31.95887,35.85316,none,False,True,high,False,,,high,True,زوجتي,my wife,wadi_al_seer,Wadi Al-Seer,وادي السير,Al-Rawabi,الروابي,osm_street,west,jordanian,4,False,,out_of_labour_force,,4288,1072.0,False,walk,True,no_car
c_0590,حسن,Hasan,30,m,khalda,31.97366,35.84026,none,True,True,high,True,07:00,16:00,middle,True,جاري,my neighbour,wadi_al_seer,Wadi Al-Seer,وادي السير,Al-Kursi,الكرسي,osm_street,west,jordanian,8,False,,employed,False,2621,327.6,False,car_driver,True,worker
c_0591,مريم,Maryam,49,f,downtown,31.93199,35.91434,none,False,True,medium,False,,,middle,True,أخوي,my brother,bader,Bader,بدر,Al-Qwesmeh road side,طريق المطار - بدر,osm_street,east,jordanian,6,False,,homemaker,,1160,193.4,False,car_passenger,False,no_car
c_0592,مريم,Maryam,37,f,tabarbour,31.99718,35.91554,none,False,True,high,False,,,low,True,زوجي,my husband,tariq,Tariq,طارق,Qatna,قطنة,osm_street,east,jordanian,3,False,,unemployed,,374,124.6,False,car_passenger,True,low_income|no_car
c_0593,أحمد,Ahmad,17,m,wehdat,31.89571,35.88415,none,False,True,high,False,,,middle,True,أبوي,my father,al_mgablein,Al-Mgablein,المقابلين,Al-Bunayyat Al-Shamaliya,البنيات الشمالية,osm_street,east,jordanian,6,False,,student,,2425,404.1,False,car_passenger,True,no_car
c_0594,حسن,Hasan,22,m,abdali,31.94543,35.88721,none,True,True,medium,False,,,high,True,أبوي,my father,zahran,Zahran,زهران,Hay Zahran,حي زهران,osm_street,west,jordanian,6,False,,student,,12592,2098.7,False,car_driver,True,student
c_0595,علي,Ali,31,m,wehdat,31.89837,36.01545,none,True,True,high,True,09:00,17:00,high,True,زوجتي,my wife,uhod,Uhod,أحد,Al-Kashafiya,الكشافية,osm_street,east,jordanian,3,False,,employed,False,3094,1031.5,False,car_driver,False,worker
c_0596,هدى,Huda,17,f,jabal_al_hussein,31.9806,35.95012,none,False,True,medium,False,,,middle,False,,,basman,Basman,بسمان,Al-Qusour,القصور,osm_street,east,jordanian,6,False,,student,,1606,267.7,False,bus_brt,False,no_car
c_0597,مريم,Maryam,18,f,sweileh,32.02278,35.86756,none,False,True,medium,False,,,middle,True,أبوي,my father,jubeiha,Jubeiha,الجبيهة,Jubeiha East,الجبيهة الشرقية,osm_street,west,jordanian,5,False,,student,,1244,248.8,False,service_taxi,False,no_car|student
c_0598,ليث,Laith,26,m,marka,31.95732,35.96238,none,False,True,high,False,,,middle,False,,,al_nasr,Al-Nasr,النصر,Jabal Al-Nasr,جبل النصر,osm_street,east,jordanian,7,False,,out_of_labour_force,,1472,210.3,False,taxi,False,no_car
c_0599,أحمد,Ahmad,24,m,khalda,31.99505,35.86669,none,True,True,medium,False,,,high,False,,,tla_al_ali,Tla' Al-Ali,تلاع العلي وأم السماق وخلدا,Tla' Al-Ali,تلاع العلي,osm_street,west,jordanian,2,False,,unemployed,,1276,638.1,False,car_driver,False,student
c_0600,ريم,Reem,42,f,wehdat,31.93757,35.91539,none,True,True,medium,False,,,middle,False,,,ras_al_ein,Ras Al-Ein,رأس العين,Ras Al-Ein,رأس العين,osm_street,east,jordanian,2,False,,homemaker,,857,428.3,False,car_driver,False,
c_0601,عيسى,Issa,32,m,sweileh,32.02014,35.87557,none,True,True,medium,True,09:00,17:00,middle,False,,,jubeiha,Jubeiha,الجبيهة,Jubeiha East,الجبيهة الشرقية,osm_street,west,jordanian,6,False,,employed,False,3313,552.2,False,car_driver,True,worker
c_0602,رنا,Rana,21,f,downtown,31.92955,35.91584,none,False,True,medium,False,,,high,True,أخوي,my brother,bader,Bader,بدر,Al-Qwesmeh road side,طريق المطار - بدر,osm_street,east,jordanian,8,False,,student,,4792,599.1,False,service_taxi,False,no_car|student
c_0603,سميرة,Samira,18,f,khalda,31.95177,35.7517,none,False,True,medium,False,,,middle,True,أخوي,my brother,badr_al_jadeedah,Badr Al-Jadeedah,بدر الجديدة,Zubda,زبدة,osm_street,west,jordanian,5,False,,student,,2248,449.6,False,car_passenger,False,no_car|student
c_0604,حسن,Hasan,53,m,abdali,31.94586,35.87403,none,True,True,medium,False,,,middle,True,أختي,my sister,zahran,Zahran,زهران,Deir Ghbar,دير غبار,osm_street,west,jordanian,6,False,,out_of_labour_force,,2008,334.7,False,car_driver,False,
c_0605,جمال,Jamal,31,m,wehdat,31.9038,35.95377,none,True,True,high,False,,,low,True,أختي,my sister,qweismeh,Qweismeh,القويسمة,Abu Alanda,أبو علندا,osm_street,east,jordanian,10,False,,out_of_labour_force,,1331,133.1,False,car_driver,True,low_income
c_0606,لينا,Lina,37,f,abdali,31.88824,35.85434,none,False,True,medium,True,08:00,15:00,middle,True,أختي,my sister,marj_al_hamam,Marj Al-Hamam,مرج الحمام,Iskan Alia,إسكان عالية,osm_street,west,jordanian,7,False,,employed,True,2865,409.2,False,car_passenger,True,no_car|worker
c_0607,محمد,Mohammad,31,m,khalda,31.9533,35.82455,none,True,True,high,True,08:00,16:00,middle,True,أخوي,my brother,wadi_al_seer,Wadi Al-Seer,وادي السير,Wadi Al-Seer,وادي السير,osm_street,west,jordanian,8,False,,employed,False,2839,354.9,False,car_driver,False,worker
c_0608,عمر,Omar,57,m,sweileh,32.02428,35.9142,wheelchair,False,True,medium,False,,,middle,True,أخوي,my brother,shafa_badran,Shafa Badran,شفا بدران,Applied Science University area,منطقة جامعة العلوم التطبيقية,osm_street,west,jordanian,3,True,seeing|walking,out_of_labour_force,,693,230.8,False,car_passenger,False,disabled|no_car
c_0609,وفاء,Wafaa,18,f,khalda,31.9986,35.84202,none,True,True,high,False,,,low,True,أبوي,my father,tla_al_ali,Tla' Al-Ali,تلاع العلي وأم السماق وخلدا,Khalda,خلدا,osm_street,west,jordanian,10,False,,student,,1862,186.2,False,car_driver,False,low_income|student
c_0610,خديجة,Khadija,31,f,khalda,31.94782,35.82166,none,False,True,medium,False,,,middle,True,أختي,my sister,wadi_al_seer,Wadi Al-Seer,وادي السير,Wadi Al-Seer,وادي السير,osm_street,west,jordanian,4,False,,homemaker,,2190,547.6,False,walk,False,no_car
c_0611,خالد,Khaled,39,m,khalda,31.96627,35.85195,none,True,True,medium,True,09:00,17:00,high,False,,,wadi_al_seer,Wadi Al-Seer,وادي السير,Al-Rawabi,الروابي,osm_street,west,jordanian,6,False,,employed,True,9495,1582.6,False,car_driver,True,worker
c_0612,علي,Ali,35,m,jabal_al_hussein,31.9854,35.94898,none,True,True,high,True,08:00,16:00,middle,False,,,basman,Basman,بسمان,Al-Qusour,القصور,osm_street,east,jordanian,5,False,,employed,True,1585,317.0,False,car_driver,True,worker
c_0613,وفاء,Wafaa,32,f,jabal_al_hussein,31.96868,35.95326,none,True,True,high,False,,,middle,True,أختي,my sister,basman,Basman,بسمان,Al-Hashmi Al-Shamali,الهاشمي الشمالي,osm_street,east,jordanian,5,False,,homemaker,,1405,281.0,False,car_driver,True,
c_0614,خالد,Khaled,40,m,wehdat,31.8664,35.92433,none,True,True,high,True,07:00,16:00,low,True,زوجتي,my wife,kherbet_al_souk,Kherbet Al-Souk,خريبة السوق وجاوا واليادودة,Khraibet Al-Souk,خريبة السوق,osm_street,east,jordanian,3,False,,employed,True,529,176.3,False,car_driver,False,low_income|worker
c_0615,طارق,Tareq,19,m,abdali,31.9518,35.91713,none,True,True,high,True,08:00,16:00,high,True,أمي,my mother,zahran,Zahran,زهران,Jabal Amman,جبل عمان,osm_street,west,jordanian,7,False,,employed,False,4064,580.5,False,car_driver,False,worker
c_0616,وفاء,Wafaa,34,f,wehdat,31.85113,35.94544,none,False,True,high,False,,,low,False,,,kherbet_al_souk,Kherbet Al-Souk,خريبة السوق وجاوا واليادودة,Jawa,جاوا,osm_street,east,jordanian,3,True,seeing,homemaker,,145,48.4,True,car_passenger,True,low_income|no_car
c_0617,مصطفى,Mustafa,35,m,wehdat,31.91795,35.95632,none,False,True,high,True,08:00,15:00,middle,False,,,qweismeh,Qweismeh,القويسمة,Al-Qweismeh,القويسمة,osm_street,east,jordanian,7,False,,employed,True,3410,487.1,False,service_taxi,True,no_car|worker
c_0618,حسن,Hasan,59,m,wehdat,31.93687,35.94407,none,True,True,low,True,07:00,16:00,low,False,,,al_yarmouk,Al-Yarmouk,اليرموك,Al-Hilal (east),الهلال,osm_street,east,jordanian,3,False,,employed,True,383,127.6,False,car_driver,True,low_income|offline|worker
c_0619,هاني,Hani,27,m,jabal_al_hussein,31.95963,35.93784,none,False,True,high,False,,,middle,True,أخوي,my brother,basman,Basman,بسمان,Raghadan,رغدان,osm_street,east,jordanian,6,False,,out_of_labour_force,,1808,301.3,False,taxi,True,no_car
c_0620,عمر,Omar,52,m,sweileh,32.02387,35.85733,none,False,True,high,True,09:00,17:00,middle,True,جاري,my neighbour,jubeiha,Jubeiha,الجبيهة,Al-Jubeiha,الجبيهة,osm_street,west,jordanian,8,False,,employed,False,3298,412.3,False,taxi,True,no_car|worker
c_0621,أنس,Anas,33,m,abdali,31.89418,35.826,none,True,True,medium,False,,,high,True,زوجتي,my wife,marj_al_hamam,Marj Al-Hamam,مرج الحمام,Circassian Quarter,الحي الشركسي,osm_street,west,jordanian,2,False,,out_of_labour_force,,1389,694.4,False,car_driver,False,
c_0622,سليمان,Suleiman,73,m,sweileh,32.00914,35.82432,wheelchair,False,True,low,False,,,low,True,ابني,my son,sweileh,Sweileh,صويلح,Al-Kamaliyeh,الكمالية,osm_street,west,jordanian,4,True,walking|cognition,retired,,665,166.4,False,car_passenger,True,elderly|disabled|low_income|no_car|offline
c_0623,رولا,Rula,16,f,wehdat,31.89713,35.93448,none,False,True,medium,True,08:00,15:00,middle,True,أبوي,my father,qweismeh,Qweismeh,القويسمة,Al-Raqim,الرقيم,osm_street,east,jordanian,9,False,,employed,False,2425,269.5,False,car_passenger,False,no_car|worker
c_0624,نادية,Nadia,17,f,marka,31.96571,35.95791,none,False,True,medium,False,,,middle,True,أخوي,my brother,al_nasr,Al-Nasr,النصر,Prince Hassan Camp,مخيم الأمير حسن,osm_street,east,jordanian,6,False,,student,,1799,299.9,False,walk,True,no_car
c_0625,ليث,Laith,42,m,jabal_al_hussein,31.97587,35.96061,none,True,True,medium,True,07:00,16:00,low,True,زوجتي,my wife,basman,Basman,بسمان,Al-Qusour,القصور,osm_street,east,jordanian,7,False,,employed,False,888,126.8,False,car_driver,True,low_income|worker
c_0626,هدى,Huda,26,f,wehdat,31.92965,35.94871,none,False,True,low,False,,,low,True,أخوي,my brother,al_yarmouk,Al-Yarmouk,اليرموك,Al-Wehdat,الوحدات,osm_street,east,jordanian,6,False,,homemaker,,635,105.8,False,taxi,False,low_income|no_car|offline
c_0627,مصطفى,Mustafa,23,m,downtown,31.94167,35.94333,none,False,True,high,True,08:00,15:00,low,False,,,al_madinah,Al-Madinah,المدينة,Jabal Al-Jofeh,جبل الجوفة,osm_street,east,jordanian,9,False,,employed,True,1331,147.9,False,taxi,True,low_income|no_car|worker
c_0628,علي,Ali,28,m,jabal_al_hussein,31.95949,35.97381,none,True,True,high,True,10:00,18:00,middle,False,,,basman,Basman,بسمان,Al-Mahatta,المحطة,osm_street,east,jordanian,9,False,,employed,False,2226,247.3,False,car_driver,True,worker
c_0629,علي,Ali,26,m,sweileh,32.0242,35.84408,none,True,True,medium,False,,,middle,False,,,sweileh,Sweileh,صويلح,Sweileh,صويلح,osm_street,west,jordanian,7,False,,unemployed,,2180,311.4,False,car_driver,False,
c_0630,هدى,Huda,61,f,wehdat,31.92965,35.9431,limited,False,True,high,False,,,middle,False,,,al_yarmouk,Al-Yarmouk,اليرموك,Hay Al-Awda,حي العودة,osm_street,east,jordanian,7,True,seeing|walking,retired,,1741,248.7,False,walk,True,disabled|no_car
c_0631,أم محمد,Um Mohammad,46,f,abdali,31.98705,35.88892,none,False,True,medium,False,,,low,True,زوجي,my husband,al_abdali,Al-Abdali,العبدلي,Sport City,المدينة الرياضية,osm_street,west,jordanian,5,False,,homemaker,,665,133.0,False,car_passenger,False,low_income|no_car
c_0632,سارة,Sara,20,f,marka,31.95658,35.9698,none,False,False,low,False,,,low,True,أمي,my mother,al_nasr,Al-Nasr,النصر,Jabal Al-Nasr,جبل النصر,osm_street,east,jordanian,5,True,seeing|cognition|hearing,unemployed,,339,67.7,True,service_taxi,False,low_income|no_car|offline|student
c_0633,ليث,Laith,71,m,wehdat,31.94367,35.92021,none,True,True,low,True,09:00,17:00,middle,False,,,al_yarmouk,Al-Yarmouk,اليرموك,Jabal Al-Ashrafiyeh,جبل الأشرفية,osm_street,east,jordanian,8,False,,employed,True,1544,193.0,False,car_driver,False,elderly|offline|worker
c_0634,ماهر,Maher,33,m,downtown,31.93169,35.90162,none,True,True,medium,True,08:00,16:00,middle,False,,,bader,Bader,بدر,Al-Dustour,الدستور,osm_street,east,jordanian,7,False,,employed,True,1396,199.4,False,car_driver,True,worker
c_0635,خديجة,Khadija,21,f,sweileh,32.01162,35.86471,none,True,False,low,False,,,high,False,,,jubeiha,Jubeiha,الجبيهة,University of Jordan area,منطقة الجامعة الأردنية,osm_street,west,jordanian,3,False,,student,,3897,1298.9,False,car_driver,False,offline|student
c_0636,زيد,Zaid,26,m,jabal_al_hussein,31.97137,35.94184,none,True,True,high,True,07:00,16:00,middle,True,زوجتي,my wife,basman,Basman,بسمان,Jabal Al-Nuzha,جبل النزهة,osm_street,east,jordanian,5,False,,employed,False,990,198.0,False,car_driver,True,worker
c_0637,هاني,Hani,22,m,sweileh,32.04982,35.90934,none,False,True,medium,False,,,low,True,أبوي,my father,shafa_badran,Shafa Badran,شفا بدران,Shafa Badran,شفا بدران,osm_street,west,jordanian,9,False,,unemployed,,1407,156.4,False,car_passenger,False,low_income|no_car|student
c_0638,زيد,Zaid,32,m,sweileh,32.04399,35.88035,none,True,True,low,False,,,low,False,,,abu_nseir,Abu Nseir,أبو نصير,Abu Nseir West,أبو نصير الغربي,osm_street,west,jordanian,7,False,,unemployed,,904,129.1,False,car_driver,False,low_income|offline
c_0639,عمر,Omar,18,m,khalda,31.98994,35.8353,none,True,True,medium,False,,,low,True,أبوي,my father,tla_al_ali,Tla' Al-Ali,تلاع العلي وأم السماق وخلدا,Khalda,خلدا,osm_street,west,jordanian,5,False,,student,,737,147.4,False,car_driver,True,low_income|student
c_0640,مصطفى,Mustafa,55,m,marka,31.99393,35.99535,limited,True,True,medium,True,09:00,17:00,middle,True,زوجتي,my wife,marka,Marka,ماركا,Marka Al-Shamaliya,ماركا الشمالية,osm_street,east,jordanian,6,True,seeing|walking,employed,False,2146,357.7,False,car_driver,False,disabled|worker
c_0641,ماهر,Maher,26,m,wehdat,31.90212,35.94702,none,True,True,high,True,09:00,17:00,high,False,,,qweismeh,Qweismeh,القويسمة,Al-Raqim,الرقيم,osm_street,east,jordanian,9,False,,employed,True,7034,781.6,False,car_driver,True,worker
c_0642,أم محمد,Um Mohammad,23,f,marka,31.95464,35.95499,none,True,True,high,False,,,middle,False,,,al_nasr,Al-Nasr,النصر,Jabal Al-Taj,جبل التاج,osm_street,east,jordanian,6,False,,student,,1824,304.1,False,car_driver,False,student
c_0643,أم محمد,Um Mohammad,51,f,khalda,31.99158,35.83067,none,True,True,medium,False,,,high,True,جاري,my neighbour,tla_al_ali,Tla' Al-Ali,تلاع العلي وأم السماق وخلدا,Dabouq,دابوق,osm_street,west,jordanian,2,False,,homemaker,,2408,1203.9,False,car_driver,True,
c_0644,جمال,Jamal,16,m,khalda,31.98785,35.84298,none,False,True,medium,False,,,middle,True,أبوي,my father,tla_al_ali,Tla' Al-Ali,تلاع العلي وأم السماق وخلدا,Khalda,خلدا,osm_street,west,jordanian,5,False,,unemployed,,1008,201.6,False,taxi,False,no_car
c_0645,جمال,Jamal,60,m,tabarbour,32.02807,35.92982,none,False,True,medium,False,,,high,False,,,tariq,Tariq,طارق,Dahiyat Al-Amir Hamzeh,ضاحية الأمير حمزة,osm_street,east,jordanian,3,True,seeing,retired,,4763,1587.7,False,taxi,False,no_car
c_0646,جميلة,Jamila,41,f,wehdat,31.92024,35.95308,none,True,True,medium,False,,,middle,False,,,qweismeh,Qweismeh,القويسمة,Al-Qweismeh,القويسمة,osm_street,east,jordanian,8,False,,homemaker,,1947,243.4,False,car_driver,False,
c_0647,أنس,Anas,16,m,sweileh,32.01536,35.88,none,False,True,medium,False,,,middle,False,,,jubeiha,Jubeiha,الجبيهة,University of Jordan area,منطقة الجامعة الأردنية,osm_street,west,jordanian,9,False,,student,,2234,248.2,False,taxi,False,no_car
c_0648,ليث,Laith,34,m,abdali,31.89966,35.8318,none,True,True,high,True,07:00,16:00,middle,False,,,marj_al_hamam,Marj Al-Hamam,مرج الحمام,Circassian Quarter,الحي الشركسي,osm_street,west,jordanian,10,False,,employed,False,3720,372.0,False,car_driver,True,worker
c_0649,أحمد,Ahmad,21,m,jabal_al_hussein,31.97092,35.95484,none,False,True,medium,True,09:00,17:00,low,False,,,basman,Basman,بسمان,Al-Hashmi Al-Shamali,الهاشمي الشمالي,osm_street,east,jordanian,4,False,,employed,True,535,133.7,False,taxi,False,low_income|no_car|worker
c_0650,خالد,Khaled,51,m,wehdat,31.84748,35.93562,none,True,True,low,True,07:00,16:00,middle,False,,,kherbet_al_souk,Kherbet Al-Souk,خريبة السوق وجاوا واليادودة,Jawa,جاوا,osm_street,east,jordanian,6,False,,employed,True,2265,377.4,False,car_driver,False,offline|worker
c_0651,دانا,Dana,26,f,sweileh,32.0429,35.90554,none,False,True,medium,False,,,low,True,جاري,my neighbour,shafa_badran,Shafa Badran,شفا بدران,Shafa Badran,شفا بدران,osm_street,west,jordanian,5,False,,homemaker,,885,177.1,False,car_passenger,True,low_income|no_car
c_0652,آمنة,Amina,17,f,abdali,31.95051,35.8946,none,False,True,high,False,,,middle,True,أبوي,my father,zahran,Zahran,زهران,Hay Zahran,حي زهران,osm_street,west,jordanian,5,False,,student,,2748,549.5,False,bus_brt,False,no_car
c_0653,محمد,Mohammad,31,m,khalda,31.98489,35.85018,none,True,True,medium,False,,,high,True,جاري,my neighbour,tla_al_ali,Tla' Al-Ali,تلاع العلي وأم السماق وخلدا,Umm Al-Summaq,أم السماق,osm_street,west,jordanian,3,False,,unemployed,,2490,829.9,False,car_driver,True,
c_0654,رهف,Rahaf,41,f,downtown,31.93089,35.90996,none,False,True,high,False,,,low,True,زوجي,my husband,bader,Bader,بدر,Al-Qwesmeh road side,طريق المطار - بدر,osm_street,east,jordanian,9,False,,unemployed,,766,85.1,True,walk,True,low_income|no_car
c_0655,محمود,Mahmoud,30,m,marka,31.98068,35.98204,none,True,True,high,False,,,low,False,,,marka,Marka,ماركا,Al-Rasha,الرشا,osm_street,east,jordanian,7,False,,unemployed,,261,37.3,True,car_driver,True,low_income
c_0656,سليمان,Suleiman,31,m,khalda,31.96077,35.86148,none,True,True,high,True,08:00,16:00,high,False,,,wadi_al_seer,Wadi Al-Seer,وادي السير,Al-Sweifieh,الصويفية,osm_street,west,jordanian,9,False,,employed,True,9164,1018.3,False,car_driver,False,worker
c_0657,بلال,Bilal,17,m,tabarbour,31.98747,35.95268,none,False,True,medium,False,,,low,True,أمي,my mother,tariq,Tariq,طارق,Ain Ghazal,عين غزال,osm_street,east,jordanian,6,False,,student,,687,114.6,False,car_passenger,False,low_income|no_car
c_0658,أحمد,Ahmad,66,m,khalda,31.95485,35.85128,none,False,False,low,False,,,middle,True,حفيدي,my grandson,wadi_al_seer,Wadi Al-Seer,وادي السير,Al-Rawabi,الروابي,osm_street,west,jordanian,8,True,seeing,retired,,2036,254.6,False,car_passenger,False,elderly|no_car|offline
c_0659,محمد,Mohammad,40,m,wehdat,31.93728,35.93992,none,False,True,medium,True,07:00,16:00,middle,True,زوجتي,my wife,al_yarmouk,Al-Yarmouk,اليرموك,Al-Hilal (east),الهلال,osm_street,east,jordanian,5,False,,employed,True,2157,431.4,False,car_passenger,False,no_car|worker
c_0660,زيد,Zaid,21,m,sweileh,32.0303,35.82961,none,True,True,high,False,,,middle,True,أخوي,my brother,sweileh,Sweileh,صويلح,Sweileh West,صويلح الغربي,osm_street,west,jordanian,5,False,,student,,1567,313.4,False,car_driver,False,student
c_0661,عمر,Omar,72,m,wehdat,31.88681,35.88902,none,False,True,low,False,,,low,True,ابني,my son,al_mgablein,Al-Mgablein,المقابلين,Al-Bunayyat Al-Janoubiya,البنيات الجنوبية,osm_street,east,jordanian,7,True,seeing,retired,,973,139.0,False,car_passenger,False,elderly|low_income|no_car|offline
c_0662,ماهر,Maher,54,m,downtown,31.93462,35.90826,none,True,True,medium,True,08:00,16:00,middle,False,,,bader,Bader,بدر,Al-Hilal,الهلال,osm_street,east,jordanian,4,False,,employed,False,2145,536.2,False,car_driver,False,worker
c_0663,عبدالله,Abdullah,53,m,wehdat,31.89546,35.93678,none,True,True,low,True,08:00,16:00,middle,True,زوجتي,my wife,qweismeh,Qweismeh,القويسمة,Al-Raqim,الرقيم,osm_street,east,jordanian,4,False,,employed,False,1650,412.6,False,car_driver,False,offline|worker
c_0664,وفاء,Wafaa,54,f,sweileh,32.03402,35.8375,none,True,True,medium,False,,,middle,False,,,sweileh,Sweileh,صويلح,Sweileh West,صويلح الغربي,osm_street,west,jordanian,5,False,,homemaker,,1377,275.4,False,car_driver,False,
c_0665,عبير,Abeer,48,f,wehdat,31.89397,36.07992,none,False,True,medium,True,08:00,15:00,low,False,,,uhod,Uhod,أحد,Al-Manakher,المناخر,osm_street,east,jordanian,7,False,,employed,False,1291,184.5,False,bus_brt,False,low_income|no_car|worker
c_0666,زينب,Zainab,46,f,wehdat,31.90978,35.95804,none,True,True,high,False,,,low,False,,,qweismeh,Qweismeh,القويسمة,Jabal Al-Hadid,جبل الحديد,osm_street,east,jordanian,9,False,,homemaker,,976,108.4,False,car_driver,True,low_income
c_0667,هالة,Hala,52,f,tabarbour,32.00954,35.96813,none,False,True,low,False,,,middle,True,زوجي,my husband,tariq,Tariq,طارق,Abu Ulya,أبو عليا,osm_street,east,jordanian,4,False,,homemaker,,1196,298.9,False,car_passenger,False,no_car|offline
c_0668,زينب,Zainab,25,f,jabal_al_hussein,31.97702,35.9472,none,False,True,high,True,08:00,15:00,low,True,زوجي,my husband,basman,Basman,بسمان,Al-Hashmi Al-Shamali,الهاشمي الشمالي,osm_street,east,jordanian,9,False,,employed,True,1398,155.3,False,car_passenger,True,low_income|no_car|worker
c_0669,نور,Noor,66,f,downtown,31.93752,35.90095,limited,False,True,low,False,,,middle,True,بنتي,my daughter,bader,Bader,بدر,Al-Dustour,الدستور,osm_street,east,jordanian,6,True,seeing|walking,retired,,1211,201.9,False,car_passenger,False,elderly|disabled|no_car|offline
c_0670,هدى,Huda,31,f,abdali,31.95602,35.91074,none,False,True,medium,False,,,middle,True,أخوي,my brother,al_abdali,Al-Abdali,العبدلي,Al-Abdali,العبدلي,osm_street,west,jordanian,7,False,,homemaker,,1657,236.7,False,car_passenger,False,no_car
c_0671,هاني,Hani,22,m,wehdat,31.93074,35.93753,none,False,True,medium,False,,,middle,True,أخوي,my brother,al_yarmouk,Al-Yarmouk,اليرموك,Al-Wehdat,الوحدات,osm_street,east,jordanian,3,False,,unemployed,,1612,537.5,False,walk,True,no_car|student
c_0672,أم محمد,Um Mohammad,64,f,marka,31.96046,35.95454,none,False,True,high,False,,,middle,True,حفيدي,my grandson,al_nasr,Al-Nasr,النصر,Al-Hussein Al-Sharqi,الحسين الشرقي,osm_street,east,jordanian,10,False,,retired,,2208,220.8,False,car_passenger,True,no_car
c_0673,إبراهيم,Ibrahim,35,m,tabarbour,32.00044,35.93911,none,True,True,medium,False,,,middle,True,جاري,my neighbour,tariq,Tariq,طارق,Tabarbour,طبربور,osm_street,east,jordanian,9,False,,unemployed,,2840,315.6,False,car_driver,False,
c_0674,عبدالله,Abdullah,45,m,khalda,31.981,35.84344,none,False,True,medium,False,,,low,True,أختي,my sister,tla_al_ali,Tla' Al-Ali,تلاع العلي وأم السماق وخلدا,Umm Al-Summaq,أم السماق,osm_street,west,jordanian,5,False,,out_of_labour_force,,655,131.1,False,bus_brt,False,low_income|no_car
c_0675,وفاء,Wafaa,34,f,marka,31.96559,35.98737,none,True,True,medium,True,10:00,18:00,high,False,,,marka,Marka,ماركا,Marka Al-Janoubiya,ماركا الجنوبية,osm_street,east,jordanian,3,False,,employed,False,2236,745.4,False,car_driver,True,worker
c_0676,نادية,Nadia,30,f,wehdat,31.85452,35.93771,none,False,True,medium,False,,,middle,True,زوجي,my husband,kherbet_al_souk,Kherbet Al-Souk,خريبة السوق وجاوا واليادودة,Jawa,جاوا,osm_street,east,jordanian,3,False,,homemaker,,992,330.7,False,bus_brt,True,no_car
c_0677,علي,Ali,18,m,wehdat,31.90598,35.96593,none,True,True,high,False,,,middle,True,أمي,my mother,qweismeh,Qweismeh,القويسمة,Abu Alanda,أبو علندا,osm_street,east,jordanian,5,False,,student,,1386,277.2,False,car_driver,False,student
c_0678,هاني,Hani,26,m,wehdat,31.90864,35.95571,none,True,True,medium,True,07:00,16:00,middle,True,جاري,my neighbour,qweismeh,Qweismeh,القويسمة,Jabal Al-Hadid,جبل الحديد,osm_street,east,jordanian,8,False,,employed,False,4014,501.7,False,car_driver,True,worker
c_0679,حسن,Hasan,19,m,wehdat,31.85713,35.94077,none,True,True,high,False,,,low,True,أخوي,my brother,kherbet_al_souk,Kherbet Al-Souk,خريبة السوق وجاوا واليادودة,Jawa,جاوا,osm_street,east,jordanian,5,False,,unemployed,,671,134.2,False,car_driver,False,low_income|student
c_0680,وفاء,Wafaa,45,f,abdali,31.88992,35.84529,none,True,True,medium,False,,,high,True,أخوي,my brother,marj_al_hamam,Marj Al-Hamam,مرج الحمام,Iskan Alia,إسكان عالية,osm_street,west,jordanian,2,False,,homemaker,,1755,877.3,False,car_driver,False,
c_0681,محمد,Mohammad,38,m,wehdat,31.93507,35.92866,none,False,True,medium,False,,,low,False,,,ras_al_ein,Ras Al-Ein,رأس العين,Jabal Al-Nadhif,جبل النظيف,osm_street,east,jordanian,7,False,,out_of_labour_force,,375,53.5,True,car_passenger,False,low_income|no_car
c_0682,رامي,Rami,37,m,abdali,31.94806,35.87174,none,True,True,medium,False,,,high,False,,,zahran,Zahran,زهران,Deir Ghbar,دير غبار,osm_street,west,jordanian,3,False,,out_of_labour_force,,3204,1067.9,False,car_driver,True,
c_0683,جمال,Jamal,35,m,abdali,31.95062,35.91615,none,True,True,medium,True,08:00,16:00,high,True,أختي,my sister,al_abdali,Al-Abdali,العبدلي,Jabal Al-Weibdeh,جبل اللويبدة,osm_street,west,jordanian,3,False,,employed,True,2573,857.7,False,car_driver,True,worker
c_0684,نادية,Nadia,19,f,khalda,31.97165,35.84409,none,True,True,medium,False,,,middle,True,أبوي,my father,tla_al_ali,Tla' Al-Ali,تلاع العلي وأم السماق وخلدا,Umm Al-Summaq,أم السماق,osm_street,west,jordanian,8,False,,student,,2757,344.7,False,car_driver,False,student
c_0685,عبدالله,Abdullah,45,m,downtown,31.94043,35.89372,none,False,True,low,True,07:00,16:00,low,True,أخوي,my brother,bader,Bader,بدر,Al-Dustour,الدستور,osm_street,east,jordanian,5,False,,employed,True,545,109.0,False,bus_brt,False,low_income|no_car|offline|worker
c_0686,أم محمد,Um Mohammad,62,f,khalda,31.96752,35.82785,none,False,True,low,False,,,low,True,بنتي,my daughter,wadi_al_seer,Wadi Al-Seer,وادي السير,Al-Kursi,الكرسي,osm_street,west,jordanian,9,False,,retired,,1562,173.6,False,service_taxi,False,low_income|no_car|offline
c_0687,محمود,Mahmoud,38,m,wehdat,31.95054,35.91495,none,True,True,high,False,,,low,True,أخوي,my brother,ras_al_ein,Ras Al-Ein,رأس العين,Ras Al-Ein,رأس العين,osm_street,east,jordanian,8,False,,out_of_labour_force,,1017,127.2,False,car_driver,True,low_income
c_0688,سعاد,Suad,19,f,wehdat,31.8666,35.90728,none,True,True,medium,False,,,low,True,أبوي,my father,kherbet_al_souk,Kherbet Al-Souk,خريبة السوق وجاوا واليادودة,Al-Yadudeh,اليادودة,osm_street,east,jordanian,5,False,,student,,768,153.6,False,car_driver,False,low_income|student
c_0689,نادية,Nadia,51,f,khalda,31.97299,35.84172,none,True,True,medium,False,,,middle,True,أخوي,my brother,wadi_al_seer,Wadi Al-Seer,وادي السير,Al-Kursi,الكرسي,osm_street,west,jordanian,8,False,,homemaker,,3304,413.0,False,car_driver,True,
c_0690,عمر,Omar,17,m,wehdat,31.85993,35.93941,none,False,True,medium,False,,,low,True,أبوي,my father,kherbet_al_souk,Kherbet Al-Souk,خريبة السوق وجاوا واليادودة,Jawa,جاوا,osm_street,east,jordanian,7,False,,student,,594,84.9,True,service_taxi,True,low_income|no_car
c_0691,عبدالله,Abdullah,44,m,khalda,31.94571,35.81862,none,False,True,medium,False,,,low,False,,,wadi_al_seer,Wadi Al-Seer,وادي السير,Wadi Al-Seer,وادي السير,osm_street,west,jordanian,8,False,,unemployed,,430,53.7,True,service_taxi,True,low_income|no_car
c_0692,محمود,Mahmoud,49,m,jabal_al_hussein,31.97471,35.9429,none,True,True,high,True,07:00,16:00,middle,True,أخوي,my brother,basman,Basman,بسمان,Al-Hashmi Al-Shamali,الهاشمي الشمالي,osm_street,east,jordanian,7,False,,employed,False,1860,265.8,False,car_driver,True,worker
c_0693,عيسى,Issa,53,m,wehdat,31.86898,35.91972,none,False,True,medium,True,08:00,15:00,middle,False,,,kherbet_al_souk,Kherbet Al-Souk,خريبة السوق وجاوا واليادودة,Khraibet Al-Souk,خريبة السوق,osm_street,east,jordanian,7,False,,employed,True,1979,282.7,False,bus_brt,True,no_car|worker
c_0694,محمود,Mahmoud,64,m,wehdat,31.89119,35.90034,none,True,False,low,False,,,high,True,بنتي,my daughter,al_mgablein,Al-Mgablein,المقابلين,Al-Bunayyat Al-Shamaliya,البنيات الشمالية,osm_street,east,jordanian,6,True,seeing|cognition,retired,,4360,726.7,False,car_driver,False,offline
c_0695,جميلة,Jamila,62,f,sweileh,32.02198,35.84559,none,True,True,low,False,,,high,True,بنتي,my daughter,sweileh,Sweileh,صويلح,Sweileh,صويلح,osm_street,west,jordanian,2,False,,retired,,1207,603.3,False,car_driver,False,offline
c_0696,نبيل,Nabil,19,m,jabal_al_hussein,31.95779,35.95901,none,True,True,medium,True,08:00,16:00,middle,True,أمي,my mother,basman,Basman,بسمان,Al-Hashmi Al-Janoubi,الهاشمي الجنوبي,osm_street,east,jordanian,6,False,,employed,True,2175,362.4,False,car_driver,False,worker
c_0697,هدى,Huda,16,f,abdali,31.90124,35.83509,none,False,False,low,False,,,middle,True,أمي,my mother,marj_al_hamam,Marj Al-Hamam,مرج الحمام,Marj Al-Hamam,مرج الحمام,osm_street,west,jordanian,6,False,,unemployed,,1293,215.5,False,car_passenger,False,no_car|offline
c_0698,وفاء,Wafaa,36,f,wehdat,31.89312,35.89559,limited,False,True,low,False,,,low,True,أخوي,my brother,al_mgablein,Al-Mgablein,المقابلين,Al-Bunayyat Al-Shamaliya,البنيات الشمالية,osm_street,east,jordanian,7,True,walking|cognition|self_care,homemaker,,882,126.0,False,walk,False,disabled|low_income|no_car|offline
c_0699,سارة,Sara,18,f,tabarbour,31.99143,35.94326,none,False,True,high,False,,,low,True,أخوي,my brother,tariq,Tariq,طارق,Tareq,طارق,osm_street,east,jordanian,5,False,,student,,372,74.5,True,bus_brt,True,low_income|no_car|student
c_0700,مصطفى,Mustafa,49,m,wehdat,31.84662,35.93835,none,False,True,medium,True,07:00,16:00,middle,False,,,kherbet_al_souk,Kherbet Al-Souk,خريبة السوق وجاوا واليادودة,Jawa,جاوا,osm_street,east,jordanian,5,False,,employed,False,2320,464.0,False,car_passenger,False,no_car|worker
c_0701,سلمى,Salma,21,f,abdali,31.94877,35.88971,none,False,True,high,False,,,high,False,,,zahran,Zahran,زهران,Hay Zahran,حي زهران,osm_street,west,jordanian,8,False,,student,,5829,728.6,False,service_taxi,True,no_car|student
c_0702,ماهر,Maher,24,m,wehdat,31.94287,35.92028,none,False,True,medium,True,08:00,16:00,middle,False,,,ras_al_ein,Ras Al-Ein,رأس العين,Ras Al-Ein,رأس العين,osm_street,east,jordanian,7,False,,employed,False,1715,245.0,False,car_passenger,False,no_car|worker
c_0703,سميرة,Samira,30,f,downtown,31.93934,35.89378,none,False,True,high,False,,,middle,True,زوجي,my husband,bader,Bader,بدر,Al-Dustour,الدستور,osm_street,east,jordanian,3,False,,homemaker,,945,315.0,False,service_taxi,False,no_car
c_0704,أنس,Anas,23,m,sweileh,32.02663,35.86322,none,True,True,medium,False,,,middle,True,أبوي,my father,jubeiha,Jubeiha,الجبيهة,Al-Jubeiha,الجبيهة,osm_street,west,jordanian,7,False,,student,,3592,513.2,False,car_driver,False,student
c_0705,أنس,Anas,38,m,abdali,31.88449,35.83626,none,False,True,medium,True,08:00,15:00,middle,True,زوجتي,my wife,marj_al_hamam,Marj Al-Hamam,مرج الحمام,Iskan Alia,إسكان عالية,osm_street,west,jordanian,6,False,,employed,False,2817,469.5,False,bus_brt,False,no_car|worker
c_0706,أم محمد,Um Mohammad,23,f,wehdat,31.85816,35.94045,none,False,True,high,False,,,middle,True,أبوي,my father,kherbet_al_souk,Kherbet Al-Souk,خريبة السوق وجاوا واليادودة,Jawa,جاوا,osm_street,east,jordanian,7,False,,student,,1410,201.4,False,car_passenger,True,no_car|student
c_0707,سعاد,Suad,45,f,marka,31.96916,35.9533,none,False,True,high,True,07:00,16:00,high,True,زوجي,my husband,al_nasr,Al-Nasr,النصر,Prince Hassan Camp,مخيم الأمير حسن,osm_street,east,jordanian,7,False,,employed,True,4606,658.0,False,service_taxi,True,no_car|worker
c_0708,عيسى,Issa,46,m,jabal_al_hussein,31.98347,35.9524,none,False,True,medium,True,09:00,17:00,low,True,زوجتي,my wife,basman,Basman,بسمان,Al-Qusour,القصور,osm_street,east,jordanian,9,False,,employed,True,1515,168.4,False,taxi,False,low_income|no_car|worker
c_0709,أم محمد,Um Mohammad,53,f,marka,31.95394,35.96502,none,False,False,low,False,,,low,False,,,al_nasr,Al-Nasr,النصر,Jabal Al-Taj,جبل التاج,osm_street,east,jordanian,3,False,,homemaker,,360,120.1,False,car_passenger,False,low_income|no_car|offline
c_0710,سليمان,Suleiman,16,m,abdali,31.97818,35.89862,none,False,True,high,False,,,middle,True,أبوي,my father,al_abdali,Al-Abdali,العبدلي,Al-Abdaliyeh,العبدلية,osm_street,west,jordanian,5,False,,student,,1316,263.2,False,walk,False,no_car
c_0711,نبيل,Nabil,31,m,wehdat,31.90139,35.96875,none,True,True,medium,False,,,high,False,,,qweismeh,Qweismeh,القويسمة,Jabal Al-Hadid,جبل الحديد,osm_street,east,jordanian,4,False,,out_of_labour_force,,3672,918.1,False,car_driver,False,
c_0712,سارة,Sara,32,f,wehdat,31.86784,35.9251,none,False,True,medium,True,08:00,15:00,middle,False,,,kherbet_al_souk,Kherbet Al-Souk,خريبة السوق وجاوا واليادودة,Khraibet Al-Souk,خريبة السوق,osm_street,east,jordanian,6,False,,employed,False,2234,372.3,False,service_taxi,False,no_car|worker
c_0713,سارة,Sara,27,f,khalda,31.98518,35.87196,limited,False,True,medium,False,,,high,False,,,tla_al_ali,Tla' Al-Ali,تلاع العلي وأم السماق وخلدا,Al-Gardens,الجاردنز,osm_street,west,jordanian,2,True,seeing|walking|cognition|hearing,homemaker,,1830,915.0,False,car_passenger,False,disabled|no_car
c_0714,رامي,Rami,46,m,khalda,31.99807,35.84007,none,False,True,high,False,,,middle,True,زوجتي,my wife,tla_al_ali,Tla' Al-Ali,تلاع العلي وأم السماق وخلدا,Khalda,خلدا,osm_street,west,jordanian,6,False,,unemployed,,1270,211.7,False,car_passenger,True,no_car
c_0715,ماهر,Maher,64,m,wehdat,31.90257,35.9615,none,True,True,low,True,09:00,17:00,high,True,بنتي,my daughter,qweismeh,Qweismeh,القويسمة,Abu Alanda,أبو علندا,osm_street,east,jordanian,8,False,,employed,False,4730,591.2,False,car_driver,False,offline|worker
c_0716,سميرة,Samira,51,f,abdali,31.88877,35.85351,limited,False,True,high,False,,,middle,False,,,marj_al_hamam,Marj Al-Hamam,مرج الحمام,Iskan Alia,إسكان عالية,osm_street,west,jordanian,5,True,seeing|walking,unemployed,,1399,279.9,False,car_passenger,True,disabled|no_car
c_0717,سلمى,Salma,41,f,wehdat,31.93982,35.92249,none,False,True,medium,False,,,low,False,,,ras_al_ein,Ras Al-Ein,رأس العين,Ras Al-Ein,رأس العين,osm_street,east,jordanian,6,False,,homemaker,,868,144.7,False,car_passenger,False,low_income|no_car
c_0718,سليمان,Suleiman,59,m,tabarbour,31.99212,35.94957,none,False,False,low,False,,,middle,False,,,tariq,Tariq,طارق,Tareq,طارق,osm_street,east,jordanian,9,True,seeing|cognition,out_of_labour_force,,1801,200.1,False,taxi,False,no_car|offline
c_0719,إبراهيم,Ibrahim,62,m,wehdat,31.92052,35.92571,none,True,False,low,True,08:00,15:00,middle,True,بنتي,my daughter,ras_al_ein,Ras Al-Ein,رأس العين,Jabal Al-Rawda,جبل الروضة,osm_street,east,jordanian,9,False,,employed,True,4781,531.2,False,car_driver,False,offline|worker
c_0720,سعاد,Suad,29,f,marka,31.94824,35.96687,none,True,True,medium,False,,,high,True,أختي,my sister,al_nasr,Al-Nasr,النصر,Al-Manara,المنارة,osm_street,east,jordanian,6,False,,unemployed,,4182,696.9,False,car_driver,False,
c_0721,تهاني,Tahani,36,f,marka,31.94831,35.95096,none,True,True,high,False,,,middle,False,,,al_nasr,Al-Nasr,النصر,Al-Hussein Al-Sharqi,الحسين الشرقي,osm_street,east,jordanian,4,False,,homemaker,,1513,378.4,False,car_driver,False,
c_0722,عبدالله,Abdullah,33,m,sweileh,32.00494,35.82145,none,True,True,high,True,07:00,16:00,middle,True,أختي,my sister,sweileh,Sweileh,صويلح,Al-Kamaliyeh,الكمالية,osm_street,west,jordanian,8,False,,employed,False,1958,244.8,False,car_driver,True,worker
c_0723,سعاد,Suad,36,f,abdali,31.96878,35.91874,none,True,True,medium,False,,,high,True,زوجي,my husband,al_abdali,Al-Abdali,العبدلي,Jabal Al-Hussein,جبل الحسين,osm_street,west,jordanian,3,False,,homemaker,,2279,759.8,False,car_driver,False,
c_0724,جميلة,Jamila,22,f,wehdat,31.91832,35.95732,none,True,True,medium,False,,,middle,False,,,qweismeh,Qweismeh,القويسمة,Al-Qweismeh,القويسمة,osm_street,east,jordanian,6,False,,student,,2004,334.0,False,car_driver,False,student
c_0725,عبير,Abeer,17,f,abdali,31.94955,35.86763,none,False,True,medium,False,,,middle,True,أمي,my mother,zahran,Zahran,زهران,Deir Ghbar,دير غبار,osm_street,west,jordanian,7,False,,student,,2018,288.3,False,walk,False,no_car
c_0726,عبير,Abeer,31,f,sweileh,32.01066,35.86775,none,True,True,medium,False,,,high,False,,,jubeiha,Jubeiha,الجبيهة,University of Jordan area,منطقة الجامعة الأردنية,osm_street,west,jordanian,2,False,,homemaker,,1705,852.3,False,car_driver,False,
c_0727,ماهر,Maher,34,m,wehdat,31.85039,35.93037,none,True,True,high,True,07:00,16:00,middle,False,,,kherbet_al_souk,Kherbet Al-Souk,خريبة السوق وجاوا واليادودة,Jawa,جاوا,osm_street,east,jordanian,4,False,,employed,True,1997,499.3,False,car_driver,False,worker
c_0728,رامي,Rami,33,m,wehdat,31.90315,35.95574,none,False,True,medium,True,09:00,17:00,low,True,أختي,my sister,qweismeh,Qweismeh,القويسمة,Abu Alanda,أبو علندا,osm_street,east,jordanian,9,False,,employed,True,473,52.6,True,walk,True,low_income|no_car|worker
c_0729,علي,Ali,66,m,khalda,31.98211,35.88112,none,True,True,low,False,,,low,True,بنتي,my daughter,tla_al_ali,Tla' Al-Ali,تلاع العلي وأم السماق وخلدا,Al-Gardens,الجاردنز,osm_street,west,jordanian,7,True,seeing|self_care,retired,,1134,162.0,False,car_driver,False,elderly|low_income|offline
c_0730,رامي,Rami,42,m,khalda,31.97542,35.85544,none,True,True,medium,True,08:00,16:00,high,False,,,tla_al_ali,Tla' Al-Ali,تلاع العلي وأم السماق وخلدا,Umm Al-Summaq,أم السماق,osm_street,west,jordanian,3,False,,employed,False,1700,566.7,False,car_driver,False,worker
c_0731,ماهر,Maher,37,m,downtown,31.92106,35.90481,none,True,True,medium,True,08:00,16:00,low,False,,,bader,Bader,بدر,Al-Qwesmeh road side,طريق المطار - بدر,osm_street,east,jordanian,6,False,,employed,True,980,163.3,False,car_driver,True,low_income|worker
c_0732,ماهر,Maher,57,m,jabal_al_hussein,31.974,35.95208,none,True,False,low,False,,,high,True,أختي,my sister,basman,Basman,بسمان,Al-Hashmi Al-Shamali,الهاشمي الشمالي,osm_street,east,jordanian,3,True,seeing,out_of_labour_force,,3352,1117.4,False,car_driver,False,offline
c_0733,خديجة,Khadija,54,f,wehdat,31.89481,35.89695,none,False,True,low,False,,,middle,False,,,al_mgablein,Al-Mgablein,المقابلين,Al-Bunayyat Al-Shamaliya,البنيات الشمالية,osm_street,east,jordanian,9,False,,homemaker,,1962,218.0,False,car_passenger,False,no_car|offline
c_0734,تهاني,Tahani,48,f,wehdat,31.93434,35.92963,none,False,True,low,False,,,low,True,أخوي,my brother,ras_al_ein,Ras Al-Ein,رأس العين,Jabal Al-Nadhif,جبل النظيف,osm_street,east,jordanian,4,False,,unemployed,,421,105.4,False,car_passenger,False,low_income|no_car|offline
c_0735,هاني,Hani,59,m,khalda,31.98536,35.88403,none,True,True,medium,False,,,high,True,أخوي,my brother,tla_al_ali,Tla' Al-Ali,تلاع العلي وأم السماق وخلدا,Hay Al-Salam,حي السلام,osm_street,west,jordanian,5,False,,out_of_labour_force,,4034,806.7,False,car_driver,True,
c_0736,سارة,Sara,47,f,tabarbour,31.99994,35.91951,none,False,False,low,False,,,low,False,,,tariq,Tariq,طارق,Qatna,قطنة,osm_street,east,jordanian,5,False,,homemaker,,853,170.5,False,car_passenger,False,low_income|no_car|offline
c_0737,محمود,Mahmoud,45,m,sweileh,32.02322,35.87294,none,True,True,low,True,08:00,15:00,middle,False,,,jubeiha,Jubeiha,الجبيهة,Jubeiha East,الجبيهة الشرقية,osm_street,west,jordanian,6,False,,employed,True,2393,398.9,False,car_driver,False,offline|worker
c_0738,أحمد,Ahmad,35,m,wehdat,31.92185,35.95204,none,False,True,high,True,08:00,15:00,low,False,,,al_yarmouk,Al-Yarmouk,اليرموك,Hay Al-Awda,حي العودة,osm_street,east,jordanian,4,False,,employed,False,521,130.4,False,bus_brt,True,low_income|no_car|worker
c_0739,نبيل,Nabil,73,m,jabal_al_hussein,31.97741,35.92677,none,False,True,low,False,,,low,False,,,basman,Basman,بسمان,Jabal Al-Nuzha,جبل النزهة,osm_street,east,jordanian,8,False,,retired,,1486,185.7,False,car_passenger,False,elderly|low_income|no_car|offline
c_0740,رامي,Rami,24,m,marka,31.96387,35.98194,none,True,True,medium,False,,,middle,False,,,marka,Marka,ماركا,Marka Al-Janoubiya,ماركا الجنوبية,osm_street,east,jordanian,4,False,,student,,1163,290.6,False,car_driver,False,student
c_0741,هدى,Huda,61,f,jabal_al_hussein,31.96619,35.95269,none,True,True,low,False,,,middle,False,,,basman,Basman,بسمان,Al-Hashmi Al-Janoubi,الهاشمي الجنوبي,osm_street,east,jordanian,6,False,,retired,,1599,266.5,False,car_driver,False,offline
c_0742,ماهر,Maher,20,m,jabal_al_hussein,31.97652,35.96126,none,True,True,low,True,08:00,16:00,middle,True,أبوي,my father,basman,Basman,بسمان,Al-Qusour,القصور,osm_street,east,jordanian,6,False,,employed,True,1475,245.8,False,car_driver,False,offline|worker
c_0743,مصطفى,Mustafa,51,m,khalda,31.99049,35.82596,none,True,True,medium,False,,,high,True,أخوي,my brother,tla_al_ali,Tla' Al-Ali,تلاع العلي وأم السماق وخلدا,Dabouq,دابوق,osm_street,west,jordanian,3,False,,out_of_labour_force,,3145,1048.3,False,car_driver,False,
c_0744,سامي,Sami,20,m,jabal_al_hussein,31.96089,35.93456,none,False,True,medium,True,10:00,18:00,middle,True,أمي,my mother,basman,Basman,بسمان,Raghadan,رغدان,osm_street,east,jordanian,5,False,,employed,True,1959,391.8,False,bus_brt,False,no_car|worker
c_0745,يوسف,Yousef,44,m,abdali,31.90095,35.8301,none,False,False,low,True,07:00,16:00,middle,True,أخوي,my brother,marj_al_hamam,Marj Al-Hamam,مرج الحمام,Marj Al-Hamam,مرج الحمام,osm_street,west,jordanian,5,False,,employed,False,1652,330.4,False,car_passenger,False,no_car|offline|worker
c_0746,طارق,Tareq,43,m,abdali,31.95554,35.92506,none,True,True,medium,False,,,middle,True,زوجتي,my wife,al_abdali,Al-Abdali,العبدلي,Jabal Al-Weibdeh,جبل اللويبدة,osm_street,west,jordanian,4,False,,out_of_labour_force,,1898,474.4,False,car_driver,False,
c_0747,بلال,Bilal,42,m,marka,31.95296,35.9508,none,True,True,low,True,10:00,18:00,middle,True,زوجتي,my wife,al_nasr,Al-Nasr,النصر,Al-Hussein Al-Sharqi,الحسين الشرقي,osm_street,east,jordanian,6,False,,employed,True,1715,285.9,False,car_driver,False,offline|worker
c_0748,جمال,Jamal,25,m,sweileh,32.01937,35.88519,none,False,True,medium,False,,,middle,False,,,jubeiha,Jubeiha,الجبيهة,Jubeiha East,الجبيهة الشرقية,osm_street,west,jordanian,6,False,,out_of_labour_force,,2042,340.3,False,car_passenger,False,no_car
c_0749,نبيل,Nabil,18,m,tabarbour,31.98564,35.95246,none,False,True,medium,False,,,low,False,,,tariq,Tariq,طارق,Ain Ghazal,عين غزال,osm_street,east,jordanian,8,False,,student,,885,110.6,False,car_passenger,True,low_income|no_car|student
c_0750,خالد,Khaled,69,m,marka,31.9717,35.95858,none,False,False,low,False,,,high,False,,,al_nasr,Al-Nasr,النصر,Prince Hassan Camp,مخيم الأمير حسن,osm_street,east,jordanian,1,False,,retired,,617,616.8,False,bus_brt,False,elderly|no_car|offline
c_0751,نور,Noor,63,f,marka,31.94684,35.96504,none,True,True,medium,False,,,middle,False,,,al_nasr,Al-Nasr,النصر,Al-Manara,المنارة,osm_street,east,jordanian,9,False,,retired,,1960,217.8,False,car_driver,True,
c_0752,رهف,Rahaf,30,f,tabarbour,32.00405,35.95905,none,False,True,medium,False,,,low,True,أخوي,my brother,tariq,Tariq,طارق,Abu Ulya,أبو عليا,osm_street,east,jordanian,9,False,,unemployed,,1401,155.7,False,service_taxi,True,low_income|no_car
c_0753,زيد,Zaid,46,m,wehdat,31.89588,35.87661,none,True,True,medium,True,09:00,17:00,middle,True,أختي,my sister,al_mgablein,Al-Mgablein,المقابلين,Al-Muqabalain,المقابلين,osm_street,east,jordanian,6,False,,employed,True,1887,314.6,False,car_driver,True,worker
c_0754,عبير,Abeer,26,f,marka,31.94884,35.96287,none,True,True,medium,False,,,high,True,جاري,my neighbour,al_nasr,Al-Nasr,النصر,Jabal Al-Taj,جبل التاج,osm_street,east,jordanian,9,False,,homemaker,,6233,692.6,False,car_driver,False,
c_0755,ريم,Reem,24,f,wehdat,31.87576,35.92517,none,True,True,high,False,,,high,True,أبوي,my father,kherbet_al_souk,Kherbet Al-Souk,خريبة السوق وجاوا واليادودة,Khraibet Al-Souk,خريبة السوق,osm_street,east,jordanian,5,False,,student,,3436,687.2,False,car_driver,True,student
c_0756,أنس,Anas,19,m,jabal_al_hussein,31.98181,35.93533,none,False,True,high,False,,,low,False,,,basman,Basman,بسمان,Jabal Al-Nuzha,جبل النزهة,osm_street,east,jordanian,8,False,,student,,384,48.0,True,car_passenger,True,low_income|no_car|student
c_0757,رهف,Rahaf,27,f,sweileh,32.0519,35.88119,none,False,True,high,False,,,low,False,,,abu_nseir,Abu Nseir,أبو نصير,Abu Nseir West,أبو نصير الغربي,osm_street,west,jordanian,7,False,,homemaker,,522,74.5,True,car_passenger,False,low_income|no_car
c_0758,سامي,Sami,33,m,sweileh,32.03219,35.90996,none,True,True,high,True,10:00,18:00,high,False,,,shafa_badran,Shafa Badran,شفا بدران,Applied Science University area,منطقة جامعة العلوم التطبيقية,osm_street,west,jordanian,4,False,,employed,True,3445,861.2,False,car_driver,True,worker
c_0759,يوسف,Yousef,84,m,wehdat,31.9567,35.92863,none,False,True,medium,False,,,middle,True,بنتي,my daughter,ras_al_ein,Ras Al-Ein,رأس العين,Al-Muhajireen,المهاجرين,osm_street,east,jordanian,3,False,,retired,,1425,475.1,False,car_passenger,False,elderly|no_car
c_0760,سميرة,Samira,24,f,khalda,31.98853,35.83339,none,False,True,medium,False,,,high,False,,,tla_al_ali,Tla' Al-Ali,تلاع العلي وأم السماق وخلدا,Dabouq,دابوق,osm_street,west,jordanian,7,False,,unemployed,,4638,662.5,False,car_passenger,True,no_car|student
c_0761,أحمد,Ahmad,23,m,sweileh,32.01922,35.86014,none,False,True,high,False,,,middle,False,,,jubeiha,Jubeiha,الجبيهة,Al-Jubeiha,الجبيهة,osm_street,west,jordanian,7,False,,student,,1633,233.2,False,walk,True,no_car|student
c_0762,رامي,Rami,38,m,marka,31.98823,35.9887,none,True,True,medium,False,,,middle,False,,,marka,Marka,ماركا,Marka (airport side),ماركا - المطار,osm_street,east,jordanian,6,False,,unemployed,,1266,211.0,False,car_driver,False,
c_0763,علي,Ali,40,m,wehdat,31.95137,35.93642,none,True,True,medium,False,,,low,False,,,ras_al_ein,Ras Al-Ein,رأس العين,Al-Muhajireen,المهاجرين,osm_street,east,jordanian,6,False,,unemployed,,880,146.7,False,car_driver,True,low_income
c_0764,ليث,Laith,29,m,downtown,31.92988,35.9016,none,False,True,low,False,,,low,True,أخوي,my brother,bader,Bader,بدر,Al-Dustour,الدستور,osm_street,east,jordanian,6,False,,unemployed,,396,66.0,True,car_passenger,False,low_income|no_car|offline
c_0765,عيسى,Issa,49,m,tabarbour,31.98498,35.94709,none,False,True,medium,True,09:00,17:00,low,False,,,tariq,Tariq,طارق,Tareq,طارق,osm_street,east,jordanian,6,False,,employed,False,810,135.0,False,taxi,True,low_income|no_car|worker
c_0766,جميلة,Jamila,20,f,tabarbour,32.00515,35.95685,none,True,True,high,True,08:00,16:00,high,True,أبوي,my father,tariq,Tariq,طارق,Abu Ulya,أبو عليا,osm_street,east,jordanian,3,False,,employed,True,7074,2358.0,False,car_driver,False,worker
c_0767,مريم,Maryam,55,f,wehdat,31.90369,36.02046,none,True,True,low,False,,,low,True,أختي,my sister,uhod,Uhod,أحد,Al-Kashafiya,الكشافية,osm_street,east,jordanian,5,False,,homemaker,,373,74.6,True,car_driver,False,low_income|offline
c_0768,رامي,Rami,32,m,wehdat,31.9085,35.96566,none,True,True,high,True,07:00,16:00,low,False,,,qweismeh,Qweismeh,القويسمة,Jabal Al-Hadid,جبل الحديد,osm_street,east,jordanian,7,False,,employed,False,1029,147.0,False,car_driver,False,low_income|worker
c_0769,هالة,Hala,27,f,jabal_al_hussein,31.96394,35.95079,none,False,True,high,False,,,middle,False,,,basman,Basman,بسمان,Al-Hashmi Al-Janoubi,الهاشمي الجنوبي,osm_street,east,jordanian,3,False,,homemaker,,658,219.4,False,car_passenger,False,no_car
c_0770,هدى,Huda,33,f,marka,31.94806,35.95885,none,False,True,medium,False,,,low,True,أختي,my sister,al_nasr,Al-Nasr,النصر,Jabal Al-Taj,جبل التاج,osm_street,east,jordanian,9,False,,homemaker,,523,58.1,True,car_passenger,False,low_income|no_car
c_0771,زينب,Zainab,31,f,downtown,31.93116,35.90326,none,False,True,medium,False,,,middle,False,,,bader,Bader,بدر,Al-Dustour,الدستور,osm_street,east,jordanian,9,False,,homemaker,,3576,397.3,False,car_passenger,False,no_car
c_0772,خالد,Khaled,35,m,wehdat,31.85642,35.93512,none,True,True,high,True,07:00,16:00,middle,False,,,kherbet_al_souk,Kherbet Al-Souk,خريبة السوق وجاوا واليادودة,Jawa,جاوا,osm_street,east,jordanian,6,False,,employed,True,2682,447.0,False,car_driver,True,worker
c_0773,مصطفى,Mustafa,28,m,jabal_al_hussein,31.96615,35.93388,none,False,True,medium,True,07:00,16:00,middle,False,,,basman,Basman,بسمان,Raghadan,رغدان,osm_street,east,jordanian,4,False,,employed,True,1014,253.6,False,car_passenger,False,no_car|worker
c_0774,هاني,Hani,55,m,abdali,31.94803,35.87298,none,True,True,medium,False,,,high,False,,,zahran,Zahran,زهران,Deir Ghbar,دير غبار,osm_street,west,jordanian,7,False,,out_of_labour_force,,4443,634.7,False,car_driver,False,
c_0775,هاني,Hani,16,m,marka,31.98438,35.99641,none,False,True,medium,False,,,middle,True,أبوي,my father,marka,Marka,ماركا,Marka (airport side),ماركا - المطار,osm_street,east,jordanian,5,False,,student,,968,193.6,False,bus_brt,False,no_car
c_0776,مريم,Maryam,40,f,wehdat,31.85313,35.94118,none,False,True,high,False,,,low,False,,,kherbet_al_souk,Kherbet Al-Souk,خريبة السوق وجاوا واليادودة,Jawa,جاوا,osm_street,east,jordanian,6,False,,unemployed,,511,85.1,True,car_passenger,False,low_income|no_car
c_0777,إبراهيم,Ibrahim,42,m,khalda,31.97329,35.84088,none,True,True,medium,True,08:00,15:00,high,True,زوجتي,my wife,wadi_al_seer,Wadi Al-Seer,وادي السير,Al-Kursi,الكرسي,osm_street,west,jordanian,6,False,,employed,True,3732,622.0,False,car_driver,True,worker
c_0778,حسن,Hasan,17,m,marka,31.95071,35.96325,none,False,True,high,False,,,low,True,أبوي,my father,al_nasr,Al-Nasr,النصر,Jabal Al-Taj,جبل التاج,osm_street,east,jordanian,2,False,,student,,383,191.4,False,taxi,True,low_income|no_car
c_0779,فادي,Fadi,17,m,wehdat,31.90186,35.96895,none,False,True,medium,False,,,middle,True,أمي,my mother,qweismeh,Qweismeh,القويسمة,Jabal Al-Hadid,جبل الحديد,osm_street,east,jordanian,5,False,,student,,1267,253.3,False,bus_brt,True,no_car
c_0780,سلمى,Salma,22,f,wehdat,31.952,35.93396,none,False,True,high,False,,,middle,True,أخوي,my brother,al_yarmouk,Al-Yarmouk,اليرموك,Jabal Al-Ashrafiyeh,جبل الأشرفية,osm_street,east,jordanian,5,False,,student,,2528,505.6,False,taxi,True,no_car|student
c_0781,عيسى,Issa,18,m,marka,32.00266,35.99901,none,True,True,medium,False,,,high,True,أمي,my mother,marka,Marka,ماركا,Marka Al-Shamaliya,ماركا الشمالية,osm_street,east,jordanian,4,False,,student,,3316,829.0,False,car_driver,False,student
c_0782,طارق,Tareq,54,m,wehdat,31.89586,35.88386,none,False,True,low,False,,,low,True,جاري,my neighbour,al_mgablein,Al-Mgablein,المقابلين,Al-Muqabalain,المقابلين,osm_street,east,jordanian,8,False,,unemployed,,1037,129.6,False,car_passenger,False,low_income|no_car|offline
c_0783,تهاني,Tahani,16,f,downtown,31.9208,35.91554,none,False,True,high,False,,,middle,True,أبوي,my father,bader,Bader,بدر,Al-Qwesmeh road side,طريق المطار - بدر,osm_street,east,jordanian,3,False,,student,,1094,364.7,False,walk,False,no_car
c_0784,يوسف,Yousef,43,m,sweileh,32.00282,35.82435,none,False,True,medium,True,07:00,16:00,low,False,,,sweileh,Sweileh,صويلح,Al-Kamaliyeh,الكمالية,osm_street,west,jordanian,5,False,,employed,False,923,184.6,False,taxi,True,low_income|no_car|worker
c_0785,نور,Noor,25,f,sweileh,32.02677,35.87361,none,False,True,high,False,,,middle,True,زوجي,my husband,jubeiha,Jubeiha,الجبيهة,Al-Jubeiha,الجبيهة,osm_street,west,jordanian,8,False,,homemaker,,4167,520.9,False,service_taxi,True,no_car
c_0786,إبراهيم,Ibrahim,41,m,jabal_al_hussein,31.95309,35.95369,none,False,True,medium,False,,,middle,False,,,basman,Basman,بسمان,Al-Hashmi Al-Janoubi,الهاشمي الجنوبي,osm_street,east,jordanian,5,False,,unemployed,,1466,293.1,False,bus_brt,False,no_car
c_0787,رامي,Rami,56,m,jabal_al_hussein,31.98178,35.92812,limited,False,True,high,True,09:00,17:00,middle,True,أخوي,my brother,basman,Basman,بسمان,Jabal Al-Nuzha,جبل النزهة,osm_street,east,jordanian,6,True,seeing|walking,employed,True,3037,506.2,False,taxi,False,disabled|no_car|worker
c_0788,سلمى,Salma,28,f,wehdat,31.89083,35.89714,none,False,True,high,False,,,low,False,,,al_mgablein,Al-Mgablein,المقابلين,Al-Bunayyat Al-Shamaliya,البنيات الشمالية,osm_street,east,jordanian,6,False,,homemaker,,890,148.3,False,service_taxi,False,low_income|no_car
c_0789,دانا,Dana,23,f,jabal_al_hussein,31.95733,35.94257,none,False,True,low,False,,,low,True,أخوي,my brother,basman,Basman,بسمان,Raghadan,رغدان,osm_street,east,jordanian,6,False,,student,,964,160.6,False,walk,False,low_income|no_car|offline|student
c_0790,جميلة,Jamila,22,f,wehdat,31.90763,35.96574,none,False,True,medium,False,,,low,True,أبوي,my father,qweismeh,Qweismeh,القويسمة,Abu Alanda,أبو علندا,osm_street,east,jordanian,9,False,,student,,1484,164.9,False,car_passenger,False,low_income|no_car|student
c_0791,هاني,Hani,43,m,wehdat,31.86588,35.92048,none,True,True,high,True,07:00,16:00,low,True,جاري,my neighbour,kherbet_al_souk,Kherbet Al-Souk,خريبة السوق وجاوا واليادودة,Khraibet Al-Souk,خريبة السوق,osm_street,east,jordanian,6,False,,employed,True,498,83.0,True,car_driver,True,low_income|worker
c_0792,عبدالله,Abdullah,62,m,khalda,31.98901,35.83569,none,True,True,medium,False,,,high,False,,,tla_al_ali,Tla' Al-Ali,تلاع العلي وأم السماق وخلدا,Dabouq,دابوق,osm_street,west,jordanian,6,False,,unemployed,,4531,755.1,False,car_driver,False,
c_0793,خديجة,Khadija,16,f,downtown,31.94762,35.94618,none,False,True,medium,False,,,low,True,أمي,my mother,al_madinah,Al-Madinah,المدينة,Jabal Al-Jofeh,جبل الجوفة,osm_street,east,jordanian,3,False,,student,,418,139.4,False,walk,False,low_income|no_car
c_0794,سلمى,Salma,37,f,abdali,31.90056,35.83088,none,True,True,high,False,,,middle,True,زوجي,my husband,marj_al_hamam,Marj Al-Hamam,مرج الحمام,Marj Al-Hamam,مرج الحمام,osm_street,west,jordanian,7,False,,homemaker,,2840,405.7,False,car_driver,True,
c_0795,عيسى,Issa,20,m,wehdat,31.94339,35.93484,none,False,True,low,True,07:00,16:00,low,True,أمي,my mother,ras_al_ein,Ras Al-Ein,رأس العين,Jabal Al-Nadhif,جبل النظيف,osm_street,east,jordanian,10,False,,employed,True,1621,162.1,False,service_taxi,False,low_income|no_car|offline|worker
c_0796,رنا,Rana,21,f,jabal_al_hussein,31.96074,35.9693,none,False,True,medium,False,,,high,True,أمي,my mother,basman,Basman,بسمان,Al-Mahatta,المحطة,osm_street,east,jordanian,4,False,,student,,2347,586.8,False,bus_brt,True,no_car|student
c_0797,عمر,Omar,29,m,wehdat,31.92975,35.94636,none,True,True,high,True,07:00,16:00,middle,False,,,al_yarmouk,Al-Yarmouk,اليرموك,Hay Al-Awda,حي العودة,osm_street,east,jordanian,8,False,,employed,True,2262,282.8,False,car_driver,False,worker
c_0798,نور,Noor,19,f,marka,31.951,35.95492,none,False,True,high,False,,,low,True,أخوي,my brother,al_nasr,Al-Nasr,النصر,Al-Hussein Al-Sharqi,الحسين الشرقي,osm_street,east,jordanian,9,False,,student,,1438,159.8,False,service_taxi,False,low_income|no_car|student
c_0799,رولا,Rula,54,f,wehdat,31.89111,36.07068,none,False,True,medium,False,,,middle,True,زوجي,my husband,uhod,Uhod,أحد,Al-Manakher,المناخر,osm_street,east,jordanian,2,True,seeing|cognition|communication,homemaker,,731,365.5,False,car_passenger,True,no_car
c_0800,ليث,Laith,45,m,khalda,31.9918,35.83629,limited,False,True,low,True,09:00,17:00,middle,True,أختي,my sister,tla_al_ali,Tla' Al-Ali,تلاع العلي وأم السماق وخلدا,Khalda,خلدا,osm_street,west,jordanian,7,True,seeing|walking|cognition|self_care,employed,True,1558,222.6,False,car_passenger,False,disabled|no_car|offline|worker
c_0801,سميرة,Samira,48,f,jabal_al_hussein,31.97582,35.95994,none,True,True,high,False,,,middle,True,زوجي,my husband,basman,Basman,بسمان,Al-Qusour,القصور,osm_street,east,jordanian,3,False,,homemaker,,767,255.6,False,car_driver,True,
c_0802,عمر,Omar,20,m,wehdat,31.91139,35.96497,none,True,True,medium,False,,,middle,True,أبوي,my father,qweismeh,Qweismeh,القويسمة,Jabal Al-Hadid,جبل الحديد,osm_street,east,jordanian,5,False,,unemployed,,1258,251.5,False,car_driver,True,student
c_0803,وفاء,Wafaa,38,f,abdali,31.96789,35.91421,none,False,True,low,False,,,middle,False,,,al_abdali,Al-Abdali,العبدلي,Jabal Al-Hussein,جبل الحسين,osm_street,west,jordanian,7,False,,homemaker,,1545,220.7,False,bus_brt,False,no_car|offline
c_0804,آمنة,Amina,18,f,sweileh,32.00983,35.82032,none,True,True,medium,False,,,middle,False,,,sweileh,Sweileh,صويلح,Al-Kamaliyeh,الكمالية,osm_street,west,jordanian,9,False,,student,,2559,284.3,False,car_driver,True,student
c_0805,مريم,Maryam,18,f,marka,31.98606,35.99394,none,False,True,high,False,,,high,True,أمي,my mother,marka,Marka,ماركا,Marka (airport side),ماركا - المطار,osm_street,east,jordanian,2,False,,student,,4918,2459.2,False,car_passenger,False,no_car|student
c_0806,ريم,Reem,38,f,tabarbour,31.98584,35.96126,none,False,True,medium,False,,,middle,True,زوجي,my husband,tariq,Tariq,طارق,Ain Ghazal,عين غزال,osm_street,east,jordanian,5,False,,homemaker,,1303,260.6,False,car_passenger,False,no_car
c_0807,سلمى,Salma,30,f,wehdat,31.9368,35.94903,none,True,True,medium,False,,,low,True,أخوي,my brother,al_yarmouk,Al-Yarmouk,اليرموك,Al-Wehdat,الوحدات,osm_street,east,jordanian,6,True,seeing|cognition|hearing,homemaker,,543,90.5,True,car_driver,False,low_income
c_0808,هدى,Huda,28,f,downtown,31.9366,35.90403,none,False,True,high,False,,,middle,False,,,bader,Bader,بدر,Al-Hilal,الهلال,osm_street,east,jordanian,4,False,,homemaker,,1638,409.5,False,car_passenger,True,no_car
c_0809,ريم,Reem,41,f,marka,32.00088,35.99705,none,False,True,high,False,,,low,True,أختي,my sister,marka,Marka,ماركا,Marka Al-Shamaliya,ماركا الشمالية,osm_street,east,jordanian,5,False,,homemaker,,456,91.2,True,bus_brt,False,low_income|no_car
c_0810,محمود,Mahmoud,67,m,downtown,31.93141,35.91286,none,False,False,low,False,,,low,False,,,bader,Bader,بدر,Al-Qwesmeh road side,طريق المطار - بدر,osm_street,east,jordanian,6,False,,retired,,796,132.6,False,service_taxi,False,elderly|low_income|no_car|offline
c_0811,أم محمد,Um Mohammad,38,f,marka,31.98119,35.98354,none,True,True,high,False,,,low,True,أخوي,my brother,marka,Marka,ماركا,Al-Rasha,الرشا,osm_street,east,jordanian,6,False,,homemaker,,843,140.5,False,car_driver,True,low_income
c_0812,عمر,Omar,33,m,sweileh,32.04898,35.87947,none,False,True,low,True,08:00,16:00,low,False,,,abu_nseir,Abu Nseir,أبو نصير,Abu Nseir West,أبو نصير الغربي,osm_street,west,jordanian,7,False,,employed,True,610,87.1,True,bus_brt,False,low_income|no_car|offline|worker
c_0813,رولا,Rula,30,f,wehdat,31.87909,35.93322,none,True,True,high,False,,,middle,True,زوجي,my husband,qweismeh,Qweismeh,القويسمة,Al-Jweideh,الجويدة,osm_street,east,jordanian,6,False,,homemaker,,3323,553.9,False,car_driver,False,
c_0814,بلال,Bilal,39,m,wehdat,31.91634,35.92596,none,False,True,medium,True,07:00,16:00,low,True,أخوي,my brother,ras_al_ein,Ras Al-Ein,رأس العين,Jabal Al-Rawda,جبل الروضة,osm_street,east,jordanian,5,False,,employed,True,934,186.8,False,car_passenger,True,low_income|no_car|worker
c_0815,نادية,Nadia,53,f,abdali,31.95237,35.92384,none,False,True,high,False,,,middle,True,أخوي,my brother,al_abdali,Al-Abdali,العبدلي,Jabal Al-Weibdeh,جبل اللويبدة,osm_street,west,jordanian,3,False,,homemaker,,1109,369.5,False,taxi,False,no_car
c_0816,هدى,Huda,27,f,khalda,31.95135,35.87282,none,True,True,high,False,,,middle,True,أخوي,my brother,wadi_al_seer,Wadi Al-Seer,وادي السير,Al-Sweifieh,الصويفية,osm_street,west,jordanian,5,False,,homemaker,,2223,444.6,False,car_driver,True,
c_0817,نور,Noor,37,f,tabarbour,31.98625,35.95692,none,False,True,medium,True,09:00,17:00,middle,True,زوجي,my husband,tariq,Tariq,طارق,Ain Ghazal,عين غزال,osm_street,east,jordanian,5,False,,employed,False,1368,273.5,False,walk,False,no_car|worker
c_0818,تهاني,Tahani,25,f,wehdat,31.91524,35.92529,none,True,True,medium,False,,,middle,False,,,ras_al_ein,Ras Al-Ein,رأس العين,Jabal Al-Rawda,جبل الروضة,osm_street,east,jordanian,3,False,,homemaker,,1445,481.6,False,car_driver,False,
c_0819,دانا,Dana,53,f,sweileh,32.00103,35.82701,none,False,True,medium,False,,,middle,False,,,sweileh,Sweileh,صويلح,Al-Kamaliyeh,الكمالية,osm_street,west,jordanian,6,False,,homemaker,,1254,209.0,False,car_passenger,True,no_car
c_0820,أم محمد,Um Mohammad,42,f,khalda,31.95382,35.81734,none,True,True,high,False,,,high,False,,,wadi_al_seer,Wadi Al-Seer,وادي السير,Wadi Al-Seer,وادي السير,osm_street,west,jordanian,6,False,,homemaker,,7685,1280.8,False,car_driver,True,
c_0821,آمنة,Amina,23,f,downtown,31.92344,35.91295,none,False,True,high,False,,,middle,True,أخوي,my brother,bader,Bader,بدر,Al-Qwesmeh road side,طريق المطار - بدر,osm_street,east,jordanian,4,False,,student,,1372,343.1,False,bus_brt,True,no_car|student
c_0822,ماهر,Maher,37,m,wehdat,31.9272,35.91111,none,False,True,high,False,,,middle,False,,,ras_al_ein,Ras Al-Ein,رأس العين,Al-Zuhour,الزهور,osm_street,east,jordanian,8,False,,out_of_labour_force,,2176,272.0,False,taxi,True,no_car
c_0823,فاطمة,Fatima,17,f,jabal_al_hussein,31.96144,35.93507,limited,False,True,high,False,,,low,True,أبوي,my father,basman,Basman,بسمان,Raghadan,رغدان,osm_street,east,jordanian,7,True,seeing|walking,student,,671,95.9,True,bus_brt,True,disabled|low_income|no_car
c_0824,طارق,Tareq,47,m,downtown,31.94229,35.90425,none,True,True,high,False,,,middle,True,أخوي,my brother,bader,Bader,بدر,Jabal Nazzal,جبل النزال,osm_street,east,jordanian,6,False,,out_of_labour_force,,1213,202.1,False,car_driver,True,
c_0825,علي,Ali,16,m,wehdat,31.88844,35.9407,none,False,True,medium,True,08:00,16:00,middle,True,أمي,my mother,qweismeh,Qweismeh,القويسمة,Al-Raqim,الرقيم,osm_street,east,jordanian,3,False,,employed,True,719,239.5,False,service_taxi,False,no_car|worker
c_0826,رهف,Rahaf,29,f,sweileh,32.04574,35.91672,none,False,True,high,True,09:00,17:00,high,True,زوجي,my husband,shafa_badran,Shafa Badran,شفا بدران,Shafa Badran,شفا بدران,osm_street,west,jordanian,5,False,,employed,False,3619,723.9,False,service_taxi,False,no_car|worker
c_0827,فاطمة,Fatima,76,f,jabal_al_hussein,31.95885,35.94231,none,False,True,low,False,,,middle,True,بنتي,my daughter,basman,Basman,بسمان,Raghadan,رغدان,osm_street,east,jordanian,8,False,,retired,,1865,233.2,False,car_passenger,False,elderly|no_car|offline
c_0828,رامي,Rami,35,m,wehdat,31.90608,35.96785,none,False,True,medium,True,08:00,16:00,middle,False,,,qweismeh,Qweismeh,القويسمة,Abu Alanda,أبو علندا,osm_street,east,jordanian,3,False,,employed,True,899,299.7,False,walk,True,no_car|worker
c_0829,مصطفى,Mustafa,59,m,wehdat,31.8748,35.9285,none,False,True,low,False,,,low,False,,,kherbet_al_souk,Kherbet Al-Souk,خريبة السوق وجاوا واليادودة,Khraibet Al-Souk,خريبة السوق,osm_street,east,jordanian,10,False,,out_of_labour_force,,1090,109.0,False,car_passenger,False,low_income|no_car|offline
c_0830,نور,Noor,35,f,wehdat,31.89704,35.8778,none,False,True,high,False,,,low,True,زوجي,my husband,al_mgablein,Al-Mgablein,المقابلين,Al-Muqabalain,المقابلين,osm_street,east,jordanian,5,False,,homemaker,,683,136.7,False,service_taxi,False,low_income|no_car
c_0831,أحمد,Ahmad,17,m,wehdat,31.90947,35.96864,none,False,True,high,False,,,low,True,أبوي,my father,qweismeh,Qweismeh,القويسمة,Jabal Al-Hadid,جبل الحديد,osm_street,east,jordanian,5,False,,student,,656,131.3,False,taxi,True,low_income|no_car
c_0832,حسن,Hasan,65,m,marka,31.95063,35.96621,none,True,True,low,False,,,middle,True,ابني,my son,al_nasr,Al-Nasr,النصر,Al-Manara,المنارة,osm_street,east,jordanian,5,False,,retired,,1714,342.7,False,car_driver,True,elderly|offline
c_0833,أم محمد,Um Mohammad,42,f,khalda,31.97289,35.84188,none,True,True,medium,False,,,high,True,زوجي,my husband,wadi_al_seer,Wadi Al-Seer,وادي السير,Al-Kursi,الكرسي,osm_street,west,jordanian,5,False,,homemaker,,3468,693.5,False,car_driver,True,
c_0834,بلال,Bilal,30,m,marka,31.96199,35.9678,none,False,True,high,True,09:00,17:00,middle,True,جاري,my neighbour,al_nasr,Al-Nasr,النصر,Jabal Al-Nasr,جبل النصر,osm_street,east,jordanian,7,False,,employed,True,1402,200.3,False,car_passenger,True,no_car|worker
c_0835,مصطفى,Mustafa,18,m,sweileh,32.01652,35.83921,none,False,True,medium,True,07:00,16:00,low,False,,,sweileh,Sweileh,صويلح,Sweileh,صويلح,osm_street,west,jordanian,7,False,,employed,False,635,90.8,True,bus_brt,False,low_income|no_car|worker
c_0836,عبير,Abeer,49,f,downtown,31.9339,35.90225,limited,False,True,medium,False,,,middle,True,أخوي,my brother,bader,Bader,بدر,Jabal Nazzal,جبل النزال,osm_street,east,jordanian,4,True,seeing|walking|cognition,homemaker,,1140,284.9,False,car_passenger,False,disabled|no_car
c_0837,بلال,Bilal,38,m,marka,31.96753,35.95796,none,False,False,low,True,07:00,16:00,low,False,,,al_nasr,Al-Nasr,النصر,Jabal Al-Nasr,جبل النصر,osm_street,east,jordanian,10,False,,employed,False,1512,151.2,False,car_passenger,False,low_income|no_car|offline|worker
c_0838,أحمد,Ahmad,45,m,wehdat,31.93433,35.93881,none,True,True,medium,True,07:00,16:00,low,False,,,al_yarmouk,Al-Yarmouk,اليرموك,Al-Hilal (east),الهلال,osm_street,east,jordanian,5,False,,employed,False,892,178.4,False,car_driver,False,low_income|worker
c_0839,فادي,Fadi,41,m,sweileh,32.01899,35.84567,none,True,True,high,False,,,high,False,,,sweileh,Sweileh,صويلح,Sweileh,صويلح,osm_street,west,jordanian,4,False,,out_of_labour_force,,4790,1197.5,False,car_driver,False,
c_0840,علي,Ali,20,m,abdali,31.88805,35.8307,none,False,True,low,False,,,middle,True,أمي,my mother,marj_al_hamam,Marj Al-Hamam,مرج الحمام,Marj Al-Hamam,مرج الحمام,osm_street,west,jordanian,10,False,,student,,2085,208.5,False,car_passenger,False,no_car|offline|student
c_0841,سميرة,Samira,29,f,jabal_al_hussein,31.98109,35.95093,none,True,True,low,False,,,middle,False,,,basman,Basman,بسمان,Al-Qusour,القصور,osm_street,east,jordanian,5,False,,homemaker,,1213,242.6,False,car_driver,False,offline
c_0842,سميرة,Samira,33,f,wehdat,31.90379,35.9598,none,False,False,low,False,,,middle,False,,,qweismeh,Qweismeh,القويسمة,Abu Alanda,أبو علندا,osm_street,east,jordanian,8,False,,homemaker,,2133,266.6,False,taxi,False,no_car|offline
c_0843,آمنة,Amina,64,f,tabarbour,32.03033,35.92451,none,True,True,low,False,,,middle,False,,,tariq,Tariq,طارق,Dahiyat Al-Amir Hamzeh,ضاحية الأمير حمزة,osm_street,east,jordanian,9,False,,retired,,3710,412.2,False,car_driver,False,offline
c_0844,محمد,Mohammad,74,m,marka,31.94278,35.96574,none,True,False,low,False,,,low,True,ابني,my son,al_nasr,Al-Nasr,النصر,Al-Manara,المنارة,osm_street,east,jordanian,8,False,,retired,,803,100.4,False,car_driver,False,elderly|low_income|offline
c_0845,عيسى,Issa,46,m,jabal_al_hussein,31.9674,35.95312,none,False,True,low,True,08:00,16:00,low,False,,,basman,Basman,بسمان,Al-Hashmi Al-Janoubi,الهاشمي الجنوبي,osm_street,east,jordanian,7,False,,employed,True,916,130.8,False,walk,False,low_income|no_car|offline|worker
c_0846,أحمد,Ahmad,22,m,abdali,31.95792,35.91943,none,False,True,medium,False,,,middle,True,أمي,my mother,al_abdali,Al-Abdali,العبدلي,Al-Abdali,العبدلي,osm_street,west,jordanian,4,False,,student,,1274,318.5,False,bus_brt,False,no_car|student
c_0847,حسن,Hasan,39,m,abdali,31.98368,35.89057,none,False,True,medium,False,,,low,False,,,al_abdali,Al-Abdali,العبدلي,Al-Abdaliyeh,العبدلية,osm_street,west,jordanian,6,False,,unemployed,,435,72.5,True,taxi,True,low_income|no_car
c_0848,تهاني,Tahani,18,f,sweileh,32.0268,35.86389,none,False,True,low,False,,,middle,True,أمي,my mother,jubeiha,Jubeiha,الجبيهة,Al-Jubeiha,الجبيهة,osm_street,west,jordanian,4,False,,student,,1127,281.8,False,taxi,False,no_car|offline|student
c_0849,فادي,Fadi,54,m,sweileh,32.0314,35.85824,none,False,True,high,False,,,low,True,زوجتي,my wife,jubeiha,Jubeiha,الجبيهة,Al-Jubeiha,الجبيهة,osm_street,west,jordanian,6,False,,unemployed,,895,149.2,False,taxi,False,low_income|no_car
c_0850,فاطمة,Fatima,49,f,wehdat,31.8524,35.93591,none,True,True,high,True,08:00,15:00,middle,True,زوجي,my husband,kherbet_al_souk,Kherbet Al-Souk,خريبة السوق وجاوا واليادودة,Jawa,جاوا,osm_street,east,jordanian,4,False,,employed,False,790,197.4,False,car_driver,True,worker
c_0851,أحمد,Ahmad,43,m,downtown,31.93078,35.90844,none,True,True,low,False,,,low,False,,,bader,Bader,بدر,Al-Qwesmeh road side,طريق المطار - بدر,osm_street,east,jordanian,6,False,,out_of_labour_force,,461,76.9,True,car_driver,False,low_income|offline
c_0852,عمر,Omar,23,m,downtown,31.9438,35.90754,none,False,True,high,False,,,middle,True,أمي,my mother,bader,Bader,بدر,Jabal Nazzal,جبل النزال,osm_street,east,jordanian,6,False,,unemployed,,1935,322.5,False,car_passenger,True,no_car|student
c_0853,عمر,Omar,35,m,wehdat,31.93212,35.93686,none,True,True,medium,False,,,low,True,أخوي,my brother,al_yarmouk,Al-Yarmouk,اليرموك,Al-Hilal (east),الهلال,osm_street,east,jordanian,7,False,,out_of_labour_force,,623,89.0,True,car_driver,True,low_income
c_0854,لينا,Lina,54,f,khalda,31.9677,35.8569,none,True,True,low,False,,,low,False,,,wadi_al_seer,Wadi Al-Seer,وادي السير,Al-Rawabi,الروابي,osm_street,west,jordanian,6,False,,homemaker,,803,133.8,False,car_driver,False,low_income|offline
c_0855,دانا,Dana,16,f,marka,31.96129,35.96444,none,False,True,high,False,,,low,True,أبوي,my father,al_nasr,Al-Nasr,النصر,Prince Hassan Camp,مخيم الأمير حسن,osm_street,east,jordanian,8,False,,student,,659,82.3,True,car_passenger,True,low_income|no_car
c_0856,نبيل,Nabil,33,m,wehdat,31.86489,35.91721,none,True,True,medium,True,08:00,15:00,middle,True,أخوي,my brother,kherbet_al_souk,Kherbet Al-Souk,خريبة السوق وجاوا واليادودة,Al-Yadudeh,اليادودة,osm_street,east,jordanian,8,False,,employed,True,3842,480.2,False,car_driver,False,worker
c_0857,عبير,Abeer,58,f,sweileh,32.01496,35.87342,none,False,True,medium,False,,,high,False,,,jubeiha,Jubeiha,الجبيهة,University of Jordan area,منطقة الجامعة الأردنية,osm_street,west,jordanian,1,False,,homemaker,,2127,2127.4,False,walk,False,no_car
c_0858,نادية,Nadia,36,f,tabarbour,31.99924,35.92792,none,False,True,low,False,,,low,True,زوجي,my husband,tariq,Tariq,طارق,Qatna,قطنة,osm_street,east,jordanian,7,False,,homemaker,,1099,157.0,False,service_taxi,False,low_income|no_car|offline
c_0859,هاني,Hani,61,m,wehdat,31.93499,35.94105,none,False,True,low,True,08:00,16:00,low,True,ابني,my son,al_yarmouk,Al-Yarmouk,اليرموك,Al-Hilal (east),الهلال,osm_street,east,jordanian,6,False,,employed,True,689,114.8,False,car_passenger,False,low_income|no_car|offline|worker
c_0860,محمد,Mohammad,81,m,jabal_al_hussein,31.967,35.95258,none,True,False,low,False,,,low,True,ابني,my son,basman,Basman,بسمان,Al-Hashmi Al-Shamali,الهاشمي الشمالي,osm_street,east,jordanian,8,False,,retired,,630,78.8,True,car_driver,False,elderly|low_income|offline
c_0861,رولا,Rula,30,f,marka,31.98657,35.99555,none,False,True,medium,False,,,low,True,زوجي,my husband,marka,Marka,ماركا,Marka (airport side),ماركا - المطار,osm_street,east,jordanian,6,False,,homemaker,,858,142.9,False,taxi,False,low_income|no_car
c_0862,مصطفى,Mustafa,28,m,tabarbour,31.98736,35.96638,none,True,True,high,True,09:00,17:00,low,False,,,tariq,Tariq,طارق,Ain Ghazal,عين غزال,osm_street,east,jordanian,6,False,,employed,True,768,128.0,False,car_driver,True,low_income|worker
c_0863,خديجة,Khadija,28,f,wehdat,31.9476,35.92573,none,True,True,medium,False,,,high,True,أخوي,my brother,ras_al_ein,Ras Al-Ein,رأس العين,Al-Muhajireen,المهاجرين,osm_street,east,jordanian,6,False,,homemaker,,5799,966.6,False,car_driver,False,
c_0864,آمنة,Amina,28,f,wehdat,31.93694,35.92934,none,False,True,medium,True,07:00,16:00,low,True,زوجي,my husband,al_yarmouk,Al-Yarmouk,اليرموك,Al-Hilal (east),الهلال,osm_street,east,jordanian,8,False,,employed,True,1129,141.2,False,walk,True,low_income|no_car|worker
c_0865,علي,Ali,36,m,sweileh,32.04651,35.8752,none,False,True,high,True,07:00,16:00,middle,True,أختي,my sister,abu_nseir,Abu Nseir,أبو نصير,Abu Nseir West,أبو نصير الغربي,osm_street,west,jordanian,4,False,,employed,True,1888,472.1,False,car_passenger,False,no_car|worker
c_0866,سميرة,Samira,53,f,wehdat,31.9476,35.93566,none,False,True,medium,False,,,low,True,أخوي,my brother,al_yarmouk,Al-Yarmouk,اليرموك,Jabal Al-Ashrafiyeh,جبل الأشرفية,osm_street,east,jordanian,6,False,,homemaker,,1008,168.1,False,taxi,True,low_income|no_car
c_0867,ليث,Laith,20,m,wehdat,31.93386,35.92607,none,False,True,medium,False,,,middle,True,أخوي,my brother,ras_al_ein,Ras Al-Ein,رأس العين,Jabal Al-Nadhif,جبل النظيف,osm_street,east,jordanian,7,False,,student,,1829,261.3,False,car_passenger,False,no_car|student
c_0868,محمد,Mohammad,27,m,tabarbour,31.98522,35.94796,none,False,True,high,False,,,low,False,,,tariq,Tariq,طارق,Tareq,طارق,osm_street,east,jordanian,8,False,,out_of_labour_force,,1255,156.8,False,walk,True,low_income|no_car
c_0869,خالد,Khaled,23,m,khalda,31.98018,35.85546,none,False,True,medium,True,08:00,16:00,high,True,أخوي,my brother,tla_al_ali,Tla' Al-Ali,تلاع العلي وأم السماق وخلدا,Umm Al-Summaq,أم السماق,osm_street,west,jordanian,9,False,,employed,True,5863,651.4,False,car_passenger,True,no_car|worker
c_0870,عبير,Abeer,24,f,wehdat,31.93674,35.93097,none,False,True,medium,False,,,low,True,أخوي,my brother,al_yarmouk,Al-Yarmouk,اليرموك,Al-Hilal (east),الهلال,osm_street,east,jordanian,4,False,,student,,502,125.6,False,service_taxi,False,low_income|no_car|student
c_0871,إبراهيم,Ibrahim,40,m,abdali,31.94579,35.8934,limited,False,True,medium,True,07:00,16:00,middle,True,أختي,my sister,zahran,Zahran,زهران,Hay Zahran,حي زهران,osm_street,west,jordanian,4,True,seeing|walking|cognition|hearing,employed,True,1530,382.4,False,car_passenger,False,disabled|no_car|worker
c_0872,أنس,Anas,20,m,jabal_al_hussein,31.9637,35.95237,none,False,True,high,False,,,low,True,أخوي,my brother,basman,Basman,بسمان,Al-Hashmi Al-Janoubi,الهاشمي الجنوبي,osm_street,east,jordanian,9,False,,student,,223,24.7,True,service_taxi,False,low_income|no_car|student
c_0873,جميلة,Jamila,20,f,khalda,31.9734,35.85406,none,False,True,high,False,,,middle,False,,,tla_al_ali,Tla' Al-Ali,تلاع العلي وأم السماق وخلدا,Umm Al-Summaq,أم السماق,osm_street,west,jordanian,8,False,,student,,2171,271.3,False,car_passenger,True,no_car|student
c_0874,ريم,Reem,25,f,wehdat,31.94346,35.92899,none,False,True,high,False,,,low,False,,,ras_al_ein,Ras Al-Ein,رأس العين,Jabal Al-Nadhif,جبل النظيف,osm_street,east,jordanian,4,False,,homemaker,,479,119.8,False,bus_brt,True,low_income|no_car
c_0875,طارق,Tareq,56,m,wehdat,31.93971,35.94605,none,True,True,low,True,08:00,15:00,middle,False,,,al_yarmouk,Al-Yarmouk,اليرموك,Al-Hilal (east),الهلال,osm_street,east,jordanian,4,False,,employed,False,1242,310.6,False,car_driver,False,offline|worker
c_0876,فاطمة,Fatima,36,f,khalda,31.98676,35.88129,none,True,True,high,True,08:00,15:00,high,False,,,tla_al_ali,Tla' Al-Ali,تلاع العلي وأم السماق وخلدا,Hay Al-Salam,حي السلام,osm_street,west,jordanian,4,False,,employed,False,6267,1566.7,False,car_driver,True,worker
c_0877,يوسف,Yousef,34,m,tabarbour,31.99561,35.92142,none,True,True,low,True,08:00,15:00,middle,False,,,tariq,Tariq,طارق,Qatna,قطنة,osm_street,east,jordanian,9,False,,employed,False,1797,199.7,False,car_driver,False,offline|worker
c_0878,دانا,Dana,63,f,wehdat,31.94232,35.92808,none,True,True,low,False,,,middle,False,,,al_yarmouk,Al-Yarmouk,اليرموك,Jabal Al-Ashrafiyeh,جبل الأشرفية,osm_street,east,jordanian,6,False,,retired,,1808,301.3,False,car_driver,False,offline
c_0879,علي,Ali,61,m,wehdat,31.87016,35.91559,none,True,True,low,True,09:00,17:00,middle,False,,,kherbet_al_souk,Kherbet Al-Souk,خريبة السوق وجاوا واليادودة,Khraibet Al-Souk,خريبة السوق,osm_street,east,jordanian,4,False,,employed,True,1169,292.3,False,car_driver,False,offline|worker
c_0880,لينا,Lina,47,f,jabal_al_hussein,31.97038,35.96582,none,True,True,medium,False,,,middle,True,زوجي,my husband,basman,Basman,بسمان,Al-Mahatta,المحطة,osm_street,east,jordanian,6,False,,unemployed,,2231,371.8,False,car_driver,True,
c_0881,أنس,Anas,38,m,tabarbour,32.00562,35.96465,none,False,True,low,False,,,low,False,,,tariq,Tariq,طارق,Abu Ulya,أبو عليا,osm_street,east,jordanian,4,False,,out_of_labour_force,,609,152.1,False,taxi,False,low_income|no_car|offline
c_0882,يوسف,Yousef,27,m,sweileh,32.03578,35.83508,none,True,True,medium,True,07:00,16:00,middle,False,,,sweileh,Sweileh,صويلح,Sweileh West,صويلح الغربي,osm_street,west,jordanian,4,False,,employed,False,771,192.7,False,car_driver,False,worker
c_0883,رنا,Rana,18,f,sweileh,32.05598,35.90876,none,False,True,high,False,,,middle,True,أخوي,my brother,shafa_badran,Shafa Badran,شفا بدران,Shafa Badran North,شفا بدران الشمالية,osm_street,west,jordanian,6,False,,student,,1787,297.9,False,walk,True,no_car|student
c_0884,أم محمد,Um Mohammad,51,f,sweileh,32.03204,35.91098,none,True,True,high,False,,,middle,False,,,shafa_badran,Shafa Badran,شفا بدران,Applied Science University area,منطقة جامعة العلوم التطبيقية,osm_street,west,jordanian,5,False,,homemaker,,1482,296.4,False,car_driver,True,
c_0885,سلمى,Salma,39,f,khalda,31.98607,35.84845,none,False,True,medium,False,,,high,False,,,tla_al_ali,Tla' Al-Ali,تلاع العلي وأم السماق وخلدا,Umm Al-Summaq,أم السماق,osm_street,west,jordanian,4,False,,homemaker,,3875,968.8,False,car_passenger,True,no_car
c_0886,رامي,Rami,43,m,wehdat,31.93207,35.94444,none,True,True,high,True,10:00,18:00,low,False,,,al_yarmouk,Al-Yarmouk,اليرموك,Al-Wehdat,الوحدات,osm_street,east,jordanian,6,False,,employed,True,662,110.4,False,car_driver,True,low_income|worker
c_0887,بلال,Bilal,26,m,marka,31.97053,35.96277,none,False,True,medium,False,,,middle,True,أخوي,my brother,al_nasr,Al-Nasr,النصر,Prince Hassan Camp,مخيم الأمير حسن,osm_street,east,jordanian,6,False,,unemployed,,1158,193.0,False,taxi,True,no_car
c_0888,سامي,Sami,49,m,khalda,31.98888,35.86065,none,True,True,medium,True,07:00,16:00,high,False,,,tla_al_ali,Tla' Al-Ali,تلاع العلي وأم السماق وخلدا,Tla' Al-Ali,تلاع العلي,osm_street,west,jordanian,5,False,,employed,False,3108,621.6,False,car_driver,False,worker
c_0889,رولا,Rula,19,f,wehdat,31.89663,35.95138,none,False,True,high,False,,,low,False,,,qweismeh,Qweismeh,القويسمة,Al-Raqim,الرقيم,osm_street,east,jordanian,6,False,,student,,1116,186.0,False,bus_brt,True,low_income|no_car|student
c_0890,سميرة,Samira,32,f,sweileh,32.02012,35.86849,none,False,True,high,False,,,middle,False,,,jubeiha,Jubeiha,الجبيهة,Jubeiha East,الجبيهة الشرقية,osm_street,west,jordanian,9,False,,homemaker,,2044,227.1,False,taxi,True,no_car
c_0891,فاطمة,Fatima,30,f,abdali,31.98898,35.88582,none,True,True,medium,False,,,high,False,,,al_abdali,Al-Abdali,العبدلي,Sport City,المدينة الرياضية,osm_street,west,jordanian,6,False,,homemaker,,5527,921.2,False,car_driver,True,
c_0892,زيد,Zaid,36,m,jabal_al_hussein,31.96943,35.94609,none,False,True,high,True,08:00,16:00,middle,True,زوجتي,my wife,basman,Basman,بسمان,Al-Hashmi Al-Shamali,الهاشمي الشمالي,osm_street,east,jordanian,6,False,,employed,True,3111,518.6,False,bus_brt,False,no_car|worker
c_0893,وفاء,Wafaa,37,f,marka,31.97706,35.97791,none,True,True,low,False,,,low,True,أختي,my sister,marka,Marka,ماركا,Marka Al-Janoubiya,ماركا الجنوبية,osm_street,east,jordanian,6,False,,homemaker,,637,106.1,False,car_driver,False,low_income|offline
c_0894,جمال,Jamal,27,m,khalda,31.97257,35.85196,none,True,True,high,True,07:00,16:00,high,True,أخوي,my brother,tla_al_ali,Tla' Al-Ali,تلاع العلي وأم السماق وخلدا,Umm Al-Summaq,أم السماق,osm_street,west,jordanian,4,False,,employed,True,8155,2038.7,False,car_driver,True,worker
c_0895,جمال,Jamal,43,m,downtown,31.94046,35.89558,none,True,True,medium,True,07:00,16:00,middle,False,,,bader,Bader,بدر,Al-Dustour,الدستور,osm_street,east,jordanian,7,False,,employed,True,2007,286.7,False,car_driver,False,worker
c_0896,نبيل,Nabil,33,m,wehdat,31.89977,35.89792,none,True,True,medium,False,,,middle,True,أختي,my sister,al_mgablein,Al-Mgablein,المقابلين,Al-Bunayyat Al-Shamaliya,البنيات الشمالية,osm_street,east,jordanian,7,False,,out_of_labour_force,,1974,282.0,False,car_driver,False,
c_0897,مصطفى,Mustafa,56,m,sweileh,32.0293,35.91758,none,True,True,medium,False,,,middle,True,أخوي,my brother,shafa_badran,Shafa Badran,شفا بدران,Applied Science University area,منطقة جامعة العلوم التطبيقية,osm_street,west,jordanian,9,False,,out_of_labour_force,,2139,237.7,False,car_driver,False,
c_0898,إبراهيم,Ibrahim,54,m,wehdat,31.9091,35.96647,none,True,True,high,True,10:00,18:00,middle,False,,,qweismeh,Qweismeh,القويسمة,Abu Alanda,أبو علندا,osm_street,east,jordanian,5,False,,employed,True,1747,349.5,False,car_driver,True,worker
c_0899,طارق,Tareq,21,m,jabal_al_hussein,31.96939,35.94376,none,True,True,medium,False,,,high,False,,,basman,Basman,بسمان,Raghadan,رغدان,osm_street,east,jordanian,1,False,,student,,1528,1528.5,False,car_driver,False,student
c_0900,جمال,Jamal,29,m,abdali,31.88073,35.84871,none,False,True,medium,False,,,low,True,زوجتي,my wife,marj_al_hamam,Marj Al-Hamam,مرج الحمام,Iskan Alia,إسكان عالية,osm_street,west,jordanian,5,False,,unemployed,,768,153.6,False,car_passenger,False,low_income|no_car
c_0901,مريم,Maryam,46,f,marka,32.00326,35.99989,none,True,True,medium,False,,,middle,True,جاري,my neighbour,marka,Marka,ماركا,Marka Al-Shamaliya,ماركا الشمالية,osm_street,east,jordanian,5,False,,homemaker,,1499,299.8,False,car_driver,False,
c_0902,مصطفى,Mustafa,34,m,abdali,31.95118,35.90411,none,True,True,high,True,08:00,16:00,high,True,أختي,my sister,zahran,Zahran,زهران,Jabal Amman,جبل عمان,osm_street,west,jordanian,7,False,,employed,False,7809,1115.5,False,car_driver,True,worker
c_0903,نور,Noor,31,f,abdali,31.94242,35.88487,none,True,True,medium,False,,,high,False,,,zahran,Zahran,زهران,Abdoun,عبدون,osm_street,west,jordanian,2,False,,homemaker,,1995,997.4,False,car_driver,True,
c_0904,أحمد,Ahmad,54,m,jabal_al_hussein,31.96206,35.95204,none,True,True,high,False,,,middle,True,جاري,my neighbour,basman,Basman,بسمان,Al-Hashmi Al-Janoubi,الهاشمي الجنوبي,osm_street,east,jordanian,7,False,,out_of_labour_force,,2088,298.3,False,car_driver,True,
c_0905,ليلى,Layla,25,f,sweileh,32.01815,35.86506,none,True,True,high,False,,,high,True,جاري,my neighbour,jubeiha,Jubeiha,الجبيهة,University of Jordan area,منطقة الجامعة الأردنية,osm_street,west,jordanian,8,False,,homemaker,,8994,1124.3,False,car_driver,False,
c_0906,حسن,Hasan,19,m,tabarbour,32.00519,35.95678,none,True,True,medium,False,,,middle,False,,,tariq,Tariq,طارق,Abu Ulya,أبو عليا,osm_street,east,jordanian,5,False,,unemployed,,2292,458.4,False,car_driver,False,student
c_0907,يوسف,Yousef,24,m,jabal_al_hussein,31.95716,35.94298,none,True,True,medium,False,,,low,True,أمي,my mother,basman,Basman,بسمان,Raghadan,رغدان,osm_street,east,jordanian,7,False,,student,,1152,164.5,False,car_driver,False,low_income|student
c_0908,رهف,Rahaf,27,f,wehdat,31.90603,35.96915,none,True,True,medium,False,,,middle,True,زوجي,my husband,qweismeh,Qweismeh,القويسمة,Abu Alanda,أبو علندا,osm_street,east,jordanian,7,False,,homemaker,,1409,201.4,False,car_driver,True,
c_0909,سعاد,Suad,29,f,wehdat,31.9006,35.89214,limited,True,True,high,False,,,middle,True,أخوي,my brother,al_mgablein,Al-Mgablein,المقابلين,Al-Muqabalain,المقابلين,osm_street,east,jordanian,5,True,walking,homemaker,,2393,478.6,False,car_driver,True,disabled
c_0910,عمر,Omar,43,m,sweileh,32.01964,35.87706,none,True,True,medium,True,07:00,16:00,high,True,زوجتي,my wife,jubeiha,Jubeiha,الجبيهة,University of Jordan area,منطقة الجامعة الأردنية,osm_street,west,jordanian,4,False,,employed,False,3367,841.8,False,car_driver,False,worker
c_0911,سليمان,Suleiman,35,m,marka,31.95821,35.97063,none,False,True,medium,False,,,low,False,,,al_nasr,Al-Nasr,النصر,Jabal Al-Nasr,جبل النصر,osm_street,east,jordanian,4,False,,out_of_labour_force,,265,66.3,True,taxi,True,low_income|no_car
c_0912,زيد,Zaid,59,m,sweileh,32.01957,35.87947,limited,False,True,medium,False,,,middle,False,,,jubeiha,Jubeiha,الجبيهة,University of Jordan area,منطقة الجامعة الأردنية,osm_street,west,jordanian,5,True,seeing|walking|self_care,out_of_labour_force,,1603,320.5,False,taxi,True,disabled|no_car
c_0913,لينا,Lina,27,f,wehdat,31.87679,35.88597,none,True,True,high,True,08:00,15:00,middle,True,أخوي,my brother,al_mgablein,Al-Mgablein,المقابلين,Al-Bunayyat Al-Janoubiya,البنيات الجنوبية,osm_street,east,jordanian,5,False,,employed,True,1914,382.8,False,car_driver,False,worker
c_0914,أم محمد,Um Mohammad,35,f,wehdat,31.86729,35.92187,none,False,True,medium,False,,,middle,True,زوجي,my husband,kherbet_al_souk,Kherbet Al-Souk,خريبة السوق وجاوا واليادودة,Al-Yadudeh,اليادودة,osm_street,east,jordanian,4,False,,homemaker,,1048,262.1,False,car_passenger,False,no_car
c_0915,جمال,Jamal,57,m,downtown,31.94614,35.94842,none,True,True,high,True,07:00,16:00,middle,True,أختي,my sister,al_madinah,Al-Madinah,المدينة,Jabal Al-Jofeh,جبل الجوفة,osm_street,east,jordanian,4,False,,employed,False,1734,433.6,False,car_driver,False,worker
c_0916,زينب,Zainab,48,f,jabal_al_hussein,31.97278,35.94838,none,False,True,high,True,07:00,16:00,middle,False,,,basman,Basman,بسمان,Al-Hashmi Al-Shamali,الهاشمي الشمالي,osm_street,east,jordanian,5,False,,employed,True,1553,310.6,False,bus_brt,True,no_car|worker
c_0917,رولا,Rula,59,f,wehdat,31.88394,35.88465,none,False,True,low,False,,,low,True,جاري,my neighbour,al_mgablein,Al-Mgablein,المقابلين,Al-Bunayyat Al-Janoubiya,البنيات الجنوبية,osm_street,east,jordanian,6,False,,homemaker,,810,135.0,False,car_passenger,False,low_income|no_car|offline
c_0918,خديجة,Khadija,25,f,wehdat,31.89731,36.00754,none,True,True,medium,False,,,middle,False,,,uhod,Uhod,أحد,Al-Mushayrifah,المشيرفة,osm_street,east,jordanian,5,False,,homemaker,,2434,486.8,False,car_driver,True,
c_0919,محمد,Mohammad,20,m,wehdat,31.94331,35.91348,none,False,True,low,False,,,low,True,أبوي,my father,ras_al_ein,Ras Al-Ein,رأس العين,Ras Al-Ein,رأس العين,osm_street,east,jordanian,7,True,seeing|communication,student,,876,125.1,False,taxi,False,low_income|no_car|offline|student
c_0920,ريم,Reem,46,f,abdali,31.96093,35.90858,none,True,True,medium,False,,,low,False,,,al_abdali,Al-Abdali,العبدلي,Al-Abdali,العبدلي,osm_street,west,jordanian,10,True,seeing,homemaker,,1771,177.1,False,car_driver,False,low_income
c_0921,عمر,Omar,34,m,tabarbour,32.00396,35.92916,none,True,True,medium,True,10:00,18:00,middle,True,أخوي,my brother,tariq,Tariq,طارق,Qatna,قطنة,osm_street,east,jordanian,10,False,,employed,False,2250,225.0,False,car_driver,True,worker
c_0922,ليلى,Layla,16,f,wehdat,31.91313,35.96254,none,False,True,medium,False,,,high,False,,,qweismeh,Qweismeh,القويسمة,Jabal Al-Hadid,جبل الحديد,osm_street,east,jordanian,1,False,,student,,1723,1722.9,False,car_passenger,False,no_car
c_0923,رنا,Rana,56,f,wehdat,31.94211,35.92253,none,False,True,low,False,,,middle,False,,,ras_al_ein,Ras Al-Ein,رأس العين,Ras Al-Ein,رأس العين,osm_street,east,jordanian,9,False,,homemaker,,2417,268.6,False,walk,False,no_car|offline
c_0924,يوسف,Yousef,41,m,wehdat,31.93219,35.94439,none,True,True,medium,False,,,low,False,,,al_yarmouk,Al-Yarmouk,اليرموك,Al-Wehdat,الوحدات,osm_street,east,jordanian,7,False,,out_of_labour_force,,503,71.8,True,car_driver,False,low_income
c_0925,نادية,Nadia,25,f,wehdat,31.94861,35.92261,none,True,True,medium,True,09:00,17:00,middle,False,,,ras_al_ein,Ras Al-Ein,رأس العين,Ras Al-Ein,رأس العين,osm_street,east,jordanian,6,False,,employed,True,3030,505.0,False,car_driver,False,worker
c_0926,سارة,Sara,20,f,downtown,31.93702,35.90305,none,True,True,medium,False,,,middle,True,أمي,my mother,bader,Bader,بدر,Al-Dustour,الدستور,osm_street,east,jordanian,5,False,,student,,1020,204.1,False,car_driver,False,student
c_0927,فاطمة,Fatima,50,f,downtown,31.92645,35.90463,none,False,True,low,False,,,middle,True,أخوي,my brother,bader,Bader,بدر,Al-Hilal,الهلال,osm_street,east,jordanian,4,False,,homemaker,,1021,255.2,False,car_passenger,False,no_car|offline
c_0928,عمر,Omar,63,m,abdali,31.89199,35.83376,limited,False,True,medium,False,,,middle,True,ابني,my son,marj_al_hamam,Marj Al-Hamam,مرج الحمام,Marj Al-Hamam,مرج الحمام,osm_street,west,jordanian,2,True,seeing|walking|hearing,retired,,575,287.3,False,taxi,True,disabled|no_car
c_0929,أنس,Anas,52,m,sweileh,32.02978,35.82536,none,False,True,high,True,07:00,16:00,low,False,,,sweileh,Sweileh,صويلح,Sweileh West,صويلح الغربي,osm_street,west,jordanian,7,False,,employed,True,782,111.8,False,walk,False,low_income|no_car|worker
c_0930,آمنة,Amina,18,f,abdali,31.96175,35.91898,none,False,True,medium,False,,,middle,False,,,al_abdali,Al-Abdali,العبدلي,Jabal Al-Hussein,جبل الحسين,osm_street,west,jordanian,7,False,,student,,2295,327.9,False,car_passenger,True,no_car|student
c_0931,سلمى,Salma,72,f,wehdat,31.91454,35.93731,none,False,True,low,False,,,low,False,,,ras_al_ein,Ras Al-Ein,رأس العين,Jabal Al-Rawda,جبل الروضة,osm_street,east,jordanian,6,False,,retired,,1014,169.0,False,car_passenger,False,elderly|low_income|no_car|offline
c_0932,حسن,Hasan,17,m,jabal_al_hussein,31.97527,35.95568,none,False,True,medium,False,,,low,False,,,basman,Basman,بسمان,Al-Hashmi Al-Shamali,الهاشمي الشمالي,osm_street,east,jordanian,4,False,,student,,693,173.2,False,car_passenger,False,low_income|no_car
c_0933,علي,Ali,29,m,tabarbour,32.02503,35.92986,none,True,True,high,True,07:00,16:00,high,False,,,tariq,Tariq,طارق,Dahiyat Al-Amir Hamzeh,ضاحية الأمير حمزة,osm_street,east,jordanian,6,False,,employed,True,4082,680.4,False,car_driver,False,worker
c_0934,زينب,Zainab,26,f,khalda,31.99135,35.82612,none,False,True,high,True,09:00,17:00,low,False,,,tla_al_ali,Tla' Al-Ali,تلاع العلي وأم السماق وخلدا,Dabouq,دابوق,osm_street,west,jordanian,7,False,,employed,False,688,98.3,True,taxi,True,low_income|no_car|worker
c_0935,رهف,Rahaf,26,f,wehdat,31.94106,35.92316,none,False,True,high,False,,,high,True,زوجي,my husband,al_yarmouk,Al-Yarmouk,اليرموك,Jabal Al-Ashrafiyeh,جبل الأشرفية,osm_street,east,jordanian,8,False,,homemaker,,4805,600.6,False,taxi,True,no_car
c_0936,محمود,Mahmoud,48,m,downtown,31.9356,35.91189,none,False,True,high,False,,,low,True,زوجتي,my wife,bader,Bader,بدر,Jabal Nazzal,جبل النزال,osm_street,east,jordanian,10,False,,out_of_labour_force,,789,78.9,True,bus_brt,True,low_income|no_car
c_0937,عمر,Omar,18,m,wehdat,31.91714,35.92253,none,False,True,medium,False,,,middle,True,أبوي,my father,ras_al_ein,Ras Al-Ein,رأس العين,Jabal Al-Rawda,جبل الروضة,osm_street,east,jordanian,10,False,,student,,2274,227.4,False,service_taxi,False,no_car|student
c_0938,هالة,Hala,20,f,sweileh,32.02008,35.8466,none,False,True,high,False,,,middle,False,,,sweileh,Sweileh,صويلح,Sweileh,صويلح,osm_street,west,jordanian,9,False,,student,,1847,205.2,False,service_taxi,True,no_car|student
c_0939,محمود,Mahmoud,90,m,sweileh,32.00555,35.81866,limited,False,False,low,False,,,middle,False,,,sweileh,Sweileh,صويلح,Al-Kamaliyeh,الكمالية,osm_street,west,jordanian,3,True,seeing|walking|cognition,retired,,642,214.1,False,taxi,False,elderly|disabled|no_car|offline
c_0940,فاطمة,Fatima,31,f,tabarbour,31.97935,35.95515,limited,False,True,medium,True,07:00,16:00,low,False,,,tariq,Tariq,طارق,Ain Ghazal,عين غزال,osm_street,east,jordanian,5,True,seeing|walking,employed,False,772,154.5,False,car_passenger,True,disabled|low_income|no_car|worker
c_0941,دانا,Dana,34,f,downtown,31.93198,35.91002,none,False,True,high,False,,,middle,False,,,bader,Bader,بدر,Al-Qwesmeh road side,طريق المطار - بدر,osm_street,east,jordanian,10,False,,homemaker,,3013,301.3,False,car_passenger,False,no_car
c_0942,خالد,Khaled,36,m,wehdat,31.85526,35.93946,none,False,True,high,True,08:00,15:00,high,True,زوجتي,my wife,kherbet_al_souk,Kherbet Al-Souk,خريبة السوق وجاوا واليادودة,Jawa,جاوا,osm_street,east,jordanian,2,False,,employed,False,2442,1220.9,False,taxi,True,no_car|worker
c_0943,سارة,Sara,51,f,marka,31.95007,35.95327,limited,False,True,low,False,,,low,False,,,al_nasr,Al-Nasr,النصر,Al-Manara,المنارة,osm_street,east,jordanian,10,True,seeing|walking,homemaker,,607,60.7,True,car_passenger,False,disabled|low_income|no_car|offline
c_0944,آمنة,Amina,29,f,jabal_al_hussein,31.96549,35.95606,none,False,True,medium,False,,,low,True,أخوي,my brother,basman,Basman,بسمان,Al-Hashmi Al-Janoubi,الهاشمي الجنوبي,osm_street,east,jordanian,5,False,,homemaker,,915,182.9,False,car_passenger,False,low_income|no_car
c_0945,وفاء,Wafaa,87,f,wehdat,31.89996,35.9603,none,False,True,low,False,,,middle,False,,,qweismeh,Qweismeh,القويسمة,Abu Alanda,أبو علندا,osm_street,east,jordanian,5,False,,retired,,1116,223.2,False,walk,False,elderly|no_car|offline
c_0946,سلمى,Salma,18,f,khalda,31.96594,35.84097,none,False,True,high,False,,,middle,False,,,wadi_al_seer,Wadi Al-Seer,وادي السير,Al-Kursi,الكرسي,osm_street,west,jordanian,8,False,,student,,4192,524.1,False,car_passenger,True,no_car|student
c_0947,سعاد,Suad,22,f,khalda,31.98479,35.87381,none,True,True,high,False,,,high,True,أبوي,my father,tla_al_ali,Tla' Al-Ali,تلاع العلي وأم السماق وخلدا,Al-Gardens,الجاردنز,osm_street,west,jordanian,5,False,,student,,4355,871.1,False,car_driver,False,student
c_0948,طارق,Tareq,31,m,downtown,31.94846,35.94181,none,True,True,medium,True,08:00,15:00,middle,True,زوجتي,my wife,al_madinah,Al-Madinah,المدينة,Jabal Al-Jofeh,جبل الجوفة,osm_street,east,jordanian,5,False,,employed,True,2039,407.7,False,car_driver,True,worker
c_0949,أم محمد,Um Mohammad,31,f,tabarbour,31.99991,35.93099,none,True,True,medium,False,,,middle,True,أخوي,my brother,tariq,Tariq,طارق,Qatna,قطنة,osm_street,east,jordanian,7,False,,homemaker,,1852,264.5,False,car_driver,False,
c_0950,سارة,Sara,29,f,abdali,31.95597,35.91371,none,True,True,high,True,10:00,18:00,high,True,زوجي,my husband,al_abdali,Al-Abdali,العبدلي,Jabal Al-Weibdeh,جبل اللويبدة,osm_street,west,jordanian,3,False,,employed,True,2648,882.7,False,car_driver,True,worker
c_0951,ماهر,Maher,19,m,abdali,31.96632,35.90259,none,False,True,medium,True,07:00,16:00,middle,True,أمي,my mother,al_abdali,Al-Abdali,العبدلي,Al-Shmeisani,الشميساني,osm_street,west,jordanian,10,False,,employed,False,2374,237.4,False,taxi,False,no_car|worker
c_0952,هدى,Huda,26,f,jabal_al_hussein,31.97036,35.95508,none,True,True,high,False,,,high,False,,,basman,Basman,بسمان,Al-Hashmi Al-Shamali,الهاشمي الشمالي,osm_street,east,jordanian,4,False,,homemaker,,4926,1231.5,False,car_driver,False,
c_0953,هالة,Hala,24,f,khalda,31.99909,35.85964,none,False,True,high,False,,,middle,True,أمي,my mother,tla_al_ali,Tla' Al-Ali,تلاع العلي وأم السماق وخلدا,Tla' Al-Ali,تلاع العلي,osm_street,west,jordanian,7,False,,student,,1354,193.4,False,car_passenger,True,no_car|student
c_0954,تهاني,Tahani,32,f,downtown,31.93159,35.90213,none,True,True,low,False,,,low,False,,,bader,Bader,بدر,Al-Qwesmeh road side,طريق المطار - بدر,osm_street,east,jordanian,9,False,,unemployed,,793,88.1,True,car_driver,False,low_income|offline
c_0955,نبيل,Nabil,37,m,khalda,31.95289,35.82729,none,True,True,medium,True,08:00,15:00,high,True,أخوي,my brother,wadi_al_seer,Wadi Al-Seer,وادي السير,Wadi Al-Seer,وادي السير,osm_street,west,jordanian,9,False,,employed,False,5285,587.2,False,car_driver,False,worker
c_0956,سليمان,Suleiman,39,m,abdali,31.89605,35.82773,none,True,True,high,False,,,middle,False,,,marj_al_hamam,Marj Al-Hamam,مرج الحمام,Circassian Quarter,الحي الشركسي,osm_street,west,jordanian,7,False,,out_of_labour_force,,1936,276.5,False,car_driver,False,
c_0957,عبدالله,Abdullah,51,m,jabal_al_hussein,31.96669,35.95397,none,True,True,medium,True,08:00,15:00,middle,True,أخوي,my brother,basman,Basman,بسمان,Al-Hashmi Al-Janoubi,الهاشمي الجنوبي,osm_street,east,jordanian,6,False,,employed,False,1289,214.9,False,car_driver,True,worker
c_0958,بلال,Bilal,48,m,sweileh,32.02275,35.83266,none,True,True,low,True,10:00,18:00,middle,True,زوجتي,my wife,sweileh,Sweileh,صويلح,Sweileh,صويلح,osm_street,west,jordanian,4,False,,employed,True,967,241.7,False,car_driver,True,offline|worker
c_0959,عبير,Abeer,51,f,jabal_al_hussein,31.96724,35.96777,none,False,True,medium,False,,,middle,True,أختي,my sister,basman,Basman,بسمان,Al-Mahatta,المحطة,osm_street,east,jordanian,7,True,seeing|self_care,homemaker,,1345,192.2,False,car_passenger,False,no_car
c_0960,بلال,Bilal,20,m,tabarbour,31.98593,35.95566,none,True,True,medium,False,,,low,False,,,tariq,Tariq,طارق,Ain Ghazal,عين غزال,osm_street,east,jordanian,5,False,,student,,870,174.0,False,car_driver,False,low_income|student
c_0961,دانا,Dana,47,f,wehdat,31.93068,35.93579,none,False,True,high,False,,,low,False,,,al_yarmouk,Al-Yarmouk,اليرموك,Al-Hilal (east),الهلال,osm_street,east,jordanian,6,False,,homemaker,,630,105.0,False,bus_brt,True,low_income|no_car
c_0962,هالة,Hala,64,f,khalda,31.99133,35.84081,none,False,True,low,False,,,middle,False,,,tla_al_ali,Tla' Al-Ali,تلاع العلي وأم السماق وخلدا,Khalda,خلدا,osm_street,west,jordanian,3,False,,retired,,1258,419.3,False,car_passenger,False,no_car|offline
c_0963,رهف,Rahaf,38,f,jabal_al_hussein,31.9748,35.94247,none,False,True,medium,False,,,low,False,,,basman,Basman,بسمان,Al-Hashmi Al-Shamali,الهاشمي الشمالي,osm_street,east,jordanian,7,False,,homemaker,,1305,186.4,False,car_passenger,True,low_income|no_car
c_0964,سليمان,Suleiman,27,m,khalda,31.95067,35.82853,none,True,True,high,True,08:00,15:00,middle,False,,,wadi_al_seer,Wadi Al-Seer,وادي السير,Wadi Al-Seer,وادي السير,osm_street,west,jordanian,8,False,,employed,False,3573,446.7,False,car_driver,True,worker
c_0965,دانا,Dana,35,f,abdali,31.94256,35.85586,none,False,True,high,True,10:00,18:00,middle,False,,,zahran,Zahran,زهران,Deir Ghbar,دير غبار,osm_street,west,jordanian,3,False,,employed,True,872,290.6,False,service_taxi,True,no_car|worker
c_0966,زينب,Zainab,41,f,marka,31.97775,35.97694,none,False,True,medium,False,,,middle,True,زوجي,my husband,marka,Marka,ماركا,Al-Rasha,الرشا,osm_street,east,jordanian,6,False,,homemaker,,1174,195.6,False,car_passenger,False,no_car
c_0967,سلمى,Salma,31,f,downtown,31.93562,35.90021,none,False,True,medium,True,07:00,16:00,middle,True,أخوي,my brother,bader,Bader,بدر,Jabal Nazzal,جبل النزال,osm_street,east,jordanian,7,False,,employed,False,1992,284.6,False,walk,True,no_car|worker
c_0968,أحمد,Ahmad,17,m,sweileh,32.01966,35.88114,none,False,True,high,False,,,middle,True,أمي,my mother,jubeiha,Jubeiha,الجبيهة,Jubeiha East,الجبيهة الشرقية,osm_street,west,jordanian,6,False,,unemployed,,2653,442.1,False,car_passenger,False,no_car
c_0969,عبير,Abeer,20,f,jabal_al_hussein,31.97691,35.95576,none,True,True,high,False,,,high,True,أخوي,my brother,basman,Basman,بسمان,Al-Qusour,القصور,osm_street,east,jordanian,2,False,,student,,2553,1276.6,False,car_driver,True,student
c_0970,سامي,Sami,16,m,wehdat,31.92897,35.95613,none,False,True,medium,False,,,low,True,أمي,my mother,al_yarmouk,Al-Yarmouk,اليرموك,Hay Al-Awda,حي العودة,osm_street,east,jordanian,6,False,,student,,968,161.4,False,car_passenger,False,low_income|no_car
c_0971,سامي,Sami,29,m,downtown,31.93141,35.90268,none,False,True,low,True,07:00,16:00,high,False,,,bader,Bader,بدر,Al-Dustour,الدستور,osm_street,east,jordanian,5,True,seeing|cognition,employed,True,5366,1073.2,False,car_passenger,False,no_car|offline|worker
c_0972,أنس,Anas,40,m,khalda,31.96519,35.84094,none,True,True,medium,False,,,middle,True,جاري,my neighbour,wadi_al_seer,Wadi Al-Seer,وادي السير,Al-Kursi,الكرسي,osm_street,west,jordanian,6,True,seeing|self_care,unemployed,,2697,449.6,False,car_driver,True,
c_0973,إبراهيم,Ibrahim,47,m,wehdat,31.90811,35.96139,none,True,True,high,False,,,low,True,أخوي,my brother,qweismeh,Qweismeh,القويسمة,Abu Alanda,أبو علندا,osm_street,east,jordanian,7,False,,unemployed,,833,119.0,False,car_driver,True,low_income
c_0974,علي,Ali,61,m,tabarbour,31.99254,35.94359,none,True,True,medium,True,07:00,16:00,high,True,بنتي,my daughter,tariq,Tariq,طارق,Tabarbour,طبربور,osm_street,east,jordanian,6,False,,employed,False,10910,1818.4,False,car_driver,True,worker
c_0975,تهاني,Tahani,60,f,jabal_al_hussein,31.97036,35.9496,none,False,True,high,False,,,middle,False,,,basman,Basman,بسمان,Al-Hashmi Al-Shamali,الهاشمي الشمالي,osm_street,east,jordanian,6,False,,retired,,2045,340.9,False,car_passenger,False,no_car
c_0976,نبيل,Nabil,31,m,downtown,31.94509,35.93284,none,False,True,medium,True,08:00,16:00,low,False,,,al_madinah,Al-Madinah,المدينة,Al-Balad (Downtown),البلد,osm_street,east,jordanian,4,False,,employed,False,278,69.4,True,car_passenger,False,low_income|no_car|worker
c_0977,مصطفى,Mustafa,52,m,sweileh,32.02526,35.86795,none,True,True,medium,True,09:00,17:00,high,True,جاري,my neighbour,jubeiha,Jubeiha,الجبيهة,Al-Jubeiha,الجبيهة,osm_street,west,jordanian,6,False,,employed,False,5701,950.2,False,car_driver,False,worker
c_0978,عبير,Abeer,34,f,sweileh,32.02507,35.85902,none,False,True,medium,False,,,low,False,,,jubeiha,Jubeiha,الجبيهة,Al-Jubeiha,الجبيهة,osm_street,west,jordanian,9,False,,homemaker,,743,82.6,True,walk,True,low_income|no_car
c_0979,هالة,Hala,19,f,wehdat,31.92071,35.91651,none,False,True,high,False,,,middle,True,أبوي,my father,ras_al_ein,Ras Al-Ein,رأس العين,Al-Zuhour,الزهور,osm_street,east,jordanian,6,False,,student,,2344,390.6,False,car_passenger,False,no_car|student
c_0980,ليلى,Layla,37,f,tabarbour,31.99619,35.92557,none,True,True,medium,False,,,low,False,,,tariq,Tariq,طارق,Qatna,قطنة,osm_street,east,jordanian,9,False,,homemaker,,1332,148.0,False,car_driver,False,low_income
c_0981,أنس,Anas,32,m,wehdat,31.88591,35.9388,none,False,True,medium,True,10:00,18:00,low,True,أختي,my sister,qweismeh,Qweismeh,القويسمة,Al-Jweideh,الجويدة,osm_street,east,jordanian,10,False,,employed,True,984,98.4,True,bus_brt,False,low_income|no_car|worker
c_0982,عيسى,Issa,29,m,marka,31.96423,35.9842,none,True,True,high,True,08:00,15:00,middle,False,,,marka,Marka,ماركا,Marka Al-Janoubiya,ماركا الجنوبية,osm_street,east,jordanian,9,False,,employed,False,3774,419.4,False,car_driver,True,worker
c_0983,مريم,Maryam,25,f,tabarbour,31.98462,35.94786,none,True,True,high,False,,,middle,False,,,tariq,Tariq,طارق,Tareq,طارق,osm_street,east,jordanian,6,False,,homemaker,,2880,480.0,False,car_driver,False,
c_0984,أنس,Anas,44,m,tabarbour,32.02434,35.92639,none,True,True,high,False,,,middle,True,أختي,my sister,tariq,Tariq,طارق,Dahiyat Al-Amir Hamzeh,ضاحية الأمير حمزة,osm_street,east,jordanian,7,False,,out_of_labour_force,,2591,370.1,False,car_driver,False,
c_0985,هدى,Huda,34,f,abdali,31.96248,35.90949,none,False,True,medium,False,,,low,True,زوجي,my husband,al_abdali,Al-Abdali,العبدلي,Al-Abdali,العبدلي,osm_street,west,jordanian,10,False,,homemaker,,1402,140.2,False,car_passenger,False,low_income|no_car
c_0986,طارق,Tareq,55,m,khalda,31.96752,35.83785,limited,False,True,low,True,08:00,15:00,high,True,أخوي,my brother,wadi_al_seer,Wadi Al-Seer,وادي السير,Al-Kursi,الكرسي,osm_street,west,jordanian,3,True,seeing|walking|hearing|self_care|communication,employed,True,2226,742.1,False,service_taxi,False,disabled|no_car|offline|worker
c_0987,أحمد,Ahmad,58,m,wehdat,31.94759,35.92279,limited,False,False,low,True,09:00,17:00,low,False,,,ras_al_ein,Ras Al-Ein,رأس العين,Ras Al-Ein,رأس العين,osm_street,east,jordanian,7,True,seeing|walking|cognition,employed,False,1263,180.4,False,walk,False,disabled|low_income|no_car|offline|worker
c_0988,يوسف,Yousef,59,m,khalda,31.9567,35.84163,none,True,True,medium,False,,,middle,False,,,wadi_al_seer,Wadi Al-Seer,وادي السير,Al-Bayader,البيادر,osm_street,west,jordanian,10,False,,out_of_labour_force,,3120,312.0,False,car_driver,False,
c_0989,رهف,Rahaf,34,f,jabal_al_hussein,31.97056,35.94888,none,False,True,medium,False,,,high,True,زوجي,my husband,basman,Basman,بسمان,Al-Hashmi Al-Shamali,الهاشمي الشمالي,osm_street,east,jordanian,2,False,,homemaker,,1941,970.7,False,walk,True,no_car
c_0990,مصطفى,Mustafa,39,m,khalda,31.98471,35.87883,none,True,True,medium,True,08:00,16:00,middle,False,,,tla_al_ali,Tla' Al-Ali,تلاع العلي وأم السماق وخلدا,Hay Al-Salam,حي السلام,osm_street,west,jordanian,6,False,,employed,True,2216,369.3,False,car_driver,False,worker
c_0991,نور,Noor,25,f,jabal_al_hussein,31.96874,35.95425,none,True,True,medium,False,,,low,True,أخوي,my brother,basman,Basman,بسمان,Al-Hashmi Al-Shamali,الهاشمي الشمالي,osm_street,east,jordanian,10,False,,homemaker,,1906,190.6,False,car_driver,False,low_income
c_0992,حسن,Hasan,22,m,sweileh,32.01837,35.83868,none,False,True,medium,True,09:00,17:00,middle,False,,,sweileh,Sweileh,صويلح,Sweileh,صويلح,osm_street,west,jordanian,5,False,,employed,True,1837,367.4,False,car_passenger,True,no_car|worker
c_0993,ليلى,Layla,55,f,sweileh,32.0219,35.86972,none,True,True,medium,False,,,low,True,زوجي,my husband,jubeiha,Jubeiha,الجبيهة,University of Jordan area,منطقة الجامعة الأردنية,osm_street,west,jordanian,3,False,,homemaker,,336,112.1,False,car_driver,True,low_income
c_0994,نور,Noor,43,f,wehdat,31.89237,35.91014,none,False,True,medium,False,,,high,False,,,al_mgablein,Al-Mgablein,المقابلين,Umm Quseir,أم قصير,osm_street,east,jordanian,6,False,,homemaker,,4531,755.1,False,car_passenger,False,no_car
c_0995,جميلة,Jamila,72,f,marka,31.97872,35.98502,limited,False,True,low,False,,,low,True,بنتي,my daughter,marka,Marka,ماركا,Al-Rasha,الرشا,osm_street,east,jordanian,6,True,seeing|walking|cognition,retired,,403,67.2,True,car_passenger,True,elderly|disabled|low_income|no_car|offline
c_0996,هاني,Hani,60,m,sweileh,32.01923,35.83985,none,True,True,low,False,,,middle,False,,,sweileh,Sweileh,صويلح,Sweileh,صويلح,osm_street,west,jordanian,4,False,,retired,,1018,254.4,False,car_driver,False,offline
c_0997,جمال,Jamal,44,m,abdali,31.99338,35.89904,none,True,False,low,True,08:00,16:00,high,True,جاري,my neighbour,al_abdali,Al-Abdali,العبدلي,Sport City,المدينة الرياضية,osm_street,west,jordanian,4,False,,employed,True,8180,2045.0,False,car_driver,False,offline|worker
c_0998,عبير,Abeer,31,f,marka,31.96492,35.95485,none,False,True,medium,True,09:00,17:00,middle,False,,,al_nasr,Al-Nasr,النصر,Prince Hassan Camp,مخيم الأمير حسن,osm_street,east,jordanian,3,False,,employed,True,979,326.4,False,car_passenger,False,no_car|worker
c_0999,عبدالله,Abdullah,21,m,marka,31.94875,35.95312,none,True,True,medium,False,,,middle,True,أبوي,my father,al_nasr,Al-Nasr,النصر,Al-Hussein Al-Sharqi,الحسين الشرقي,osm_street,east,jordanian,6,False,,student,,1490,248.3,False,car_driver,True,student
c_1000,هاني,Hani,43,m,marka,31.95328,35.95626,none,False,True,medium,False,,,low,False,,,al_nasr,Al-Nasr,النصر,Al-Hussein Al-Sharqi,الحسين الشرقي,osm_street,east,jordanian,10,True,seeing,out_of_labour_force,,1303,130.3,False,car_passenger,False,low_income|no_car
