id,name_ar,name_en,age,gender,area,lat,lng,mobility,has_car,has_smartphone,digital_literacy,works,work_start,work_end,income_band,has_helper,helper_relation_ar,helper_relation_en,district,district_en,district_ar,neighbourhood,neighbourhood_ar,home_source,side,nationality,household_size,disabled,difficulties,employment_status,informal_job,household_income_jd,per_capita_income_jd,below_poverty_line,main_mode,used_egov,tags
r_0001,فادي,Fadi,33,m,khalda,31.98124,35.87443,none,True,True,high,True,08:00,16:00,high,False,,,tla_al_ali,Tla' Al-Ali,تلاع العلي وأم السماق وخلدا,Hay Al-Salam,حي السلام,osm_street,west,syrian,7,False,,employed,True,4532,647.5,False,car_driver,False,worker
r_0002,سلمى,Salma,28,f,downtown,31.94632,35.90376,none,True,True,medium,False,,,middle,True,زوجي,my husband,bader,Bader,بدر,Jabal Nazzal,جبل النزال,osm_street,east,jordanian,5,False,,homemaker,,1801,360.1,False,car_driver,True,
r_0003,محمود,Mahmoud,55,m,wehdat,31.91211,35.96998,none,False,False,low,True,08:00,15:00,low,True,أخوي,my brother,qweismeh,Qweismeh,القويسمة,Jabal Al-Hadid,جبل الحديد,osm_street,east,other,7,False,,employed,True,1192,170.2,False,car_passenger,False,low_income|no_car|offline|worker
r_0004,أم محمد,Um Mohammad,32,f,sweileh,32.00454,35.81972,none,False,True,high,True,09:00,17:00,high,True,أخوي,my brother,sweileh,Sweileh,صويلح,Al-Kamaliyeh,الكمالية,osm_street,west,jordanian,6,False,,employed,True,8564,1427.4,False,walk,True,no_car|worker
r_0005,هالة,Hala,60,f,sweileh,32.01904,35.86433,none,True,True,low,False,,,low,False,,,jubeiha,Jubeiha,الجبيهة,Al-Jubeiha,الجبيهة,osm_street,west,jordanian,10,False,,retired,,1921,192.1,False,car_driver,False,low_income|offline
r_0006,زينب,Zainab,41,f,wehdat,31.86663,35.91947,none,True,True,low,False,,,middle,False,,,kherbet_al_souk,Kherbet Al-Souk,خريبة السوق وجاوا واليادودة,Al-Yadudeh,اليادودة,osm_street,east,jordanian,5,False,,homemaker,,1515,303.0,False,car_driver,False,offline
r_0007,جميلة,Jamila,34,f,wehdat,31.89071,35.94911,none,False,True,medium,False,,,low,True,زوجي,my husband,qweismeh,Qweismeh,القويسمة,Al-Raqim,الرقيم,osm_street,east,jordanian,6,False,,homemaker,,761,126.8,False,taxi,True,low_income|no_car
r_0008,محمود,Mahmoud,26,m,downtown,31.94463,35.93217,none,False,True,medium,True,08:00,16:00,low,True,أخوي,my brother,al_madinah,Al-Madinah,المدينة,Al-Balad (Downtown),البلد,osm_street,east,syrian,6,False,,employed,True,261,43.5,True,car_passenger,True,low_income|no_car|worker
r_0009,إبراهيم,Ibrahim,68,m,sweileh,32.04812,35.90086,none,True,True,high,False,,,high,True,ابني,my son,abu_nseir,Abu Nseir,أبو نصير,Abu Nseir Housing,إسكان أبو نصير,osm_street,west,jordanian,3,False,,retired,,4809,1603.1,False,car_driver,False,elderly
r_0010,زيد,Zaid,22,m,marka,31.97935,35.98329,none,False,False,low,False,,,middle,True,أخوي,my brother,marka,Marka,ماركا,Al-Rasha,الرشا,osm_street,east,syrian,3,False,,student,,742,247.4,False,car_passenger,False,no_car|offline|student
r_0011,سامي,Sami,52,m,wehdat,31.91393,35.922,none,False,True,medium,False,,,low,True,أختي,my sister,ras_al_ein,Ras Al-Ein,رأس العين,Jabal Al-Rawda,جبل الروضة,osm_street,east,jordanian,5,False,,unemployed,,434,86.9,True,taxi,True,low_income|no_car
r_0012,رامي,Rami,22,m,khalda,31.96174,35.84702,none,True,True,medium,False,,,high,True,أخوي,my brother,wadi_al_seer,Wadi Al-Seer,وادي السير,Al-Bayader,البيادر,osm_street,west,jordanian,6,False,,student,,4714,785.7,False,car_driver,True,student
r_0013,حسن,Hasan,56,m,sweileh,32.01585,35.87233,none,True,True,low,False,,,middle,False,,,jubeiha,Jubeiha,الجبيهة,Jubeiha East,الجبيهة الشرقية,osm_street,west,jordanian,6,False,,out_of_labour_force,,2677,446.2,False,car_driver,False,offline
r_0014,أنس,Anas,66,m,abdali,31.97195,35.89781,none,True,True,low,False,,,high,True,ابني,my son,al_abdali,Al-Abdali,العبدلي,Al-Shmeisani,الشميساني,osm_street,west,iraqi,3,False,,retired,,2935,978.4,False,car_driver,False,elderly|offline
r_0015,مريم,Maryam,74,f,wehdat,31.92616,35.94348,limited,False,True,low,False,,,low,True,بنتي,my daughter,al_yarmouk,Al-Yarmouk,اليرموك,Al-Wehdat,الوحدات,osm_street,east,palestinian,4,True,seeing|walking,retired,,103,25.6,True,car_passenger,False,elderly|disabled|low_income|no_car|offline
r_0016,يوسف,Yousef,59,m,sweileh,32.01593,35.88066,none,True,True,medium,False,,,low,True,أخوي,my brother,jubeiha,Jubeiha,الجبيهة,University of Jordan area,منطقة الجامعة الأردنية,osm_street,west,jordanian,6,False,,out_of_labour_force,,838,139.6,False,car_driver,True,low_income
r_0017,نور,Noor,28,f,khalda,31.99014,35.87282,none,True,True,low,False,,,high,True,زوجي,my husband,tla_al_ali,Tla' Al-Ali,تلاع العلي وأم السماق وخلدا,Hay Al-Salam,حي السلام,osm_street,west,jordanian,6,False,,homemaker,,8301,1383.5,False,car_driver,False,offline
r_0018,دانا,Dana,25,f,khalda,31.94482,35.82253,none,True,True,high,True,07:00,16:00,middle,False,,,wadi_al_seer,Wadi Al-Seer,وادي السير,Wadi Al-Seer,وادي السير,osm_street,west,jordanian,4,False,,employed,False,2225,556.2,False,car_driver,True,worker
r_0019,آمنة,Amina,17,f,wehdat,31.91997,35.96157,none,False,True,high,False,,,low,False,,,qweismeh,Qweismeh,القويسمة,Al-Qweismeh,القويسمة,osm_street,east,palestinian,7,False,,student,,1318,188.3,False,bus_brt,False,low_income|no_car
r_0020,يوسف,Yousef,33,m,wehdat,31.91763,35.95307,none,False,True,low,True,08:00,15:00,low,True,أخوي,my brother,qweismeh,Qweismeh,القويسمة,Al-Qweismeh,القويسمة,osm_street,east,jordanian,8,False,,employed,True,1318,164.7,False,bus_brt,False,low_income|no_car|offline|worker
r_0021,سلمى,Salma,48,f,marka,31.96724,35.98794,none,False,True,medium,False,,,low,True,أختي,my sister,marka,Marka,ماركا,Marka Al-Janoubiya,ماركا الجنوبية,osm_street,east,jordanian,4,False,,homemaker,,795,198.7,False,walk,True,low_income|no_car
r_0022,جميلة,Jamila,74,f,wehdat,31.91486,35.93633,none,False,True,low,False,,,low,False,,,ras_al_ein,Ras Al-Ein,رأس العين,Jabal Al-Rawda,جبل الروضة,osm_street,east,other,4,False,,retired,,569,142.3,False,walk,False,elderly|low_income|no_car|offline
r_0023,سعاد,Suad,35,f,sweileh,32.04716,35.88955,none,False,True,medium,False,,,low,True,أختي,my sister,abu_nseir,Abu Nseir,أبو نصير,Abu Nseir West,أبو نصير الغربي,osm_street,west,jordanian,10,False,,homemaker,,1829,182.9,False,car_passenger,True,low_income|no_car
r_0024,عمر,Omar,33,m,abdali,31.89853,35.83558,none,False,True,medium,False,,,high,True,أختي,my sister,marj_al_hamam,Marj Al-Hamam,مرج الحمام,Circassian Quarter,الحي الشركسي,osm_street,west,jordanian,4,False,,unemployed,,3078,769.5,False,walk,True,no_car
r_0025,علي,Ali,36,m,khalda,31.97822,35.84919,none,True,True,medium,True,07:00,16:00,middle,False,,,tla_al_ali,Tla' Al-Ali,تلاع العلي وأم السماق وخلدا,Umm Al-Summaq,أم السماق,osm_street,west,jordanian,6,False,,employed,True,3192,532.0,False,car_driver,True,worker
r_0026,رنا,Rana,45,f,wehdat,31.93204,35.94112,none,False,True,high,False,,,middle,True,أخوي,my brother,al_yarmouk,Al-Yarmouk,اليرموك,Al-Wehdat,الوحدات,osm_street,east,palestinian,4,False,,homemaker,,1183,295.8,False,car_passenger,True,no_car
r_0027,ريم,Reem,58,f,tabarbour,32.00409,35.9347,none,False,True,low,False,,,middle,True,أخوي,my brother,tariq,Tariq,طارق,Tabarbour,طبربور,osm_street,east,jordanian,6,False,,homemaker,,1367,227.8,False,walk,True,no_car|offline
r_0028,عبدالله,Abdullah,52,m,sweileh,32.02088,35.87457,none,True,False,low,False,,,high,False,,,jubeiha,Jubeiha,الجبيهة,Jubeiha East,الجبيهة الشرقية,osm_street,west,jordanian,4,False,,unemployed,,3351,837.7,False,car_driver,False,offline
r_0029,وفاء,Wafaa,86,f,wehdat,31.93611,35.93873,none,False,True,low,False,,,middle,True,ابني,my son,al_yarmouk,Al-Yarmouk,اليرموك,Al-Hilal (east),الهلال,osm_street,east,iraqi,2,False,,retired,,1085,542.3,False,car_passenger,False,elderly|no_car|offline
r_0030,خديجة,Khadija,23,f,marka,31.9554,35.95614,none,False,True,medium,False,,,middle,True,أبوي,my father,al_nasr,Al-Nasr,النصر,Al-Hussein Al-Sharqi,الحسين الشرقي,osm_street,east,jordanian,7,False,,student,,1538,219.7,False,car_passenger,False,no_car|student
r_0031,تهاني,Tahani,45,f,abdali,31.96628,35.91782,none,True,True,high,False,,,middle,False,,,al_abdali,Al-Abdali,العبدلي,Al-Abdali,العبدلي,osm_street,west,jordanian,9,False,,homemaker,,2873,319.2,False,car_driver,True,
r_0032,آمنة,Amina,26,f,marka,31.99948,35.99719,none,True,True,medium,False,,,middle,True,أختي,my sister,marka,Marka,ماركا,Marka Al-Shamaliya,ماركا الشمالية,osm_street,east,jordanian,5,True,seeing,homemaker,,1183,236.7,False,car_driver,False,
r_0033,نادية,Nadia,16,f,sweileh,32.035,35.90678,none,False,True,medium,False,,,middle,False,,,shafa_badran,Shafa Badran,شفا بدران,Applied Science University area,منطقة جامعة العلوم التطبيقية,osm_street,west,jordanian,4,False,,student,,2043,510.6,False,car_passenger,True,no_car
r_0034,يوسف,Yousef,19,m,sweileh,32.00458,35.82954,none,False,True,high,False,,,low,True,أبوي,my father,sweileh,Sweileh,صويلح,Al-Kamaliyeh,الكمالية,osm_street,west,jordanian,7,False,,unemployed,,639,91.3,True,bus_brt,False,low_income|no_car|student
r_0035,خديجة,Khadija,24,f,khalda,31.95294,35.87516,none,False,True,high,False,,,low,False,,,wadi_al_seer,Wadi Al-Seer,وادي السير,Al-Sweifieh,الصويفية,osm_street,west,jordanian,9,False,,student,,1233,136.9,False,taxi,False,low_income|no_car|student
r_0036,خديجة,Khadija,70,f,marka,31.97648,35.98835,limited,False,True,low,False,,,middle,True,جاري,my neighbour,marka,Marka,ماركا,Marka (airport side),ماركا - المطار,osm_street,east,jordanian,4,True,seeing|walking|cognition,retired,,860,215.0,False,car_passenger,False,elderly|disabled|no_car|offline
r_0037,عبدالله,Abdullah,32,m,abdali,31.99134,35.89911,none,True,True,high,True,08:00,15:00,middle,False,,,al_abdali,Al-Abdali,العبدلي,Sport City,المدينة الرياضية,osm_street,west,jordanian,6,False,,employed,False,2175,362.5,False,car_driver,False,worker
r_0038,إبراهيم,Ibrahim,47,m,wehdat,31.93923,35.94489,none,True,True,medium,False,,,middle,True,أختي,my sister,al_yarmouk,Al-Yarmouk,اليرموك,Al-Wehdat,الوحدات,osm_street,east,jordanian,2,False,,out_of_labour_force,,679,339.6,False,car_driver,True,
r_0039,حسن,Hasan,28,m,jabal_al_hussein,31.98536,35.95294,none,False,True,high,False,,,low,False,,,basman,Basman,بسمان,Al-Qusour,القصور,osm_street,east,palestinian,4,False,,unemployed,,680,170.1,False,taxi,True,low_income|no_car
r_0040,سارة,Sara,24,f,abdali,31.90338,35.83147,none,True,True,medium,False,,,high,True,أبوي,my father,marj_al_hamam,Marj Al-Hamam,مرج الحمام,Circassian Quarter,الحي الشركسي,osm_street,west,jordanian,2,False,,student,,7941,3970.3,False,car_driver,False,student
r_0041,أم محمد,Um Mohammad,30,f,abdali,31.98357,35.89434,none,True,True,medium,False,,,high,True,زوجي,my husband,al_abdali,Al-Abdali,العبدلي,Al-Abdaliyeh,العبدلية,osm_street,west,jordanian,2,False,,homemaker,,3040,1520.0,False,car_driver,False,
r_0042,جميلة,Jamila,24,f,marka,31.94229,35.96155,none,False,True,medium,False,,,low,True,أبوي,my father,al_nasr,Al-Nasr,النصر,Al-Manara,المنارة,osm_street,east,jordanian,4,False,,student,,410,102.4,False,taxi,False,low_income|no_car|student
r_0043,نادية,Nadia,20,f,jabal_al_hussein,31.98141,35.93655,none,False,True,medium,False,,,high,False,,,basman,Basman,بسمان,Jabal Al-Nuzha,جبل النزهة,osm_street,east,palestinian,3,False,,student,,2630,876.5,False,car_passenger,False,no_car|student
r_0044,لينا,Lina,45,f,marka,31.95246,35.96445,none,False,True,high,False,,,low,True,أخوي,my brother,al_nasr,Al-Nasr,النصر,Jabal Al-Taj,جبل التاج,osm_street,east,palestinian,5,False,,homemaker,,400,80.0,True,service_taxi,True,low_income|no_car
r_0045,إبراهيم,Ibrahim,53,m,wehdat,31.89679,35.90294,none,False,True,medium,True,08:00,15:00,middle,True,جاري,my neighbour,al_mgablein,Al-Mgablein,المقابلين,Umm Quseir,أم قصير,osm_street,east,jordanian,3,False,,employed,False,1690,563.3,False,car_passenger,False,no_car|worker
r_0046,عمر,Omar,46,m,wehdat,31.91216,35.95923,limited,True,True,medium,True,08:00,15:00,middle,True,أختي,my sister,qweismeh,Qweismeh,القويسمة,Jabal Al-Hadid,جبل الحديد,osm_street,east,jordanian,10,True,seeing|walking|hearing,employed,True,3316,331.6,False,car_driver,True,disabled|worker
r_0047,زينب,Zainab,60,f,wehdat,31.90029,35.8932,none,True,True,medium,False,,,high,False,,,al_mgablein,Al-Mgablein,المقابلين,Al-Bunayyat Al-Shamaliya,البنيات الشمالية,osm_street,east,jordanian,4,False,,retired,,2772,693.0,False,car_driver,True,
r_0048,أم محمد,Um Mohammad,44,f,marka,31.94455,35.96291,none,True,True,medium,True,07:00,16:00,low,True,زوجي,my husband,al_nasr,Al-Nasr,النصر,Al-Manara,المنارة,osm_street,east,iraqi,6,False,,employed,False,935,155.9,False,car_driver,False,low_income|worker
r_0049,محمود,Mahmoud,21,m,abdali,31.95822,35.92236,none,True,True,medium,True,07:00,16:00,middle,True,أبوي,my father,al_abdali,Al-Abdali,العبدلي,Jabal Al-Weibdeh,جبل اللويبدة,osm_street,west,other,6,False,,employed,True,1488,248.0,False,car_driver,False,worker
r_0050,لينا,Lina,40,f,sweileh,32.01537,35.87158,none,False,True,medium,False,,,middle,True,جاري,my neighbour,jubeiha,Jubeiha,الجبيهة,University of Jordan area,منطقة الجامعة الأردنية,osm_street,west,jordanian,5,False,,homemaker,,1836,367.2,False,car_passenger,True,no_car
r_0051,عمر,Omar,35,m,abdali,31.99079,35.90122,limited,False,True,low,False,,,middle,False,,,al_abdali,Al-Abdali,العبدلي,Sport City,المدينة الرياضية,osm_street,west,jordanian,4,True,seeing|walking|cognition,out_of_labour_force,,921,230.3,False,car_passenger,False,disabled|no_car|offline
r_0052,ريم,Reem,53,f,jabal_al_hussein,31.96002,35.96097,limited,False,True,low,False,,,middle,False,,,basman,Basman,بسمان,Al-Hashmi Al-Janoubi,الهاشمي الجنوبي,osm_street,east,jordanian,9,True,seeing|walking|hearing,homemaker,,3518,390.8,False,car_passenger,True,disabled|no_car|offline
r_0053,أحمد,Ahmad,16,m,khalda,31.96934,35.83747,none,False,True,medium,False,,,low,True,أمي,my mother,wadi_al_seer,Wadi Al-Seer,وادي السير,Al-Kursi,الكرسي,osm_street,west,egyptian,8,False,,student,,1394,174.2,False,walk,True,low_income|no_car
r_0054,سليمان,Suleiman,18,m,marka,31.96868,35.95666,none,False,True,medium,False,,,low,True,أخوي,my brother,al_nasr,Al-Nasr,النصر,Prince Hassan Camp,مخيم الأمير حسن,osm_street,east,jordanian,7,False,,unemployed,,555,79.3,True,service_taxi,False,low_income|no_car|student
r_0055,محمود,Mahmoud,23,m,tabarbour,31.99522,35.91611,none,False,True,medium,False,,,low,False,,,tariq,Tariq,طارق,Qatna,قطنة,osm_street,east,syrian,9,False,,student,,879,97.6,True,bus_brt,True,low_income|no_car|student
r_0056,يوسف,Yousef,39,m,sweileh,32.04783,35.87717,none,True,True,low,True,07:00,16:00,high,False,,,abu_nseir,Abu Nseir,أبو نصير,Abu Nseir West,أبو نصير الغربي,osm_street,west,egyptian,4,False,,employed,False,4581,1145.1,False,car_driver,False,offline|worker
r_0057,ماهر,Maher,16,m,abdali,31.96824,35.90527,none,False,True,high,False,,,middle,True,أمي,my mother,al_abdali,Al-Abdali,العبدلي,Al-Shmeisani,الشميساني,osm_street,west,jordanian,9,False,,student,,3582,398.0,False,walk,True,no_car
r_0058,عمر,Omar,44,m,khalda,31.945,35.81769,none,True,True,medium,True,08:00,15:00,middle,True,زوجتي,my wife,wadi_al_seer,Wadi Al-Seer,وادي السير,Wadi Al-Seer,وادي السير,osm_street,west,jordanian,4,False,,employed,True,2456,614.1,False,car_driver,True,worker
r_0059,رنا,Rana,16,f,jabal_al_hussein,31.97171,35.95447,none,False,True,high,False,,,middle,False,,,basman,Basman,بسمان,Al-Hashmi Al-Shamali,الهاشمي الشمالي,osm_street,east,syrian,4,False,,student,,1969,492.2,False,taxi,False,no_car
r_0060,عبدالله,Abdullah,31,m,downtown,31.93688,35.91069,none,True,True,medium,False,,,low,True,أخوي,my brother,bader,Bader,بدر,Jabal Nazzal,جبل النزال,osm_street,east,jordanian,6,False,,out_of_labour_force,,1127,187.8,False,car_driver,False,low_income
r_0061,سامي,Sami,51,m,wehdat,31.84601,35.94176,none,False,True,high,True,09:00,17:00,low,True,زوجتي,my wife,kherbet_al_souk,Kherbet Al-Souk,خريبة السوق وجاوا واليادودة,Jawa,جاوا,osm_street,east,syrian,4,False,,employed,False,655,163.7,False,bus_brt,False,low_income|no_car|worker
r_0062,نور,Noor,16,f,wehdat,31.90381,35.96081,none,False,True,high,False,,,high,True,بنتي,my daughter,qweismeh,Qweismeh,القويسمة,Abu Alanda,أبو علندا,osm_street,east,iraqi,1,False,,student,,1627,1627.2,False,taxi,True,no_car
r_0063,عبير,Abeer,29,f,tabarbour,32.02244,35.92573,limited,False,True,medium,False,,,middle,True,أخوي,my brother,tariq,Tariq,طارق,Dahiyat Al-Amir Hamzeh,ضاحية الأمير حمزة,osm_street,east,jordanian,4,True,seeing|walking,homemaker,,2209,552.2,False,bus_brt,True,disabled|no_car
r_0064,ريم,Reem,72,f,downtown,31.92524,35.90154,limited,False,True,low,False,,,high,True,ابني,my son,bader,Bader,بدر,Al-Hilal,الهلال,osm_street,east,palestinian,3,True,seeing|walking,retired,,1956,652.1,False,car_passenger,False,elderly|disabled|no_car|offline
r_0065,نبيل,Nabil,34,m,khalda,31.9871,35.83733,none,True,True,high,False,,,low,False,,,tla_al_ali,Tla' Al-Ali,تلاع العلي وأم السماق وخلدا,Dabouq,دابوق,osm_street,west,jordanian,6,False,,out_of_labour_force,,1154,192.3,False,car_driver,True,low_income
r_0066,سميرة,Samira,25,f,jabal_al_hussein,31.96552,35.95609,none,True,True,medium,False,,,middle,False,,,basman,Basman,بسمان,Al-Hashmi Al-Shamali,الهاشمي الشمالي,osm_street,east,jordanian,6,False,,homemaker,,1703,283.9,False,car_driver,False,
r_0067,رامي,Rami,73,m,khalda,31.97271,35.84018,limited,False,True,low,False,,,middle,False,,,wadi_al_seer,Wadi Al-Seer,وادي السير,Al-Kursi,الكرسي,osm_street,west,jordanian,4,True,seeing|walking,retired,,2263,565.9,False,car_passenger,False,elderly|disabled|no_car|offline
r_0068,سارة,Sara,42,f,tabarbour,32.00856,35.96825,none,False,True,low,False,,,middle,False,,,tariq,Tariq,طارق,Abu Ulya,أبو عليا,osm_street,east,jordanian,6,False,,homemaker,,1335,222.5,False,taxi,False,no_car|offline
r_0069,نادية,Nadia,46,f,jabal_al_hussein,31.95603,35.93763,none,False,True,high,False,,,middle,True,زوجي,my husband,basman,Basman,بسمان,Raghadan,رغدان,osm_street,east,jordanian,3,False,,homemaker,,1839,612.9,False,bus_brt,True,no_car
r_0070,نبيل,Nabil,31,m,marka,31.95831,35.97048,none,False,True,medium,False,,,low,False,,,al_nasr,Al-Nasr,النصر,Jabal Al-Nasr,جبل النصر,osm_street,east,egyptian,2,False,,unemployed,,162,80.8,True,service_taxi,True,low_income|no_car
r_0071,محمد,Mohammad,35,m,wehdat,31.88567,35.8896,none,False,True,low,True,10:00,18:00,middle,False,,,al_mgablein,Al-Mgablein,المقابلين,Al-Bunayyat Al-Shamaliya,البنيات الشمالية,osm_street,east,egyptian,6,False,,employed,True,2907,484.5,False,walk,False,no_car|offline|worker
r_0072,حسن,Hasan,24,m,jabal_al_hussein,31.96243,35.97801,none,True,True,medium,True,07:00,16:00,low,False,,,basman,Basman,بسمان,Al-Mahatta,المحطة,osm_street,east,palestinian,8,False,,employed,True,1387,173.4,False,car_driver,False,low_income|worker
r_0073,ماهر,Maher,18,m,abdali,31.88411,35.83628,none,True,True,high,False,,,middle,False,,,marj_al_hamam,Marj Al-Hamam,مرج الحمام,Iskan Alia,إسكان عالية,osm_street,west,jordanian,10,False,,student,,5509,550.9,False,car_driver,True,student
r_0074,رهف,Rahaf,36,f,wehdat,31.93534,35.94087,none,True,True,medium,False,,,middle,False,,,al_yarmouk,Al-Yarmouk,اليرموك,Al-Hilal (east),الهلال,osm_street,east,jordanian,7,False,,homemaker,,1595,227.8,False,car_driver,True,
r_0075,تهاني,Tahani,21,f,jabal_al_hussein,31.96548,35.95445,none,True,True,high,False,,,high,True,أبوي,my father,basman,Basman,بسمان,Al-Hashmi Al-Janoubi,الهاشمي الجنوبي,osm_street,east,palestinian,6,False,,student,,5694,949.0,False,car_driver,False,student
r_0076,هاني,Hani,45,m,marka,31.94096,35.96107,none,True,True,high,False,,,middle,True,أخوي,my brother,al_nasr,Al-Nasr,النصر,Al-Manara,المنارة,osm_street,east,jordanian,7,False,,out_of_labour_force,,3468,495.4,False,car_driver,True,
r_0077,علي,Ali,31,m,wehdat,31.9025,35.97072,none,True,True,high,False,,,middle,True,أخوي,my brother,qweismeh,Qweismeh,القويسمة,Abu Alanda,أبو علندا,osm_street,east,jordanian,9,False,,out_of_labour_force,,3157,350.8,False,car_driver,True,
r_0078,عمر,Omar,27,m,khalda,31.99542,35.87689,none,False,True,medium,True,08:00,15:00,middle,True,زوجتي,my wife,tla_al_ali,Tla' Al-Ali,تلاع العلي وأم السماق وخلدا,Al-Gardens,الجاردنز,osm_street,west,egyptian,6,False,,employed,True,1817,302.8,False,car_passenger,True,no_car|worker
r_0079,هاني,Hani,20,m,wehdat,31.94228,35.92073,none,True,True,high,False,,,low,False,,,ras_al_ein,Ras Al-Ein,رأس العين,Ras Al-Ein,رأس العين,osm_street,east,jordanian,8,False,,unemployed,,1036,129.5,False,car_driver,False,low_income|student
r_0080,محمود,Mahmoud,16,m,wehdat,31.92616,35.94533,none,False,True,high,False,,,low,False,,,al_yarmouk,Al-Yarmouk,اليرموك,Hay Al-Awda,حي العودة,osm_street,east,palestinian,9,False,,student,,1511,167.9,False,car_passenger,False,low_income|no_car
r_0081,فاطمة,Fatima,22,f,wehdat,31.89812,35.88959,none,False,True,medium,False,,,low,True,أخوي,my brother,al_mgablein,Al-Mgablein,المقابلين,Al-Bunayyat Al-Shamaliya,البنيات الشمالية,osm_street,east,jordanian,5,False,,student,,371,74.1,True,service_taxi,True,low_income|no_car|student
r_0082,أحمد,Ahmad,50,m,wehdat,31.92619,35.94771,none,True,True,high,True,07:00,16:00,high,False,,,qweismeh,Qweismeh,القويسمة,Al-Qweismeh,القويسمة,osm_street,east,jordanian,3,False,,employed,False,4155,1385.0,False,car_driver,True,worker
r_0083,نادية,Nadia,31,f,wehdat,31.9338,35.94293,none,True,True,medium,False,,,middle,True,جاري,my neighbour,al_yarmouk,Al-Yarmouk,اليرموك,Al-Hilal (east),الهلال,osm_street,east,jordanian,6,False,,unemployed,,1938,322.9,False,car_driver,True,
r_0084,عيسى,Issa,34,m,sweileh,32.02353,35.9082,none,True,True,medium,False,,,high,False,,,shafa_badran,Shafa Badran,شفا بدران,Applied Science University area,منطقة جامعة العلوم التطبيقية,osm_street,west,jordanian,2,False,,out_of_labour_force,,2718,1358.8,False,car_driver,False,
r_0085,سلمى,Salma,23,f,khalda,31.98963,35.82409,none,False,True,medium,False,,,middle,True,أخوي,my brother,tla_al_ali,Tla' Al-Ali,تلاع العلي وأم السماق وخلدا,Dabouq,دابوق,osm_street,west,other,3,False,,student,,1477,492.4,False,service_taxi,True,no_car|student
r_0086,جمال,Jamal,25,m,wehdat,31.93909,35.94611,none,True,True,medium,False,,,low,True,أخوي,my brother,al_yarmouk,Al-Yarmouk,اليرموك,Al-Wehdat,الوحدات,osm_street,east,syrian,4,False,,out_of_labour_force,,375,93.8,True,car_driver,False,low_income
r_0087,نبيل,Nabil,64,m,abdali,31.95052,35.904,limited,False,False,low,False,,,high,False,,,zahran,Zahran,زهران,Wadi Abdoun,وادي عبدون,osm_street,west,iraqi,5,True,walking|cognition|self_care,retired,,3291,658.3,False,car_passenger,False,disabled|no_car|offline
r_0088,عبدالله,Abdullah,59,m,wehdat,31.91824,35.94851,none,False,True,medium,True,10:00,18:00,low,True,أخوي,my brother,qweismeh,Qweismeh,القويسمة,Al-Qweismeh,القويسمة,osm_street,east,syrian,6,False,,employed,False,1144,190.7,False,service_taxi,True,low_income|no_car|worker
r_0089,فاطمة,Fatima,21,f,jabal_al_hussein,31.96485,35.95415,none,False,True,high,False,,,low,True,أخوي,my brother,basman,Basman,بسمان,Al-Hashmi Al-Janoubi,الهاشمي الجنوبي,osm_street,east,syrian,8,True,seeing,student,,325,40.6,True,bus_brt,False,low_income|no_car|student
r_0090,تهاني,Tahani,28,f,khalda,32.0004,35.83811,none,True,True,medium,False,,,high,False,,,tla_al_ali,Tla' Al-Ali,تلاع العلي وأم السماق وخلدا,Khalda,خلدا,osm_street,west,jordanian,8,False,,homemaker,,7352,918.9,False,car_driver,True,
r_0091,إبراهيم,Ibrahim,35,m,khalda,31.98926,35.84522,none,True,True,medium,False,,,middle,True,أختي,my sister,tla_al_ali,Tla' Al-Ali,تلاع العلي وأم السماق وخلدا,Khalda,خلدا,osm_street,west,syrian,10,False,,out_of_labour_force,,4102,410.2,False,car_driver,False,
r_0092,جميلة,Jamila,17,f,downtown,31.92976,35.90637,none,False,True,medium,False,,,middle,True,أبوي,my father,bader,Bader,بدر,Al-Hilal,الهلال,osm_street,east,other,3,False,,student,,834,278.0,False,service_taxi,False,no_car
r_0093,أم محمد,Um Mohammad,31,f,jabal_al_hussein,31.96381,35.95428,none,True,True,medium,False,,,middle,True,أخوي,my brother,basman,Basman,بسمان,Al-Hashmi Al-Janoubi,الهاشمي الجنوبي,osm_street,east,jordanian,7,False,,homemaker,,1692,241.7,False,car_driver,False,
r_0094,نور,Noor,74,f,wehdat,31.87214,35.91299,limited,False,True,low,False,,,low,True,ابني,my son,kherbet_al_souk,Kherbet Al-Souk,خريبة السوق وجاوا واليادودة,Al-Yadudeh,اليادودة,osm_street,east,jordanian,4,True,seeing|walking,retired,,365,91.2,True,bus_brt,False,elderly|disabled|low_income|no_car|offline
r_0095,أحمد,Ahmad,37,m,marka,31.96317,35.97135,none,False,True,medium,True,07:00,16:00,low,True,جاري,my neighbour,al_nasr,Al-Nasr,النصر,Jabal Al-Nasr,جبل النصر,osm_street,east,egyptian,7,False,,employed,True,484,69.2,True,service_taxi,False,low_income|no_car|worker
r_0096,أم محمد,Um Mohammad,38,f,abdali,31.94662,35.89392,none,True,True,high,False,,,high,True,زوجي,my husband,zahran,Zahran,زهران,Wadi Abdoun,وادي عبدون,osm_street,west,other,4,False,,homemaker,,5543,1385.7,False,car_driver,True,
r_0097,لينا,Lina,35,f,jabal_al_hussein,31.96811,35.95707,none,False,True,medium,False,,,low,False,,,basman,Basman,بسمان,Al-Hashmi Al-Shamali,الهاشمي الشمالي,osm_street,east,syrian,8,False,,homemaker,,344,43.0,True,service_taxi,False,low_income|no_car
r_0098,زيد,Zaid,54,m,wehdat,31.88795,35.94256,none,True,True,medium,True,08:00,16:00,high,False,,,qweismeh,Qweismeh,القويسمة,Al-Raqim,الرقيم,osm_street,east,jordanian,2,False,,employed,False,1915,957.6,False,car_driver,False,worker
r_0099,خديجة,Khadija,28,f,marka,31.9673,35.95301,none,False,True,medium,False,,,middle,True,أختي,my sister,al_nasr,Al-Nasr,النصر,Prince Hassan Camp,مخيم الأمير حسن,osm_street,east,jordanian,5,False,,homemaker,,1099,219.7,False,service_taxi,True,no_car
r_0100,محمد,Mohammad,48,m,wehdat,31.93682,35.94763,limited,False,True,medium,False,,,high,False,,,al_yarmouk,Al-Yarmouk,اليرموك,Al-Wehdat,الوحدات,osm_street,east,jordanian,2,True,seeing|walking,out_of_labour_force,,1495,747.3,False,car_passenger,True,disabled|no_car
r_0101,عمر,Omar,19,m,sweileh,32.02838,35.86853,none,False,True,medium,False,,,middle,False,,,jubeiha,Jubeiha,الجبيهة,Al-Jubeiha,الجبيهة,osm_street,west,jordanian,3,False,,unemployed,,1371,457.1,False,car_passenger,False,no_car|student
r_0102,نادية,Nadia,32,f,wehdat,31.87512,35.92345,none,False,True,low,False,,,low,False,,,kherbet_al_souk,Kherbet Al-Souk,خريبة السوق وجاوا واليادودة,Khraibet Al-Souk,خريبة السوق,osm_street,east,jordanian,6,False,,homemaker,,698,116.4,False,car_passenger,False,low_income|no_car|offline
r_0103,آمنة,Amina,56,f,wehdat,31.92249,35.95871,limited,False,True,low,False,,,middle,True,أختي,my sister,qweismeh,Qweismeh,القويسمة,Al-Qweismeh,القويسمة,osm_street,east,jordanian,6,True,seeing|walking|cognition,homemaker,,1236,206.0,False,car_passenger,False,disabled|no_car|offline
r_0104,رنا,Rana,90,f,wehdat,31.91992,35.94955,limited,False,False,low,False,,,low,False,,,al_yarmouk,Al-Yarmouk,اليرموك,Hay Al-Awda,حي العودة,osm_street,east,palestinian,8,True,seeing|walking,retired,,281,35.1,True,car_passenger,False,elderly|disabled|low_income|no_car|offline
r_0105,خالد,Khaled,25,m,wehdat,31.8568,35.93978,none,False,True,medium,False,,,middle,True,أخوي,my brother,kherbet_al_souk,Kherbet Al-Souk,خريبة السوق وجاوا واليادودة,Jawa,جاوا,osm_street,east,palestinian,4,False,,unemployed,,1439,359.7,False,car_passenger,True,no_car
r_0106,فادي,Fadi,20,m,marka,31.9771,35.98749,none,False,True,high,True,08:00,15:00,low,False,,,marka,Marka,ماركا,Al-Rasha,الرشا,osm_street,east,jordanian,7,False,,employed,False,1241,177.3,False,car_passenger,True,low_income|no_car|worker
r_0107,علي,Ali,43,m,wehdat,31.87042,35.91899,none,False,True,medium,True,09:00,17:00,low,False,,,kherbet_al_souk,Kherbet Al-Souk,خريبة السوق وجاوا واليادودة,Al-Yadudeh,اليادودة,osm_street,east,egyptian,6,False,,employed,False,1079,179.8,False,car_passenger,False,low_income|no_car|worker
r_0108,خديجة,Khadija,37,f,abdali,31.95255,35.91318,none,False,True,medium,True,07:00,16:00,high,False,,,zahran,Zahran,زهران,Jabal Amman,جبل عمان,osm_street,west,jordanian,4,False,,employed,False,6289,1572.1,False,car_passenger,True,no_car|worker
r_0109,تهاني,Tahani,18,f,wehdat,31.94159,35.92916,none,False,True,high,False,,,middle,True,أخوي,my brother,al_yarmouk,Al-Yarmouk,اليرموك,Al-Hilal (east),الهلال,osm_street,east,syrian,7,False,,student,,1487,212.4,False,service_taxi,True,no_car|student
r_0110,سلمى,Salma,56,f,khalda,31.98574,35.83791,none,False,True,medium,False,,,high,True,زوجي,my husband,tla_al_ali,Tla' Al-Ali,تلاع العلي وأم السماق وخلدا,Dabouq,دابوق,osm_street,west,jordanian,4,False,,homemaker,,4502,1125.4,False,service_taxi,False,no_car
r_0111,سارة,Sara,34,f,abdali,31.90156,35.83526,none,True,True,high,False,,,middle,True,أخوي,my brother,marj_al_hamam,Marj Al-Hamam,مرج الحمام,Circassian Quarter,الحي الشركسي,osm_street,west,syrian,4,False,,homemaker,,2141,535.2,False,car_driver,True,
r_0112,سميرة,Samira,31,f,marka,31.96199,35.98194,none,True,True,high,False,,,high,False,,,marka,Marka,ماركا,Marka Al-Janoubiya,ماركا الجنوبية,osm_street,east,jordanian,3,False,,homemaker,,2694,898.0,False,car_driver,True,
r_0113,نبيل,Nabil,58,m,sweileh,32.01949,35.87111,none,True,True,high,False,,,middle,False,,,jubeiha,Jubeiha,الجبيهة,Jubeiha East,الجبيهة الشرقية,osm_street,west,jordanian,7,False,,out_of_labour_force,,3720,531.4,False,car_driver,False,
r_0114,نادية,Nadia,58,f,wehdat,31.93796,35.93089,none,False,True,low,False,,,low,False,,,ras_al_ein,Ras Al-Ein,رأس العين,Jabal Al-Nadhif,جبل النظيف,osm_street,east,syrian,5,False,,homemaker,,568,113.5,False,car_passenger,False,low_income|no_car|offline
r_0115,تهاني,Tahani,23,f,wehdat,31.8882,35.93517,none,True,True,high,False,,,middle,False,,,qweismeh,Qweismeh,القويسمة,Al-Jweideh,الجويدة,osm_street,east,palestinian,5,False,,student,,1003,200.5,False,car_driver,False,student
r_0116,سليمان,Suleiman,34,m,wehdat,31.87012,35.91392,none,True,True,medium,True,08:00,16:00,middle,True,أخوي,my brother,kherbet_al_souk,Kherbet Al-Souk,خريبة السوق وجاوا واليادودة,Al-Yadudeh,اليادودة,osm_street,east,jordanian,5,False,,employed,True,2687,537.3,False,car_driver,False,worker
r_0117,بلال,Bilal,77,m,sweileh,32.01645,35.86358,none,False,False,low,False,,,low,True,ابني,my son,jubeiha,Jubeiha,الجبيهة,University of Jordan area,منطقة الجامعة الأردنية,osm_street,west,palestinian,8,True,seeing,retired,,1339,167.4,False,car_passenger,False,elderly|low_income|no_car|offline
r_0118,بلال,Bilal,22,m,wehdat,31.86669,35.90474,none,False,False,low,False,,,middle,True,أمي,my mother,kherbet_al_souk,Kherbet Al-Souk,خريبة السوق وجاوا واليادودة,Al-Yadudeh,اليادودة,osm_street,east,egyptian,4,False,,unemployed,,2242,560.6,False,taxi,False,no_car|offline|student
r_0119,آمنة,Amina,62,f,jabal_al_hussein,31.96877,35.92835,none,False,True,low,False,,,low,True,ابني,my son,basman,Basman,بسمان,Jabal Al-Nuzha,جبل النزهة,osm_street,east,jordanian,4,False,,retired,,396,99.1,True,car_passenger,False,low_income|no_car|offline
r_0120,عبير,Abeer,73,f,tabarbour,32.00929,35.97026,none,False,True,low,False,,,middle,True,ابني,my son,tariq,Tariq,طارق,Abu Ulya,أبو عليا,osm_street,east,jordanian,8,False,,retired,,2343,292.9,False,car_passenger,False,elderly|no_car|offline
r_0121,ليث,Laith,18,m,wehdat,31.87662,35.92765,none,True,True,high,False,,,low,True,أخوي,my brother,kherbet_al_souk,Kherbet Al-Souk,خريبة السوق وجاوا واليادودة,Khraibet Al-Souk,خريبة السوق,osm_street,east,jordanian,6,False,,unemployed,,1187,197.9,False,car_driver,False,low_income|student
r_0122,محمود,Mahmoud,40,m,jabal_al_hussein,31.95792,35.95738,none,False,True,medium,True,08:00,15:00,low,True,زوجتي,my wife,basman,Basman,بسمان,Al-Hashmi Al-Janoubi,الهاشمي الجنوبي,osm_street,east,syrian,6,False,,employed,True,919,153.2,False,service_taxi,True,low_income|no_car|worker
r_0123,عيسى,Issa,33,m,abdali,31.94826,35.86129,none,True,True,high,True,08:00,16:00,high,False,,,zahran,Zahran,زهران,Deir Ghbar,دير غبار,osm_street,west,syrian,1,False,,employed,True,1592,1592.2,False,car_driver,False,worker
r_0124,ريم,Reem,27,f,wehdat,31.89251,35.94671,none,True,True,medium,False,,,middle,True,أختي,my sister,qweismeh,Qweismeh,القويسمة,Al-Raqim,الرقيم,osm_street,east,jordanian,5,False,,homemaker,,1665,332.9,False,car_driver,True,
r_0125,نادية,Nadia,38,f,wehdat,31.90752,35.96175,none,True,True,low,False,,,low,False,,,qweismeh,Qweismeh,القويسمة,Abu Alanda,أبو علندا,osm_street,east,syrian,5,False,,homemaker,,494,98.8,True,car_driver,False,low_income|offline
r_0126,زينب,Zainab,53,f,wehdat,31.94717,35.92427,none,False,True,medium,False,,,middle,True,زوجي,my husband,ras_al_ein,Ras Al-Ein,رأس العين,Ras Al-Ein,رأس العين,osm_street,east,palestinian,4,False,,homemaker,,1655,413.8,False,bus_brt,False,no_car
r_0127,ريم,Reem,28,f,abdali,31.9778,35.8988,none,True,True,high,False,,,high,False,,,al_abdali,Al-Abdali,العبدلي,Al-Abdaliyeh,العبدلية,osm_street,west,jordanian,4,False,,unemployed,,3135,783.8,False,car_driver,True,
r_0128,سامي,Sami,22,m,jabal_al_hussein,31.95661,35.95612,none,False,True,medium,False,,,middle,True,أمي,my mother,basman,Basman,بسمان,Al-Hashmi Al-Janoubi,الهاشمي الجنوبي,osm_street,east,egyptian,6,False,,unemployed,,1290,215.0,False,car_passenger,False,no_car|student
r_0129,رولا,Rula,40,f,wehdat,31.88904,35.94085,none,True,True,medium,True,09:00,17:00,middle,False,,,qweismeh,Qweismeh,القويسمة,Al-Jweideh,الجويدة,osm_street,east,jordanian,6,False,,employed,False,1280,213.4,False,car_driver,True,worker
r_0130,رهف,Rahaf,50,f,khalda,31.98303,35.87273,none,False,True,low,True,08:00,15:00,middle,True,أختي,my sister,tla_al_ali,Tla' Al-Ali,تلاع العلي وأم السماق وخلدا,Al-Gardens,الجاردنز,osm_street,west,other,3,False,,employed,False,981,327.0,False,bus_brt,False,no_car|offline|worker
r_0131,دانا,Dana,21,f,sweileh,32.02341,35.84862,none,True,True,high,False,,,high,True,أمي,my mother,sweileh,Sweileh,صويلح,Sweileh,صويلح,osm_street,west,jordanian,3,False,,student,,10631,3543.7,False,car_driver,True,student
r_0132,تهاني,Tahani,40,f,abdali,31.90088,35.82191,none,False,True,medium,False,,,low,False,,,marj_al_hamam,Marj Al-Hamam,مرج الحمام,Circassian Quarter,الحي الشركسي,osm_street,west,syrian,7,False,,homemaker,,589,84.2,True,car_passenger,False,low_income|no_car
r_0133,أم محمد,Um Mohammad,33,f,sweileh,32.02306,35.85999,none,False,True,high,False,,,middle,False,,,jubeiha,Jubeiha,الجبيهة,Al-Jubeiha,الجبيهة,osm_street,west,jordanian,5,False,,homemaker,,1245,249.0,False,car_passenger,True,no_car
r_0134,زيد,Zaid,68,m,sweileh,32.03159,35.82587,none,True,True,low,False,,,middle,False,,,sweileh,Sweileh,صويلح,Sweileh West,صويلح الغربي,osm_street,west,jordanian,4,False,,retired,,1252,312.9,False,car_driver,False,elderly|offline
r_0135,أم محمد,Um Mohammad,48,f,abdali,31.95439,35.89012,none,False,True,high,False,,,high,True,زوجي,my husband,zahran,Zahran,زهران,Hay Zahran,حي زهران,osm_street,west,jordanian,4,False,,homemaker,,3592,897.9,False,car_passenger,True,no_car
r_0136,ليلى,Layla,40,f,khalda,31.95496,35.84987,none,True,True,medium,False,,,high,True,أختي,my sister,wadi_al_seer,Wadi Al-Seer,وادي السير,Al-Bayader,البيادر,osm_street,west,jordanian,8,False,,homemaker,,7540,942.4,False,car_driver,True,
r_0137,خالد,Khaled,40,m,marka,31.96054,35.96871,none,True,True,medium,True,08:00,16:00,middle,True,زوجتي,my wife,al_nasr,Al-Nasr,النصر,Jabal Al-Nasr,جبل النصر,osm_street,east,jordanian,8,False,,employed,True,2107,263.4,False,car_driver,True,worker
r_0138,عيسى,Issa,31,m,khalda,31.99546,35.8424,none,False,True,high,False,,,high,True,أخوي,my brother,tla_al_ali,Tla' Al-Ali,تلاع العلي وأم السماق وخلدا,Khalda,خلدا,osm_street,west,egyptian,2,False,,unemployed,,2315,1157.5,False,car_passenger,False,no_car
r_0139,جمال,Jamal,17,m,tabarbour,32.01246,35.96084,none,False,True,medium,False,,,low,False,,,tariq,Tariq,طارق,Abu Ulya,أبو عليا,osm_street,east,egyptian,7,False,,student,,553,79.1,True,car_passenger,True,low_income|no_car
r_0140,علي,Ali,31,m,jabal_al_hussein,31.97691,35.95185,none,True,True,high,True,09:00,17:00,middle,True,زوجتي,my wife,basman,Basman,بسمان,Al-Qusour,القصور,osm_street,east,jordanian,6,False,,employed,False,2900,483.4,False,car_driver,False,worker
r_0141,سعاد,Suad,61,f,wehdat,31.84933,35.93644,none,False,True,low,False,,,middle,True,جاري,my neighbour,kherbet_al_souk,Kherbet Al-Souk,خريبة السوق وجاوا واليادودة,Jawa,جاوا,osm_street,east,iraqi,6,False,,retired,,1660,276.7,False,car_passenger,False,no_car|offline
r_0142,هدى,Huda,62,f,marka,31.97947,35.9924,none,False,True,low,False,,,low,True,بنتي,my daughter,marka,Marka,ماركا,Marka (airport side),ماركا - المطار,osm_street,east,jordanian,5,False,,retired,,819,163.7,False,walk,False,low_income|no_car|offline
r_0143,سليمان,Suleiman,70,m,sweileh,32.03053,35.90515,limited,False,False,low,False,,,middle,True,ابني,my son,shafa_badran,Shafa Badran,شفا بدران,Applied Science University area,منطقة جامعة العلوم التطبيقية,osm_street,west,jordanian,4,True,seeing|walking|cognition,retired,,1667,416.8,False,taxi,False,elderly|disabled|no_car|offline
r_0144,هاني,Hani,48,m,khalda,31.98889,35.87252,none,False,True,high,True,09:00,17:00,high,True,زوجتي,my wife,tla_al_ali,Tla' Al-Ali,تلاع العلي وأم السماق وخلدا,Hay Al-Salam,حي السلام,osm_street,west,syrian,5,False,,employed,True,3979,795.8,False,taxi,False,no_car|worker
r_0145,علي,Ali,54,m,jabal_al_hussein,31.97641,35.96014,none,True,True,high,False,,,high,False,,,basman,Basman,بسمان,Al-Qusour,القصور,osm_street,east,jordanian,5,False,,out_of_labour_force,,3901,780.2,False,car_driver,False,
r_0146,ليث,Laith,36,m,wehdat,31.87975,35.89304,none,True,True,high,False,,,middle,True,أخوي,my brother,al_mgablein,Al-Mgablein,المقابلين,Al-Bunayyat Al-Janoubiya,البنيات الجنوبية,osm_street,east,jordanian,6,False,,out_of_labour_force,,2354,392.3,False,car_driver,False,
r_0147,محمود,Mahmoud,31,m,tabarbour,31.98776,35.94493,none,True,True,high,False,,,middle,True,أخوي,my brother,tariq,Tariq,طارق,Tareq,طارق,osm_street,east,palestinian,4,False,,out_of_labour_force,,2231,557.7,False,car_driver,False,
r_0148,فاطمة,Fatima,54,f,wehdat,31.89519,35.94823,none,False,True,low,False,,,low,True,جاري,my neighbour,qweismeh,Qweismeh,القويسمة,Al-Raqim,الرقيم,osm_street,east,syrian,7,False,,homemaker,,661,94.4,True,bus_brt,False,low_income|no_car|offline
r_0149,دانا,Dana,60,f,jabal_al_hussein,31.96563,35.93466,none,False,True,medium,True,07:00,16:00,middle,False,,,basman,Basman,بسمان,Raghadan,رغدان,osm_street,east,other,10,False,,employed,False,3712,371.2,False,car_passenger,False,no_car|worker
r_0150,ماهر,Maher,47,m,marka,31.94689,35.96767,none,True,True,high,True,07:00,16:00,middle,True,جاري,my neighbour,al_nasr,Al-Nasr,النصر,Al-Manara,المنارة,osm_street,east,jordanian,6,False,,employed,False,1719,286.5,False,car_driver,True,worker
r_0151,آمنة,Amina,46,f,sweileh,32.01794,35.86327,none,True,True,low,False,,,middle,False,,,jubeiha,Jubeiha,الجبيهة,University of Jordan area,منطقة الجامعة الأردنية,osm_street,west,jordanian,9,False,,homemaker,,2155,239.5,False,car_driver,False,offline
r_0152,أنس,Anas,50,m,downtown,31.92969,35.90895,none,True,True,medium,False,,,middle,True,زوجتي,my wife,bader,Bader,بدر,Al-Hilal,الهلال,osm_street,east,jordanian,5,False,,unemployed,,1999,399.8,False,car_driver,False,
r_0153,ليث,Laith,32,m,wehdat,31.88357,35.93867,none,True,True,medium,True,07:00,16:00,middle,True,أخوي,my brother,qweismeh,Qweismeh,القويسمة,Al-Jweideh,الجويدة,osm_street,east,jordanian,6,False,,employed,True,3210,535.0,False,car_driver,False,worker
r_0154,ماهر,Maher,48,m,khalda,31.96602,35.83018,none,True,True,high,False,,,middle,False,,,wadi_al_seer,Wadi Al-Seer,وادي السير,Al-Kursi,الكرسي,osm_street,west,jordanian,9,False,,unemployed,,2021,224.5,False,car_driver,False,
r_0155,أنس,Anas,53,m,tabarbour,31.99825,35.91964,none,True,True,medium,False,,,middle,False,,,tariq,Tariq,طارق,Qatna,قطنة,osm_street,east,jordanian,4,False,,out_of_labour_force,,1963,490.7,False,car_driver,True,
r_0156,عيسى,Issa,18,m,khalda,31.98956,35.86064,none,True,True,high,False,,,middle,True,أبوي,my father,tla_al_ali,Tla' Al-Ali,تلاع العلي وأم السماق وخلدا,Tla' Al-Ali,تلاع العلي,osm_street,west,jordanian,4,False,,student,,1726,431.5,False,car_driver,True,student
r_0157,عمر,Omar,31,m,abdali,31.94585,35.87818,none,False,True,medium,True,09:00,17:00,low,True,جاري,my neighbour,zahran,Zahran,زهران,Abdoun,عبدون,osm_street,west,egyptian,7,False,,employed,True,1165,166.4,False,taxi,False,low_income|no_car|worker
r_0158,سليمان,Suleiman,44,m,wehdat,31.87954,35.89656,none,False,True,medium,True,10:00,18:00,middle,False,,,al_mgablein,Al-Mgablein,المقابلين,Al-Bunayyat Al-Janoubiya,البنيات الجنوبية,osm_street,east,egyptian,7,False,,employed,True,1589,226.9,False,service_taxi,False,no_car|worker
r_0159,إبراهيم,Ibrahim,30,m,wehdat,31.9052,35.95946,none,True,True,high,True,07:00,16:00,low,False,,,qweismeh,Qweismeh,القويسمة,Abu Alanda,أبو علندا,osm_street,east,jordanian,8,False,,employed,False,636,79.5,True,car_driver,False,low_income|worker
r_0160,رامي,Rami,48,m,wehdat,31.92352,35.95911,none,True,True,medium,False,,,middle,True,أختي,my sister,qweismeh,Qweismeh,القويسمة,Al-Qweismeh,القويسمة,osm_street,east,jordanian,4,False,,unemployed,,975,243.7,False,car_driver,False,
r_0161,محمود,Mahmoud,28,m,khalda,31.99189,35.84203,none,False,True,high,True,07:00,16:00,middle,False,,,tla_al_ali,Tla' Al-Ali,تلاع العلي وأم السماق وخلدا,Khalda,خلدا,osm_street,west,jordanian,5,False,,employed,True,1828,365.6,False,bus_brt,True,no_car|worker
r_0162,ليث,Laith,33,m,wehdat,31.94161,35.93459,none,False,True,high,True,08:00,16:00,low,False,,,al_yarmouk,Al-Yarmouk,اليرموك,Jabal Al-Ashrafiyeh,جبل الأشرفية,osm_street,east,egyptian,8,False,,employed,True,1546,193.3,False,car_passenger,True,low_income|no_car|worker
r_0163,فادي,Fadi,56,m,wehdat,31.91029,35.95564,none,True,True,medium,True,10:00,18:00,middle,False,,,qweismeh,Qweismeh,القويسمة,Jabal Al-Hadid,جبل الحديد,osm_street,east,jordanian,3,False,,employed,False,1559,519.6,False,car_driver,False,worker
r_0164,جمال,Jamal,18,m,wehdat,31.95081,35.92361,none,False,True,high,False,,,middle,True,أبوي,my father,al_yarmouk,Al-Yarmouk,اليرموك,Jabal Al-Ashrafiyeh,جبل الأشرفية,osm_street,east,yemeni,7,False,,student,,2396,342.2,False,car_passenger,True,no_car|student
r_0165,خالد,Khaled,25,m,sweileh,32.02438,35.86561,none,True,True,high,True,07:00,16:00,high,False,,,jubeiha,Jubeiha,الجبيهة,Al-Jubeiha,الجبيهة,osm_street,west,jordanian,5,False,,employed,False,9603,1920.7,False,car_driver,True,worker
r_0166,علي,Ali,56,m,wehdat,31.90321,35.95385,none,True,True,low,True,07:00,16:00,middle,True,أختي,my sister,qweismeh,Qweismeh,القويسمة,Abu Alanda,أبو علندا,osm_street,east,jordanian,6,False,,employed,False,1229,204.9,False,car_driver,False,offline|worker
r_0167,دانا,Dana,77,f,jabal_al_hussein,31.97992,35.92609,limited,False,False,low,False,,,middle,False,,,basman,Basman,بسمان,Jabal Al-Nuzha,جبل النزهة,osm_street,east,jordanian,5,True,walking|cognition,retired,,1295,259.1,False,car_passenger,False,elderly|disabled|no_car|offline
r_0168,هاني,Hani,38,m,khalda,31.99465,35.85717,none,False,True,high,True,08:00,16:00,low,True,زوجتي,my wife,tla_al_ali,Tla' Al-Ali,تلاع العلي وأم السماق وخلدا,Tla' Al-Ali,تلاع العلي,osm_street,west,syrian,6,False,,employed,False,819,136.6,False,bus_brt,True,low_income|no_car|worker
r_0169,آمنة,Amina,33,f,khalda,32.00077,35.84338,none,False,True,medium,False,,,low,True,أختي,my sister,tla_al_ali,Tla' Al-Ali,تلاع العلي وأم السماق وخلدا,Khalda,خلدا,osm_street,west,jordanian,7,False,,homemaker,,1377,196.7,False,car_passenger,True,low_income|no_car
r_0170,أحمد,Ahmad,25,m,khalda,31.96154,35.86628,none,True,True,medium,False,,,middle,False,,,wadi_al_seer,Wadi Al-Seer,وادي السير,Al-Sweifieh,الصويفية,osm_street,west,jordanian,6,False,,out_of_labour_force,,1671,278.4,False,car_driver,True,
r_0171,نادية,Nadia,18,f,khalda,31.9853,35.87149,none,False,True,medium,False,,,middle,False,,,tla_al_ali,Tla' Al-Ali,تلاع العلي وأم السماق وخلدا,Al-Gardens,الجاردنز,osm_street,west,yemeni,6,False,,student,,2402,400.3,False,taxi,False,no_car|student
r_0172,عيسى,Issa,26,m,sweileh,32.04085,35.91659,none,True,True,high,True,07:00,16:00,high,False,,,shafa_badran,Shafa Badran,شفا بدران,Shafa Badran,شفا بدران,osm_street,west,jordanian,7,False,,employed,False,4516,645.1,False,car_driver,True,worker
r_0173,ليلى,Layla,51,f,marka,31.97828,35.98748,none,False,True,medium,False,,,low,False,,,marka,Marka,ماركا,Al-Rasha,الرشا,osm_street,east,jordanian,6,False,,homemaker,,1191,198.5,False,car_passenger,True,low_income|no_car
r_0174,عيسى,Issa,19,m,downtown,31.93323,35.90344,none,False,True,medium,False,,,low,True,أمي,my mother,bader,Bader,بدر,Jabal Nazzal,جبل النزال,osm_street,east,egyptian,7,False,,student,,663,94.8,True,car_passenger,False,low_income|no_car|student
r_0175,سميرة,Samira,55,f,sweileh,32.02288,35.84464,limited,False,False,low,False,,,middle,False,,,sweileh,Sweileh,صويلح,Sweileh,صويلح,osm_street,west,jordanian,9,True,seeing|walking,homemaker,,3800,422.2,False,taxi,False,disabled|no_car|offline
r_0176,محمد,Mohammad,34,m,wehdat,31.90885,35.96191,none,True,True,medium,True,08:00,15:00,low,False,,,qweismeh,Qweismeh,القويسمة,Abu Alanda,أبو علندا,osm_street,east,jordanian,10,False,,employed,False,1751,175.1,False,car_driver,True,low_income|worker
r_0177,تهاني,Tahani,18,f,abdali,31.96985,35.89982,none,True,True,high,False,,,middle,False,,,al_abdali,Al-Abdali,العبدلي,Al-Shmeisani,الشميساني,osm_street,west,jordanian,6,False,,student,,2872,478.7,False,car_driver,True,student
r_0178,دانا,Dana,35,f,abdali,31.89297,35.84918,none,False,True,high,False,,,middle,True,أختي,my sister,marj_al_hamam,Marj Al-Hamam,مرج الحمام,Iskan Alia,إسكان عالية,osm_street,west,jordanian,7,False,,homemaker,,1774,253.4,False,taxi,True,no_car
r_0179,خالد,Khaled,38,m,khalda,31.98471,35.83807,none,True,True,medium,True,08:00,15:00,high,True,أخوي,my brother,tla_al_ali,Tla' Al-Ali,تلاع العلي وأم السماق وخلدا,Dabouq,دابوق,osm_street,west,jordanian,3,False,,employed,True,3672,1224.2,False,car_driver,True,worker
r_0180,سليمان,Suleiman,16,m,downtown,31.93447,35.88651,limited,False,True,medium,False,,,high,True,أبوي,my father,bader,Bader,بدر,Al-Dustour,الدستور,osm_street,east,jordanian,3,True,seeing|walking,student,,3005,1001.8,False,service_taxi,False,disabled|no_car
r_0181,نور,Noor,48,f,jabal_al_hussein,31.97755,35.9514,none,False,True,low,False,,,low,True,أختي,my sister,basman,Basman,بسمان,Al-Qusour,القصور,osm_street,east,jordanian,6,True,seeing|hearing,homemaker,,385,64.2,True,car_passenger,False,low_income|no_car|offline
r_0182,أنس,Anas,42,m,jabal_al_hussein,31.95784,35.96,none,True,True,medium,True,07:00,16:00,low,False,,,basman,Basman,بسمان,Al-Hashmi Al-Janoubi,الهاشمي الجنوبي,osm_street,east,yemeni,8,False,,employed,True,877,109.6,False,car_driver,False,low_income|worker
r_0183,سامي,Sami,60,m,tabarbour,31.99185,35.96138,none,True,True,low,False,,,middle,True,جاري,my neighbour,tariq,Tariq,طارق,Ain Ghazal,عين غزال,osm_street,east,jordanian,10,False,,retired,,5771,577.1,False,car_driver,False,offline
r_0184,رولا,Rula,32,f,khalda,32.00089,35.86309,none,False,True,medium,False,,,middle,False,,,tla_al_ali,Tla' Al-Ali,تلاع العلي وأم السماق وخلدا,Tla' Al-Ali,تلاع العلي,osm_street,west,jordanian,9,False,,homemaker,,3221,357.9,False,car_passenger,True,no_car
r_0185,ليث,Laith,38,m,sweileh,32.02072,35.8687,none,True,True,low,False,,,low,True,أختي,my sister,jubeiha,Jubeiha,الجبيهة,Al-Jubeiha,الجبيهة,osm_street,west,syrian,4,False,,out_of_labour_force,,745,186.4,False,car_driver,False,low_income|offline
r_0186,محمد,Mohammad,18,m,jabal_al_hussein,31.96466,35.97128,none,True,True,high,False,,,high,True,أبوي,my father,basman,Basman,بسمان,Al-Mahatta,المحطة,osm_street,east,jordanian,3,False,,unemployed,,3924,1308.1,False,car_driver,True,student
r_0187,ريم,Reem,30,f,wehdat,31.86916,35.92094,none,True,True,high,True,08:00,15:00,high,False,,,kherbet_al_souk,Kherbet Al-Souk,خريبة السوق وجاوا واليادودة,Al-Yadudeh,اليادودة,osm_street,east,jordanian,3,False,,employed,False,2625,875.1,False,car_driver,True,worker
r_0188,عبير,Abeer,28,f,downtown,31.94638,35.93304,none,True,True,high,False,,,middle,True,أختي,my sister,al_madinah,Al-Madinah,المدينة,Al-Balad (Downtown),البلد,osm_street,east,jordanian,5,False,,homemaker,,2121,424.3,False,car_driver,False,
r_0189,دانا,Dana,17,f,wehdat,31.87269,35.91609,none,False,True,medium,False,,,middle,False,,,kherbet_al_souk,Kherbet Al-Souk,خريبة السوق وجاوا واليادودة,Khraibet Al-Souk,خريبة السوق,osm_street,east,jordanian,6,False,,student,,1674,279.0,False,service_taxi,False,no_car
r_0190,رنا,Rana,69,f,downtown,31.92242,35.9136,limited,False,True,low,False,,,low,True,ابني,my son,bader,Bader,بدر,Al-Qwesmeh road side,طريق المطار - بدر,osm_street,east,jordanian,4,True,seeing|walking,retired,,712,177.9,False,car_passenger,False,elderly|disabled|low_income|no_car|offline
r_0191,علي,Ali,22,m,sweileh,32.03031,35.83356,none,False,True,medium,True,08:00,16:00,middle,False,,,sweileh,Sweileh,صويلح,Sweileh West,صويلح الغربي,osm_street,west,egyptian,8,False,,employed,True,2378,297.2,False,car_passenger,False,no_car|worker
r_0192,طارق,Tareq,38,m,khalda,31.98802,35.88097,none,True,True,high,True,09:00,17:00,high,True,أختي,my sister,tla_al_ali,Tla' Al-Ali,تلاع العلي وأم السماق وخلدا,Al-Gardens,الجاردنز,osm_street,west,jordanian,5,False,,employed,False,12468,2493.6,False,car_driver,True,worker
r_0193,زينب,Zainab,25,f,sweileh,32.01306,35.86783,none,True,True,high,False,,,middle,False,,,jubeiha,Jubeiha,الجبيهة,University of Jordan area,منطقة الجامعة الأردنية,osm_street,west,jordanian,8,False,,homemaker,,4778,597.2,False,car_driver,True,
r_0194,سليمان,Suleiman,33,m,jabal_al_hussein,31.96126,35.93753,none,False,True,high,False,,,low,False,,,basman,Basman,بسمان,Raghadan,رغدان,osm_street,east,syrian,4,False,,out_of_labour_force,,486,121.6,False,service_taxi,True,low_income|no_car
r_0195,دانا,Dana,34,f,wehdat,31.92844,35.94388,none,False,True,high,False,,,low,True,أختي,my sister,al_yarmouk,Al-Yarmouk,اليرموك,Al-Wehdat,الوحدات,osm_street,east,jordanian,5,False,,homemaker,,813,162.6,False,car_passenger,True,low_income|no_car
r_0196,بلال,Bilal,53,m,wehdat,31.94793,35.9382,none,False,True,medium,False,,,middle,True,أخوي,my brother,ras_al_ein,Ras Al-Ein,رأس العين,Al-Muhajireen,المهاجرين,osm_street,east,jordanian,8,False,,out_of_labour_force,,1938,242.3,False,car_passenger,True,no_car
r_0197,هدى,Huda,32,f,sweileh,32.05564,35.90835,none,False,True,high,False,,,middle,False,,,shafa_badran,Shafa Badran,شفا بدران,Shafa Badran North,شفا بدران الشمالية,osm_street,west,jordanian,7,False,,homemaker,,1486,212.3,False,car_passenger,True,no_car
r_0198,ليلى,Layla,53,f,wehdat,31.92123,35.95366,none,False,True,medium,False,,,middle,True,زوجي,my husband,qweismeh,Qweismeh,القويسمة,Al-Qweismeh,القويسمة,osm_street,east,syrian,7,False,,homemaker,,2315,330.7,False,walk,False,no_car
r_0199,آمنة,Amina,16,f,wehdat,31.89303,35.89614,none,False,True,medium,False,,,middle,False,,,al_mgablein,Al-Mgablein,المقابلين,Al-Bunayyat Al-Shamaliya,البنيات الشمالية,osm_street,east,jordanian,6,False,,student,,3397,566.2,False,car_passenger,True,no_car
r_0200,هدى,Huda,45,f,jabal_al_hussein,31.97325,35.95167,none,True,True,medium,False,,,middle,True,أختي,my sister,basman,Basman,بسمان,Al-Qusour,القصور,osm_street,east,syrian,3,False,,homemaker,,1186,395.2,False,car_driver,True,
r_0201,دانا,Dana,31,f,jabal_al_hussein,31.96203,35.96538,none,False,True,medium,False,,,high,True,زوجي,my husband,basman,Basman,بسمان,Al-Mahatta,المحطة,osm_street,east,iraqi,8,False,,homemaker,,5535,691.9,False,car_passenger,False,no_car
r_0202,أم محمد,Um Mohammad,38,f,khalda,31.94762,35.86741,none,False,True,high,False,,,high,True,أخوي,my brother,wadi_al_seer,Wadi Al-Seer,وادي السير,Al-Sweifieh,الصويفية,osm_street,west,iraqi,3,False,,homemaker,,2154,717.9,False,car_passenger,False,no_car
r_0203,هدى,Huda,56,f,downtown,31.92656,35.8967,limited,False,True,medium,False,,,middle,False,,,bader,Bader,بدر,Al-Hilal,الهلال,osm_street,east,other,2,True,seeing|walking|cognition,homemaker,,580,289.8,False,car_passenger,False,disabled|no_car
r_0204,أنس,Anas,22,m,wehdat,31.93746,35.93887,none,False,True,high,False,,,middle,False,,,al_yarmouk,Al-Yarmouk,اليرموك,Al-Wehdat,الوحدات,osm_street,east,jordanian,5,False,,unemployed,,2888,577.6,False,car_passenger,True,no_car|student
r_0205,مريم,Maryam,55,f,marka,31.95166,35.953,limited,False,True,low,False,,,middle,True,زوجي,my husband,al_nasr,Al-Nasr,النصر,Jabal Al-Taj,جبل التاج,osm_street,east,jordanian,5,True,seeing|walking|hearing|self_care,homemaker,,2358,471.5,False,car_passenger,False,disabled|no_car|offline
r_0206,حسن,Hasan,17,m,sweileh,32.02447,35.88283,none,False,True,high,False,,,middle,True,أخوي,my brother,jubeiha,Jubeiha,الجبيهة,Jubeiha East,الجبيهة الشرقية,osm_street,west,egyptian,5,False,,student,,2609,521.8,False,car_passenger,True,no_car
r_0207,هاني,Hani,21,m,wehdat,31.89511,36.01481,none,True,True,medium,True,08:00,16:00,low,True,أخوي,my brother,uhod,Uhod,أحد,Al-Mushayrifah,المشيرفة,osm_street,east,palestinian,6,False,,employed,False,1051,175.1,False,car_driver,False,low_income|worker
r_0208,سلمى,Salma,58,f,marka,31.97622,35.98883,none,False,True,medium,False,,,middle,False,,,marka,Marka,ماركا,Al-Rasha,الرشا,osm_street,east,syrian,2,False,,homemaker,,840,419.9,False,taxi,False,no_car
r_0209,أنس,Anas,33,m,abdali,31.89023,35.84907,none,True,True,medium,False,,,middle,True,زوجتي,my wife,marj_al_hamam,Marj Al-Hamam,مرج الحمام,Iskan Alia,إسكان عالية,osm_street,west,iraqi,2,False,,unemployed,,1153,576.3,False,car_driver,True,
r_0210,دانا,Dana,51,f,wehdat,31.85466,35.94783,none,True,False,low,False,,,middle,True,زوجي,my husband,kherbet_al_souk,Kherbet Al-Souk,خريبة السوق وجاوا واليادودة,Jawa,جاوا,osm_street,east,jordanian,3,False,,homemaker,,794,264.8,False,car_driver,False,offline
r_0211,رامي,Rami,16,m,sweileh,32.01873,35.88059,limited,False,True,low,False,,,low,True,أبوي,my father,jubeiha,Jubeiha,الجبيهة,Jubeiha East,الجبيهة الشرقية,osm_street,west,jordanian,6,True,seeing|walking,student,,936,156.0,False,bus_brt,False,disabled|low_income|no_car|offline
r_0212,بلال,Bilal,46,m,sweileh,32.00403,35.81859,limited,False,False,low,False,,,low,True,زوجتي,my wife,sweileh,Sweileh,صويلح,Al-Kamaliyeh,الكمالية,osm_street,west,egyptian,10,True,seeing|walking,unemployed,,569,56.9,True,car_passenger,False,disabled|low_income|no_car|offline
r_0213,نور,Noor,42,f,downtown,31.95733,35.93876,none,True,True,low,True,09:00,17:00,middle,True,أخوي,my brother,al_madinah,Al-Madinah,المدينة,Al-Balad (Downtown),البلد,osm_street,east,jordanian,3,False,,employed,False,1783,594.4,False,car_driver,False,offline|worker
r_0214,محمود,Mahmoud,28,m,marka,31.95842,35.96794,none,False,True,medium,True,09:00,17:00,low,True,زوجتي,my wife,al_nasr,Al-Nasr,النصر,Jabal Al-Nasr,جبل النصر,osm_street,east,egyptian,6,False,,employed,True,659,109.8,False,service_taxi,False,low_income|no_car|worker
r_0215,حسن,Hasan,16,m,wehdat,31.93018,35.94691,none,False,True,medium,False,,,low,True,أبوي,my father,al_yarmouk,Al-Yarmouk,اليرموك,Hay Al-Awda,حي العودة,osm_street,east,egyptian,6,False,,student,,735,122.5,False,car_passenger,False,low_income|no_car
r_0216,فادي,Fadi,33,m,khalda,31.986,35.83796,none,True,True,high,True,07:00,16:00,middle,True,جاري,my neighbour,tla_al_ali,Tla' Al-Ali,تلاع العلي وأم السماق وخلدا,Dabouq,دابوق,osm_street,west,egyptian,9,False,,employed,True,1921,213.4,False,car_driver,False,worker
r_0217,حسن,Hasan,53,m,khalda,31.95186,35.8697,none,True,True,high,True,07:00,16:00,high,False,,,wadi_al_seer,Wadi Al-Seer,وادي السير,Al-Sweifieh,الصويفية,osm_street,west,jordanian,2,False,,employed,False,5952,2975.8,False,car_driver,False,worker
r_0218,سليمان,Suleiman,59,m,marka,31.94834,35.95128,none,True,True,medium,True,07:00,16:00,middle,True,زوجتي,my wife,al_nasr,Al-Nasr,النصر,Al-Manara,المنارة,osm_street,east,jordanian,3,False,,employed,False,1774,591.2,False,car_driver,False,worker
r_0219,سلمى,Salma,27,f,wehdat,31.91998,35.91945,none,True,True,high,False,,,middle,False,,,ras_al_ein,Ras Al-Ein,رأس العين,Al-Zuhour,الزهور,osm_street,east,jordanian,6,False,,homemaker,,1227,204.4,False,car_driver,True,
r_0220,رولا,Rula,40,f,downtown,31.9366,35.90268,none,False,False,low,False,,,low,True,أختي,my sister,bader,Bader,بدر,Al-Dustour,الدستور,osm_street,east,palestinian,6,False,,homemaker,,718,119.7,False,walk,False,low_income|no_car|offline
r_0221,مصطفى,Mustafa,32,m,sweileh,32.02407,35.88015,none,True,True,medium,False,,,middle,True,زوجتي,my wife,jubeiha,Jubeiha,الجبيهة,Jubeiha East,الجبيهة الشرقية,osm_street,west,jordanian,7,False,,unemployed,,3261,465.9,False,car_driver,False,
r_0222,رامي,Rami,56,m,wehdat,31.89125,35.93404,none,True,True,medium,False,,,middle,False,,,qweismeh,Qweismeh,القويسمة,Al-Jweideh,الجويدة,osm_street,east,jordanian,8,False,,out_of_labour_force,,1887,235.9,False,car_driver,True,
r_0223,نبيل,Nabil,49,m,sweileh,32.00298,35.82245,none,True,True,high,True,07:00,16:00,middle,True,أخوي,my brother,sweileh,Sweileh,صويلح,Al-Kamaliyeh,الكمالية,osm_street,west,jordanian,9,False,,employed,False,2307,256.3,False,car_driver,True,worker
r_0224,جميلة,Jamila,17,f,khalda,31.94513,35.82477,none,False,True,high,False,,,middle,True,أبوي,my father,wadi_al_seer,Wadi Al-Seer,وادي السير,Wadi Al-Seer,وادي السير,osm_street,west,jordanian,7,False,,student,,4212,601.8,False,service_taxi,False,no_car
r_0225,سارة,Sara,20,f,sweileh,32.03219,35.86626,none,False,True,low,False,,,middle,True,أمي,my mother,jubeiha,Jubeiha,الجبيهة,Al-Jubeiha,الجبيهة,osm_street,west,jordanian,9,False,,student,,2075,230.6,False,taxi,False,no_car|offline|student
r_0226,يوسف,Yousef,59,m,wehdat,31.9378,35.93765,none,False,True,low,True,08:00,16:00,middle,False,,,al_yarmouk,Al-Yarmouk,اليرموك,Al-Wehdat,الوحدات,osm_street,east,jordanian,8,False,,employed,True,1945,243.1,False,service_taxi,False,no_car|offline|worker
r_0227,هاني,Hani,32,m,wehdat,31.93981,35.9345,none,False,True,medium,True,08:00,16:00,low,False,,,ras_al_ein,Ras Al-Ein,رأس العين,Jabal Al-Nadhif,جبل النظيف,osm_street,east,jordanian,6,False,,employed,False,971,161.8,False,taxi,False,low_income|no_car|worker
r_0228,فاطمة,Fatima,36,f,wehdat,31.91642,35.93294,none,False,True,medium,False,,,high,True,أخوي,my brother,ras_al_ein,Ras Al-Ein,رأس العين,Jabal Al-Rawda,جبل الروضة,osm_street,east,jordanian,5,False,,homemaker,,3551,710.1,False,bus_brt,True,no_car
r_0229,زيد,Zaid,16,m,sweileh,32.01905,35.87853,none,False,True,high,False,,,high,True,أبوي,my father,jubeiha,Jubeiha,الجبيهة,Jubeiha East,الجبيهة الشرقية,osm_street,west,jordanian,5,False,,student,,4520,904.0,False,service_taxi,True,no_car
r_0230,نور,Noor,40,f,wehdat,31.90325,35.94556,none,False,True,medium,False,,,middle,True,أخوي,my brother,qweismeh,Qweismeh,القويسمة,Al-Raqim,الرقيم,osm_street,east,jordanian,4,True,seeing|self_care,homemaker,,1727,431.8,False,walk,False,no_car
r_0231,هدى,Huda,23,f,jabal_al_hussein,31.9748,35.92502,none,True,True,high,False,,,high,True,أخوي,my brother,basman,Basman,بسمان,Jabal Al-Nuzha,جبل النزهة,osm_street,east,jordanian,5,False,,student,,6032,1206.3,False,car_driver,True,student
r_0232,آمنة,Amina,30,f,marka,31.97835,35.98206,none,True,True,low,False,,,low,False,,,marka,Marka,ماركا,Al-Rasha,الرشا,osm_street,east,palestinian,8,False,,homemaker,,346,43.3,True,car_driver,False,low_income|offline
r_0233,جميلة,Jamila,29,f,jabal_al_hussein,31.95759,35.94227,none,False,True,high,True,08:00,16:00,middle,False,,,basman,Basman,بسمان,Raghadan,رغدان,osm_street,east,syrian,7,False,,employed,False,1698,242.6,False,car_passenger,False,no_car|worker
r_0234,لينا,Lina,46,f,khalda,31.95669,35.86569,limited,True,True,low,False,,,high,False,,,wadi_al_seer,Wadi Al-Seer,وادي السير,Al-Sweifieh,الصويفية,osm_street,west,jordanian,9,True,walking|self_care,homemaker,,9426,1047.4,False,car_driver,False,disabled|offline
r_0235,أم محمد,Um Mohammad,29,f,downtown,31.94481,35.91022,limited,False,True,low,False,,,middle,False,,,bader,Bader,بدر,Jabal Nazzal,جبل النزال,osm_street,east,iraqi,5,True,walking|cognition|hearing,homemaker,,2722,544.5,False,service_taxi,False,disabled|no_car|offline
r_0236,محمود,Mahmoud,23,m,marka,31.96338,35.9689,none,False,True,medium,False,,,low,False,,,al_nasr,Al-Nasr,النصر,Jabal Al-Nasr,جبل النصر,osm_street,east,jordanian,3,False,,student,,559,186.4,False,car_passenger,False,low_income|no_car|student
r_0237,نور,Noor,44,f,wehdat,31.8511,35.94192,none,False,True,high,False,,,middle,True,زوجي,my husband,kherbet_al_souk,Kherbet Al-Souk,خريبة السوق وجاوا واليادودة,Jawa,جاوا,osm_street,east,jordanian,6,False,,homemaker,,1427,237.8,False,taxi,True,no_car
r_0238,عبدالله,Abdullah,26,m,wehdat,31.90474,35.96354,none,True,True,high,False,,,low,True,أخوي,my brother,qweismeh,Qweismeh,القويسمة,Jabal Al-Hadid,جبل الحديد,osm_street,east,jordanian,8,False,,out_of_labour_force,,991,123.8,False,car_driver,False,low_income
r_0239,رنا,Rana,60,f,wehdat,31.9417,35.93439,none,True,True,low,False,,,high,False,,,al_yarmouk,Al-Yarmouk,اليرموك,Al-Hilal (east),الهلال,osm_street,east,jordanian,4,False,,retired,,2574,643.5,False,car_driver,False,offline
r_0240,رنا,Rana,29,f,khalda,31.96336,35.84296,none,True,True,high,False,,,high,True,زوجي,my husband,wadi_al_seer,Wadi Al-Seer,وادي السير,Al-Bayader,البيادر,osm_street,west,jordanian,4,False,,homemaker,,7033,1758.3,False,car_driver,True,
r_0241,مريم,Maryam,17,f,tabarbour,31.99662,35.9454,none,False,True,medium,False,,,low,False,,,tariq,Tariq,طارق,Tabarbour,طبربور,osm_street,east,syrian,3,False,,student,,164,54.6,True,service_taxi,True,low_income|no_car
r_0242,خالد,Khaled,21,m,wehdat,31.88926,35.89065,none,True,True,high,True,08:00,15:00,low,True,أمي,my mother,al_mgablein,Al-Mgablein,المقابلين,Al-Muqabalain,المقابلين,osm_street,east,jordanian,6,False,,employed,True,947,157.9,False,car_driver,False,low_income|worker
r_0243,مصطفى,Mustafa,22,m,khalda,31.9646,35.84826,none,False,True,medium,True,08:00,15:00,middle,True,أبوي,my father,wadi_al_seer,Wadi Al-Seer,وادي السير,Al-Bayader,البيادر,osm_street,west,palestinian,6,False,,employed,True,1248,208.0,False,car_passenger,False,no_car|worker
r_0244,عبدالله,Abdullah,53,m,jabal_al_hussein,31.96447,35.96979,limited,True,True,low,True,08:00,16:00,middle,False,,,basman,Basman,بسمان,Al-Mahatta,المحطة,osm_street,east,jordanian,5,True,seeing|walking|cognition,employed,False,1095,219.1,False,car_driver,False,disabled|offline|worker
r_0245,ماهر,Maher,32,m,sweileh,32.01845,35.87635,none,True,True,medium,True,08:00,16:00,high,True,أخوي,my brother,jubeiha,Jubeiha,الجبيهة,University of Jordan area,منطقة الجامعة الأردنية,osm_street,west,jordanian,7,False,,employed,True,5844,834.9,False,car_driver,True,worker
r_0246,رامي,Rami,33,m,khalda,31.99152,35.83244,none,True,True,low,False,,,middle,True,زوجتي,my wife,tla_al_ali,Tla' Al-Ali,تلاع العلي وأم السماق وخلدا,Dabouq,دابوق,osm_street,west,egyptian,6,False,,unemployed,,1694,282.4,False,car_driver,False,offline
r_0247,عيسى,Issa,25,m,sweileh,32.03038,35.87709,none,False,True,medium,True,10:00,18:00,middle,False,,,jubeiha,Jubeiha,الجبيهة,Jubeiha East,الجبيهة الشرقية,osm_street,west,egyptian,6,False,,employed,True,1290,214.9,False,car_passenger,False,no_car|worker
r_0248,يوسف,Yousef,33,m,jabal_al_hussein,31.9749,35.92782,none,True,True,high,True,07:00,16:00,middle,False,,,basman,Basman,بسمان,Jabal Al-Nuzha,جبل النزهة,osm_street,east,jordanian,6,False,,employed,False,1676,279.4,False,car_driver,True,worker
r_0249,عبير,Abeer,59,f,jabal_al_hussein,31.97401,35.94011,none,False,True,low,False,,,low,True,زوجي,my husband,basman,Basman,بسمان,Jabal Al-Nuzha,جبل النزهة,osm_street,east,jordanian,6,False,,homemaker,,918,152.9,False,taxi,False,low_income|no_car|offline
r_0250,يوسف,Yousef,44,m,jabal_al_hussein,31.9569,35.96024,none,True,True,medium,True,08:00,15:00,high,False,,,basman,Basman,بسمان,Al-Hashmi Al-Janoubi,الهاشمي الجنوبي,osm_street,east,jordanian,7,False,,employed,True,6118,874.0,False,car_driver,False,worker
r_0251,لينا,Lina,22,f,jabal_al_hussein,31.96373,35.96936,none,False,True,medium,False,,,middle,True,أمي,my mother,basman,Basman,بسمان,Al-Mahatta,المحطة,osm_street,east,jordanian,4,False,,student,,2085,521.3,False,car_passenger,False,no_car|student
r_0252,جميلة,Jamila,32,f,sweileh,32.01928,35.86404,none,True,True,medium,False,,,middle,True,زوجي,my husband,jubeiha,Jubeiha,الجبيهة,University of Jordan area,منطقة الجامعة الأردنية,osm_street,west,jordanian,7,False,,homemaker,,3045,434.9,False,car_driver,False,
r_0253,أم محمد,Um Mohammad,28,f,abdali,31.97085,35.92193,none,True,True,medium,False,,,middle,False,,,al_abdali,Al-Abdali,العبدلي,Jabal Al-Hussein,جبل الحسين,osm_street,west,jordanian,5,False,,homemaker,,1574,314.8,False,car_driver,True,
r_0254,سلمى,Salma,53,f,wehdat,31.86429,35.92141,none,False,True,low,False,,,middle,True,أخوي,my brother,kherbet_al_souk,Kherbet Al-Souk,خريبة السوق وجاوا واليادودة,Al-Yadudeh,اليادودة,osm_street,east,palestinian,10,False,,homemaker,,2311,231.1,False,taxi,False,no_car|offline
r_0255,هدى,Huda,32,f,sweileh,32.05876,35.90041,none,False,True,low,False,,,middle,True,أخوي,my brother,shafa_badran,Shafa Badran,شفا بدران,Shafa Badran North,شفا بدران الشمالية,osm_street,west,jordanian,5,False,,homemaker,,1678,335.7,False,walk,False,no_car|offline
r_0256,سعاد,Suad,54,f,marka,31.96376,35.9675,none,True,True,low,False,,,middle,False,,,al_nasr,Al-Nasr,النصر,Jabal Al-Nasr,جبل النصر,osm_street,east,jordanian,8,False,,homemaker,,2785,348.1,False,car_driver,False,offline
r_0257,مريم,Maryam,28,f,tabarbour,32.00466,35.93275,none,False,True,medium,False,,,middle,False,,,tariq,Tariq,طارق,Tabarbour,طبربور,osm_street,east,palestinian,4,False,,homemaker,,2310,577.5,False,bus_brt,False,no_car
r_0258,عمر,Omar,19,m,sweileh,32.02661,35.83313,none,True,True,high,True,08:00,16:00,middle,True,أمي,my mother,sweileh,Sweileh,صويلح,Sweileh West,صويلح الغربي,osm_street,west,jordanian,6,False,,employed,False,2843,473.8,False,car_driver,True,worker
r_0259,نبيل,Nabil,36,m,khalda,31.95965,35.84282,none,True,True,high,True,08:00,16:00,middle,False,,,wadi_al_seer,Wadi Al-Seer,وادي السير,Al-Bayader,البيادر,osm_street,west,jordanian,7,False,,employed,True,3659,522.7,False,car_driver,True,worker
r_0260,آمنة,Amina,30,f,wehdat,31.89732,35.96885,none,True,True,high,True,08:00,15:00,low,True,أخوي,my brother,qweismeh,Qweismeh,القويسمة,Abu Alanda,أبو علندا,osm_street,east,jordanian,4,False,,employed,True,402,100.5,False,car_driver,True,low_income|worker
r_0261,ماهر,Maher,42,m,khalda,31.98423,35.87348,none,True,True,medium,True,08:00,16:00,high,False,,,tla_al_ali,Tla' Al-Ali,تلاع العلي وأم السماق وخلدا,Hay Al-Salam,حي السلام,osm_street,west,egyptian,7,False,,employed,True,6718,959.7,False,car_driver,False,worker
r_0262,ماهر,Maher,18,m,downtown,31.93512,35.91101,none,True,True,high,False,,,low,True,أمي,my mother,bader,Bader,بدر,Al-Hilal,الهلال,osm_street,east,jordanian,7,False,,unemployed,,820,117.2,False,car_driver,True,low_income|student
r_0263,محمود,Mahmoud,57,m,downtown,31.93055,35.9159,none,True,True,low,True,09:00,17:00,middle,True,زوجتي,my wife,bader,Bader,بدر,Al-Qwesmeh road side,طريق المطار - بدر,osm_street,east,jordanian,10,False,,employed,False,5739,573.9,False,car_driver,False,offline|worker
r_0264,نادية,Nadia,16,f,downtown,31.94565,35.90193,none,False,True,high,False,,,low,True,أبوي,my father,bader,Bader,بدر,Jabal Nazzal,جبل النزال,osm_street,east,syrian,5,False,,student,,665,133.0,False,service_taxi,False,low_income|no_car
r_0265,سليمان,Suleiman,34,m,abdali,31.9485,35.88001,none,True,True,high,True,07:00,16:00,high,True,جاري,my neighbour,zahran,Zahran,زهران,Hay Zahran,حي زهران,osm_street,west,jordanian,4,False,,employed,False,12569,3142.3,False,car_driver,False,worker
r_0266,حسن,Hasan,26,m,abdali,31.952,35.89853,none,True,True,high,True,08:00,16:00,high,True,أختي,my sister,zahran,Zahran,زهران,Wadi Abdoun,وادي عبدون,osm_street,west,jordanian,3,False,,employed,False,8885,2961.6,False,car_driver,True,worker
r_0267,ماهر,Maher,19,m,khalda,31.9673,35.83135,none,False,True,medium,True,09:00,17:00,low,True,أبوي,my father,wadi_al_seer,Wadi Al-Seer,وادي السير,Al-Kursi,الكرسي,osm_street,west,egyptian,9,False,,employed,True,524,58.3,True,walk,False,low_income|no_car|worker
r_0268,وفاء,Wafaa,29,f,abdali,31.96834,35.86624,none,True,True,medium,False,,,low,True,زوجي,my husband,zahran,Zahran,زهران,Umm Uthaina,أم أذينة,osm_street,west,syrian,9,False,,homemaker,,1218,135.3,False,car_driver,False,low_income
r_0269,عبدالله,Abdullah,49,m,wehdat,31.93665,35.93035,none,True,True,medium,True,09:00,17:00,high,True,أختي,my sister,ras_al_ein,Ras Al-Ein,رأس العين,Jabal Al-Nadhif,جبل النظيف,osm_street,east,other,2,False,,employed,False,2379,1189.6,False,car_driver,False,worker
r_0270,سامي,Sami,45,m,khalda,31.96402,35.78519,none,True,True,medium,False,,,low,True,زوجتي,my wife,badr_al_jadeedah,Badr Al-Jadeedah,بدر الجديدة,Al-Ghurus,الغروس,osm_street,west,jordanian,9,False,,out_of_labour_force,,1639,182.1,False,car_driver,False,low_income
r_0271,فاطمة,Fatima,28,f,tabarbour,32.00391,35.96149,none,False,True,medium,False,,,middle,True,زوجي,my husband,tariq,Tariq,طارق,Abu Ulya,أبو عليا,osm_street,east,other,6,False,,homemaker,,2801,466.8,False,car_passenger,False,no_car
r_0272,سامي,Sami,20,m,wehdat,31.86906,35.92066,none,False,True,medium,False,,,low,True,أمي,my mother,kherbet_al_souk,Kherbet Al-Souk,خريبة السوق وجاوا واليادودة,Khraibet Al-Souk,خريبة السوق,osm_street,east,syrian,7,False,,unemployed,,527,75.3,True,car_passenger,False,low_income|no_car|student
r_0273,نور,Noor,49,f,wehdat,31.87594,35.89325,none,False,True,low,False,,,low,True,أخوي,my brother,al_mgablein,Al-Mgablein,المقابلين,Al-Bunayyat Al-Janoubiya,البنيات الجنوبية,osm_street,east,jordanian,6,False,,unemployed,,655,109.2,False,car_passenger,False,low_income|no_car|offline
r_0274,عبير,Abeer,16,f,marka,31.96393,35.96832,none,False,True,medium,False,,,middle,False,,,al_nasr,Al-Nasr,النصر,Jabal Al-Nasr,جبل النصر,osm_street,east,jordanian,4,False,,student,,1038,259.4,False,car_passenger,False,no_car
r_0275,ليلى,Layla,42,f,khalda,31.94836,35.75476,none,True,True,medium,False,,,low,False,,,badr_al_jadeedah,Badr Al-Jadeedah,بدر الجديدة,Zubda,زبدة,osm_street,west,jordanian,7,False,,homemaker,,1330,190.0,False,car_driver,True,low_income
r_0276,آمنة,Amina,49,f,wehdat,31.86641,35.92946,none,False,True,medium,False,,,low,True,جاري,my neighbour,kherbet_al_souk,Kherbet Al-Souk,خريبة السوق وجاوا واليادودة,Khraibet Al-Souk,خريبة السوق,osm_street,east,jordanian,6,False,,homemaker,,1080,180.0,False,service_taxi,False,low_income|no_car
r_0277,زينب,Zainab,22,f,sweileh,32.02075,35.87567,none,True,True,medium,True,08:00,15:00,middle,True,أمي,my mother,jubeiha,Jubeiha,الجبيهة,University of Jordan area,منطقة الجامعة الأردنية,osm_street,west,other,5,False,,employed,False,1847,369.5,False,car_driver,False,worker
r_0278,أنس,Anas,68,m,wehdat,31.86571,35.90822,none,True,True,medium,True,10:00,18:00,middle,True,ابني,my son,kherbet_al_souk,Kherbet Al-Souk,خريبة السوق وجاوا واليادودة,Al-Yadudeh,اليادودة,osm_street,east,jordanian,5,False,,employed,True,1459,291.9,False,car_driver,True,elderly|worker
r_0279,بلال,Bilal,17,m,downtown,31.9321,35.90094,none,False,True,medium,False,,,middle,True,أخوي,my brother,bader,Bader,بدر,Jabal Nazzal,جبل النزال,osm_street,east,jordanian,5,False,,student,,1262,252.4,False,walk,False,no_car
r_0280,خالد,Khaled,29,m,jabal_al_hussein,31.9685,35.95796,none,True,True,medium,False,,,middle,False,,,basman,Basman,بسمان,Al-Hashmi Al-Shamali,الهاشمي الشمالي,osm_street,east,jordanian,5,False,,out_of_labour_force,,2397,479.4,False,car_driver,False,
r_0281,أنس,Anas,35,m,jabal_al_hussein,31.97996,35.94667,none,True,True,high,False,,,high,False,,,basman,Basman,بسمان,Al-Qusour,القصور,osm_street,east,jordanian,7,False,,out_of_labour_force,,4987,712.4,False,car_driver,True,
r_0282,نبيل,Nabil,58,m,wehdat,31.89172,35.94725,none,True,True,low,False,,,middle,True,زوجتي,my wife,qweismeh,Qweismeh,القويسمة,Al-Raqim,الرقيم,osm_street,east,jordanian,6,False,,out_of_labour_force,,1550,258.3,False,car_driver,False,offline
r_0283,ماهر,Maher,26,m,wehdat,31.89203,35.93636,none,False,True,medium,False,,,low,True,جاري,my neighbour,qweismeh,Qweismeh,القويسمة,Al-Raqim,الرقيم,osm_street,east,jordanian,3,False,,out_of_labour_force,,333,111.0,False,walk,True,low_income|no_car
r_0284,فادي,Fadi,65,m,tabarbour,32.01838,35.92015,none,False,True,low,False,,,low,True,بنتي,my daughter,tariq,Tariq,طارق,Dahiyat Al-Amir Hamzeh,ضاحية الأمير حمزة,osm_street,east,syrian,6,True,seeing|cognition,retired,,709,118.2,False,car_passenger,False,elderly|low_income|no_car|offline
r_0285,عبير,Abeer,37,f,wehdat,31.93808,35.92505,none,False,True,medium,True,09:00,17:00,middle,False,,,ras_al_ein,Ras Al-Ein,رأس العين,Ras Al-Ein,رأس العين,osm_street,east,jordanian,3,False,,employed,True,794,264.6,False,car_passenger,True,no_car|worker
r_0286,فاطمة,Fatima,50,f,sweileh,32.013,35.82744,none,True,True,medium,False,,,high,True,جاري,my neighbour,sweileh,Sweileh,صويلح,Al-Kamaliyeh,الكمالية,osm_street,west,jordanian,2,False,,homemaker,,3377,1688.3,False,car_driver,False,
r_0287,ماهر,Maher,29,m,wehdat,31.90842,35.95548,none,False,True,medium,True,08:00,15:00,middle,True,زوجتي,my wife,qweismeh,Qweismeh,القويسمة,Jabal Al-Hadid,جبل الحديد,osm_street,east,jordanian,6,False,,employed,False,1909,318.2,False,car_passenger,False,no_car|worker
r_0288,جميلة,Jamila,23,f,wehdat,31.89417,35.88448,none,True,True,medium,True,08:00,15:00,middle,True,أخوي,my brother,al_mgablein,Al-Mgablein,المقابلين,Al-Bunayyat Al-Shamaliya,البنيات الشمالية,osm_street,east,jordanian,4,False,,employed,True,1208,301.9,False,car_driver,False,worker
r_0289,دانا,Dana,43,f,sweileh,32.02015,35.86807,none,True,True,medium,False,,,middle,True,أخوي,my brother,jubeiha,Jubeiha,الجبيهة,University of Jordan area,منطقة الجامعة الأردنية,osm_street,west,jordanian,5,False,,homemaker,,2442,488.3,False,car_driver,False,
r_0290,خالد,Khaled,63,m,marka,32.00295,36.00251,none,True,True,medium,True,07:00,16:00,low,False,,,marka,Marka,ماركا,Marka Al-Shamaliya,ماركا الشمالية,osm_street,east,jordanian,3,False,,employed,False,546,182.0,False,car_driver,False,low_income|worker
r_0291,وفاء,Wafaa,44,f,sweileh,32.03723,35.9089,none,False,True,high,True,07:00,16:00,middle,True,أخوي,my brother,shafa_badran,Shafa Badran,شفا بدران,Applied Science University area,منطقة جامعة العلوم التطبيقية,osm_street,west,jordanian,5,False,,employed,False,2481,496.3,False,car_passenger,True,no_car|worker
r_0292,ليلى,Layla,35,f,wehdat,31.89112,36.00358,none,True,True,medium,False,,,middle,True,أخوي,my brother,uhod,Uhod,أحد,Al-Mushayrifah,المشيرفة,osm_street,east,jordanian,9,False,,homemaker,,2607,289.7,False,car_driver,False,
r_0293,إبراهيم,Ibrahim,17,m,downtown,31.92662,35.90404,none,False,True,high,True,08:00,16:00,middle,True,أبوي,my father,bader,Bader,بدر,Al-Hilal,الهلال,osm_street,east,egyptian,4,False,,employed,False,1377,344.2,False,walk,False,no_car|worker
r_0294,آمنة,Amina,60,f,downtown,31.93306,35.90399,none,False,False,low,False,,,low,True,بنتي,my daughter,bader,Bader,بدر,Al-Dustour,الدستور,osm_street,east,syrian,5,False,,retired,,692,138.5,False,service_taxi,False,low_income|no_car|offline
r_0295,عبير,Abeer,32,f,tabarbour,32.00075,35.91439,none,True,True,low,False,,,high,False,,,tariq,Tariq,طارق,Qatna,قطنة,osm_street,east,jordanian,8,False,,homemaker,,6289,786.2,False,car_driver,False,offline
r_0296,نور,Noor,43,f,wehdat,31.88106,35.88841,none,True,True,medium,False,,,middle,True,زوجي,my husband,al_mgablein,Al-Mgablein,المقابلين,Al-Bunayyat Al-Janoubiya,البنيات الجنوبية,osm_street,east,jordanian,4,False,,homemaker,,2229,557.2,False,car_driver,True,
r_0297,ليلى,Layla,22,f,sweileh,32.02955,35.87223,none,False,True,high,False,,,middle,True,أخوي,my brother,jubeiha,Jubeiha,الجبيهة,Jubeiha East,الجبيهة الشرقية,osm_street,west,jordanian,8,False,,student,,3105,388.2,False,taxi,True,no_car|student
r_0298,فادي,Fadi,30,m,wehdat,31.88242,35.89579,none,False,True,medium,True,08:00,15:00,middle,True,أخوي,my brother,al_mgablein,Al-Mgablein,المقابلين,Al-Bunayyat Al-Janoubiya,البنيات الجنوبية,osm_street,east,egyptian,8,False,,employed,True,1593,199.2,False,bus_brt,False,no_car|worker
r_0299,علي,Ali,37,m,abdali,31.95661,35.90959,limited,True,True,medium,False,,,middle,False,,,al_abdali,Al-Abdali,العبدلي,Al-Abdali,العبدلي,osm_street,west,syrian,3,True,seeing|walking|self_care,out_of_labour_force,,1168,389.5,False,car_driver,False,disabled
r_0300,عبدالله,Abdullah,50,m,downtown,31.94518,35.90062,none,False,True,medium,True,07:00,16:00,low,True,أخوي,my brother,bader,Bader,بدر,Jabal Nazzal,جبل النزال,osm_street,east,egyptian,6,False,,employed,False,799,133.1,False,walk,False,low_income|no_car|worker
r_0301,نبيل,Nabil,26,m,sweileh,32.04527,35.87686,none,True,True,medium,False,,,middle,False,,,abu_nseir,Abu Nseir,أبو نصير,Abu Nseir West,أبو نصير الغربي,osm_street,west,jordanian,5,False,,out_of_labour_force,,2633,526.6,False,car_driver,False,
r_0302,حسن,Hasan,24,m,wehdat,31.90292,36.02417,none,False,True,medium,True,09:00,17:00,low,True,أمي,my mother,uhod,Uhod,أحد,Al-Kashafiya,الكشافية,osm_street,east,egyptian,8,False,,employed,True,825,103.1,False,car_passenger,False,low_income|no_car|worker
r_0303,رامي,Rami,32,m,jabal_al_hussein,31.98318,35.9478,none,True,True,high,True,07:00,16:00,middle,False,,,basman,Basman,بسمان,Al-Qusour,القصور,osm_street,east,egyptian,4,False,,employed,True,1580,395.0,False,car_driver,False,worker
r_0304,فادي,Fadi,69,m,wehdat,31.89933,35.96467,none,False,True,medium,False,,,middle,True,ابني,my son,qweismeh,Qweismeh,القويسمة,Abu Alanda,أبو علندا,osm_street,east,jordanian,7,False,,retired,,1510,215.7,False,service_taxi,True,elderly|no_car
r_0305,ماهر,Maher,39,m,sweileh,32.01769,35.87955,none,True,True,medium,True,09:00,17:00,middle,True,زوجتي,my wife,jubeiha,Jubeiha,الجبيهة,Jubeiha East,الجبيهة الشرقية,osm_street,west,jordanian,10,False,,employed,False,4566,456.6,False,car_driver,True,worker
r_0306,زينب,Zainab,19,f,jabal_al_hussein,31.96073,35.97316,none,False,True,medium,False,,,low,True,أمي,my mother,basman,Basman,بسمان,Al-Mahatta,المحطة,osm_street,east,other,6,False,,unemployed,,437,72.9,True,car_passenger,False,low_income|no_car|student
r_0307,عمر,Omar,33,m,khalda,31.95731,35.86415,none,True,True,high,True,09:00,17:00,high,True,زوجتي,my wife,wadi_al_seer,Wadi Al-Seer,وادي السير,Al-Sweifieh,الصويفية,osm_street,west,jordanian,9,False,,employed,False,5849,649.9,False,car_driver,True,worker
r_0308,نادية,Nadia,20,f,abdali,31.95006,35.89451,none,False,True,high,False,,,high,True,أخوي,my brother,zahran,Zahran,زهران,Hay Zahran,حي زهران,osm_street,west,jordanian,6,False,,student,,5201,866.9,False,car_passenger,True,no_car|student
r_0309,سلمى,Salma,26,f,tabarbour,31.98848,35.95336,none,True,True,high,False,,,middle,False,,,tariq,Tariq,طارق,Ain Ghazal,عين غزال,osm_street,east,jordanian,4,False,,unemployed,,1512,378.0,False,car_driver,True,
r_0310,سامي,Sami,20,m,tabarbour,31.99981,35.946,none,True,True,high,False,,,middle,True,أخوي,my brother,tariq,Tariq,طارق,Tabarbour,طبربور,osm_street,east,jordanian,7,False,,student,,1475,210.7,False,car_driver,True,student
r_0311,سامي,Sami,81,m,wehdat,31.85739,35.9136,none,False,True,low,False,,,high,True,بنتي,my daughter,kherbet_al_souk,Kherbet Al-Souk,خريبة السوق وجاوا واليادودة,Al-Yadudeh,اليادودة,osm_street,east,jordanian,4,False,,retired,,3826,956.5,False,car_passenger,False,elderly|no_car|offline
r_0312,سامي,Sami,25,m,downtown,31.93495,35.8996,none,False,True,high,True,08:00,15:00,middle,False,,,bader,Bader,بدر,Jabal Nazzal,جبل النزال,osm_street,east,iraqi,6,False,,employed,True,1555,259.1,False,car_passenger,True,no_car|worker
r_0313,جميلة,Jamila,37,f,marka,31.97963,35.98267,none,True,False,low,False,,,low,True,زوجي,my husband,marka,Marka,ماركا,Al-Rasha,الرشا,osm_street,east,syrian,5,False,,homemaker,,470,94.1,True,car_driver,False,low_income|offline
r_0314,خالد,Khaled,39,m,khalda,31.95129,35.86435,none,False,True,medium,True,08:00,15:00,middle,True,أخوي,my brother,wadi_al_seer,Wadi Al-Seer,وادي السير,Al-Sweifieh,الصويفية,osm_street,west,egyptian,6,False,,employed,True,3288,548.0,False,bus_brt,False,no_car|worker
r_0315,ماهر,Maher,35,m,wehdat,31.88746,35.93024,none,True,True,low,False,,,middle,True,أخوي,my brother,qweismeh,Qweismeh,القويسمة,Al-Jweideh,الجويدة,osm_street,east,jordanian,5,False,,out_of_labour_force,,1298,259.7,False,car_driver,False,offline
r_0316,دانا,Dana,17,f,sweileh,32.02886,35.84279,none,False,True,medium,False,,,low,True,أخوي,my brother,sweileh,Sweileh,صويلح,Sweileh,صويلح,osm_street,west,iraqi,5,False,,student,,511,102.2,False,bus_brt,False,low_income|no_car
r_0317,سامي,Sami,23,m,khalda,31.98647,35.88038,none,True,True,medium,False,,,middle,True,أبوي,my father,tla_al_ali,Tla' Al-Ali,تلاع العلي وأم السماق وخلدا,Hay Al-Salam,حي السلام,osm_street,west,jordanian,4,False,,student,,1158,289.4,False,car_driver,True,student
r_0318,حسن,Hasan,34,m,wehdat,31.92469,35.92021,limited,False,True,high,False,,,low,False,,,ras_al_ein,Ras Al-Ein,رأس العين,Al-Zuhour,الزهور,osm_street,east,jordanian,10,True,seeing|walking|hearing,out_of_labour_force,,341,34.1,True,taxi,False,disabled|low_income|no_car
r_0319,هالة,Hala,19,f,sweileh,32.01182,35.87952,none,True,True,medium,False,,,high,True,أخوي,my brother,jubeiha,Jubeiha,الجبيهة,University of Jordan area,منطقة الجامعة الأردنية,osm_street,west,other,6,False,,student,,4477,746.2,False,car_driver,False,student
r_0320,أحمد,Ahmad,32,m,marka,31.95843,35.94169,limited,False,True,low,True,08:00,15:00,low,False,,,al_nasr,Al-Nasr,النصر,Al-Hussein Al-Sharqi,الحسين الشرقي,osm_street,east,egyptian,6,True,seeing|walking|cognition,employed,True,668,111.3,False,walk,False,disabled|low_income|no_car|offline|worker
r_0321,تهاني,Tahani,35,f,jabal_al_hussein,31.9559,35.93583,none,False,True,high,False,,,high,False,,,basman,Basman,بسمان,Raghadan,رغدان,osm_street,east,syrian,6,False,,homemaker,,3929,654.8,False,taxi,True,no_car
r_0322,بلال,Bilal,21,m,wehdat,31.89327,36.01851,none,False,False,low,True,08:00,16:00,low,True,أمي,my mother,uhod,Uhod,أحد,Al-Mushayrifah,المشيرفة,osm_street,east,other,8,False,,employed,True,1052,131.5,False,taxi,False,low_income|no_car|offline|worker
r_0323,وفاء,Wafaa,28,f,wehdat,31.94321,35.9264,none,True,True,high,False,,,middle,False,,,ras_al_ein,Ras Al-Ein,رأس العين,Al-Muhajireen,المهاجرين,osm_street,east,jordanian,8,False,,homemaker,,2155,269.3,False,car_driver,False,
r_0324,محمود,Mahmoud,57,m,sweileh,32.01685,35.87115,none,True,False,low,False,,,middle,False,,,jubeiha,Jubeiha,الجبيهة,University of Jordan area,منطقة الجامعة الأردنية,osm_street,west,jordanian,6,False,,out_of_labour_force,,2023,337.2,False,car_driver,False,offline
r_0325,حسن,Hasan,17,m,abdali,31.95289,35.89997,none,False,True,high,True,07:00,16:00,high,True,أبوي,my father,zahran,Zahran,زهران,Wadi Abdoun,وادي عبدون,osm_street,west,palestinian,4,False,,employed,True,4356,1089.1,False,car_passenger,False,no_car|worker
r_0326,فادي,Fadi,57,m,khalda,31.96272,35.84763,none,True,True,high,True,07:00,16:00,high,True,زوجتي,my wife,wadi_al_seer,Wadi Al-Seer,وادي السير,Al-Bayader,البيادر,osm_street,west,jordanian,8,False,,employed,True,5427,678.4,False,car_driver,False,worker
r_0327,خالد,Khaled,27,m,abdali,31.97819,35.89678,none,True,True,medium,True,07:00,16:00,high,True,أختي,my sister,al_abdali,Al-Abdali,العبدلي,Al-Shmeisani,الشميساني,osm_street,west,jordanian,3,False,,employed,True,3148,1049.4,False,car_driver,True,worker
r_0328,نبيل,Nabil,23,m,marka,31.9462,35.96162,none,False,True,high,False,,,high,False,,,al_nasr,Al-Nasr,النصر,Al-Manara,المنارة,osm_street,east,jordanian,1,False,,unemployed,,942,942.5,False,walk,True,no_car|student
r_0329,سميرة,Samira,27,f,wehdat,31.85388,35.9328,none,False,True,medium,False,,,low,False,,,kherbet_al_souk,Kherbet Al-Souk,خريبة السوق وجاوا واليادودة,Jawa,جاوا,osm_street,east,syrian,6,False,,homemaker,,353,58.8,True,walk,False,low_income|no_car
r_0330,نبيل,Nabil,43,m,marka,31.94998,35.96307,none,True,True,high,True,08:00,15:00,middle,True,زوجتي,my wife,al_nasr,Al-Nasr,النصر,Jabal Al-Taj,جبل التاج,osm_street,east,jordanian,6,False,,employed,False,2147,357.8,False,car_driver,True,worker
r_0331,نادية,Nadia,61,f,sweileh,32.0323,35.90995,none,True,True,high,False,,,middle,False,,,shafa_badran,Shafa Badran,شفا بدران,Applied Science University area,منطقة جامعة العلوم التطبيقية,osm_street,west,jordanian,7,False,,retired,,3823,546.1,False,car_driver,True,
r_0332,رامي,Rami,16,m,jabal_al_hussein,31.96328,35.95022,none,False,True,medium,False,,,high,False,,,basman,Basman,بسمان,Al-Hashmi Al-Shamali,الهاشمي الشمالي,osm_street,east,jordanian,4,True,self_care,student,,2514,628.5,False,car_passenger,False,no_car
r_0333,رولا,Rula,68,f,abdali,31.9628,35.87304,none,True,True,low,False,,,middle,False,,,zahran,Zahran,زهران,Umm Uthaina,أم أذينة,osm_street,west,yemeni,10,True,cognition,retired,,5113,511.3,False,car_driver,False,elderly|offline
r_0334,بلال,Bilal,67,m,khalda,31.96548,35.84108,none,False,True,low,False,,,middle,True,ابني,my son,wadi_al_seer,Wadi Al-Seer,وادي السير,Al-Kursi,الكرسي,osm_street,west,jordanian,7,True,seeing,retired,,2879,411.2,False,car_passenger,False,elderly|no_car|offline
r_0335,محمد,Mohammad,37,m,wehdat,31.90509,35.96416,none,True,True,medium,True,07:00,16:00,middle,True,أختي,my sister,qweismeh,Qweismeh,القويسمة,Abu Alanda,أبو علندا,osm_street,east,jordanian,5,False,,employed,False,1402,280.3,False,car_driver,True,worker
r_0336,ليث,Laith,47,m,sweileh,32.01063,35.87991,limited,False,True,high,False,,,low,True,أختي,my sister,jubeiha,Jubeiha,الجبيهة,University of Jordan area,منطقة الجامعة الأردنية,osm_street,west,egyptian,7,True,walking|hearing,unemployed,,1270,181.5,False,car_passenger,False,disabled|low_income|no_car
r_0337,ريم,Reem,22,f,sweileh,32.0435,35.89008,none,False,False,low,False,,,low,False,,,abu_nseir,Abu Nseir,أبو نصير,Abu Nseir Housing,إسكان أبو نصير,osm_street,west,syrian,9,False,,student,,1363,151.5,False,taxi,False,low_income|no_car|offline|student
r_0338,عبير,Abeer,54,f,marka,31.94473,35.95682,none,True,True,medium,False,,,middle,True,جاري,my neighbour,al_nasr,Al-Nasr,النصر,Al-Manara,المنارة,osm_street,east,jordanian,10,False,,homemaker,,2086,208.6,False,car_driver,True,
r_0339,ليث,Laith,30,m,marka,31.99986,35.99454,none,True,True,medium,False,,,high,False,,,marka,Marka,ماركا,Marka Al-Shamaliya,ماركا الشمالية,osm_street,east,jordanian,4,False,,unemployed,,3716,929.1,False,car_driver,False,
r_0340,مريم,Maryam,43,f,jabal_al_hussein,31.97772,35.93145,none,False,True,medium,False,,,low,True,زوجي,my husband,basman,Basman,بسمان,Jabal Al-Nuzha,جبل النزهة,osm_street,east,syrian,10,False,,homemaker,,1641,164.1,False,walk,False,low_income|no_car
r_0341,علي,Ali,48,m,wehdat,31.87324,35.91842,none,False,True,medium,False,,,middle,True,زوجتي,my wife,kherbet_al_souk,Kherbet Al-Souk,خريبة السوق وجاوا واليادودة,Khraibet Al-Souk,خريبة السوق,osm_street,east,egyptian,5,False,,unemployed,,1356,271.2,False,walk,False,no_car
r_0342,علي,Ali,24,m,tabarbour,31.99736,35.946,none,False,True,high,False,,,low,True,أبوي,my father,tariq,Tariq,طارق,Tabarbour,طبربور,osm_street,east,syrian,7,False,,student,,958,136.8,False,service_taxi,True,low_income|no_car|student
r_0343,هالة,Hala,30,f,khalda,31.98959,35.88488,none,True,True,high,False,,,middle,False,,,tla_al_ali,Tla' Al-Ali,تلاع العلي وأم السماق وخلدا,Al-Gardens,الجاردنز,osm_street,west,jordanian,6,False,,homemaker,,1983,330.5,False,car_driver,True,
r_0344,سارة,Sara,19,f,jabal_al_hussein,31.98048,35.94773,none,False,True,high,False,,,middle,False,,,basman,Basman,بسمان,Al-Qusour,القصور,osm_street,east,jordanian,6,False,,student,,1613,268.8,False,car_passenger,False,no_car|student
r_0345,يوسف,Yousef,68,m,khalda,31.99164,35.82539,none,False,True,low,False,,,middle,True,بنتي,my daughter,tla_al_ali,Tla' Al-Ali,تلاع العلي وأم السماق وخلدا,Dabouq,دابوق,osm_street,west,palestinian,3,False,,retired,,974,324.7,False,bus_brt,False,elderly|no_car|offline
r_0346,آمنة,Amina,36,f,downtown,31.93667,35.90203,none,True,True,medium,False,,,middle,True,أخوي,my brother,bader,Bader,بدر,Jabal Nazzal,جبل النزال,osm_street,east,jordanian,6,False,,homemaker,,2278,379.6,False,car_driver,True,
r_0347,رهف,Rahaf,32,f,jabal_al_hussein,31.97293,35.95258,none,True,True,medium,False,,,middle,False,,,basman,Basman,بسمان,Al-Hashmi Al-Shamali,الهاشمي الشمالي,osm_street,east,jordanian,4,True,cognition|self_care,homemaker,,1880,470.1,False,car_driver,False,
r_0348,هالة,Hala,23,f,wehdat,31.94226,35.93398,none,False,True,medium,False,,,middle,False,,,ras_al_ein,Ras Al-Ein,رأس العين,Al-Muhajireen,المهاجرين,osm_street,east,jordanian,7,False,,student,,1774,253.4,False,walk,False,no_car|student
r_0349,ليث,Laith,43,m,marka,31.95054,35.94721,none,False,True,low,False,,,low,False,,,al_nasr,Al-Nasr,النصر,Al-Hussein Al-Sharqi,الحسين الشرقي,osm_street,east,iraqi,8,False,,out_of_labour_force,,1543,192.8,False,walk,False,low_income|no_car|offline
r_0350,هدى,Huda,54,f,khalda,32.00024,35.86985,none,True,True,medium,True,08:00,16:00,high,False,,,tla_al_ali,Tla' Al-Ali,تلاع العلي وأم السماق وخلدا,Tla' Al-Ali,تلاع العلي,osm_street,west,jordanian,7,False,,employed,True,6890,984.3,False,car_driver,False,worker
r_0351,يوسف,Yousef,38,m,wehdat,31.89837,35.96937,none,False,False,low,True,07:00,16:00,low,False,,,qweismeh,Qweismeh,القويسمة,Abu Alanda,أبو علندا,osm_street,east,palestinian,6,False,,employed,True,359,59.9,True,car_passenger,False,low_income|no_car|offline|worker
r_0352,يوسف,Yousef,21,m,marka,31.94796,35.94543,none,True,False,low,False,,,middle,True,أخوي,my brother,al_nasr,Al-Nasr,النصر,Al-Hussein Al-Sharqi,الحسين الشرقي,osm_street,east,jordanian,7,False,,unemployed,,1456,208.0,False,car_driver,False,offline|student
r_0353,ماهر,Maher,18,m,marka,31.98143,35.98362,none,True,True,medium,False,,,middle,True,أبوي,my father,marka,Marka,ماركا,Marka (airport side),ماركا - المطار,osm_street,east,jordanian,5,False,,unemployed,,2277,455.5,False,car_driver,True,student
r_0354,ريم,Reem,44,f,abdali,31.94524,35.8738,none,True,True,medium,False,,,high,False,,,zahran,Zahran,زهران,Deir Ghbar,دير غبار,osm_street,west,jordanian,5,False,,homemaker,,3376,675.2,False,car_driver,True,
r_0355,هدى,Huda,20,f,wehdat,31.93528,35.94528,none,True,True,medium,False,,,middle,False,,,al_yarmouk,Al-Yarmouk,اليرموك,Al-Hilal (east),الهلال,osm_street,east,jordanian,6,False,,student,,1430,238.4,False,car_driver,False,student
r_0356,يوسف,Yousef,23,m,abdali,31.94882,35.86321,none,True,True,high,False,,,middle,False,,,zahran,Zahran,زهران,Deir Ghbar,دير غبار,osm_street,west,jordanian,10,False,,student,,2876,287.6,False,car_driver,False,student
r_0357,فادي,Fadi,17,m,jabal_al_hussein,31.97997,35.9254,none,False,True,high,False,,,middle,True,أخوي,my brother,basman,Basman,بسمان,Jabal Al-Nuzha,جبل النزهة,osm_street,east,jordanian,7,False,,student,,1761,251.6,False,bus_brt,True,no_car
r_0358,ليث,Laith,43,m,wehdat,31.94583,35.93915,none,True,True,high,True,08:00,15:00,middle,False,,,al_yarmouk,Al-Yarmouk,اليرموك,Al-Hilal (east),الهلال,osm_street,east,jordanian,5,False,,employed,True,2296,459.3,False,car_driver,True,worker
r_0359,نادية,Nadia,41,f,wehdat,31.89529,35.93628,none,True,True,high,False,,,low,True,زوجي,my husband,qweismeh,Qweismeh,القويسمة,Al-Raqim,الرقيم,osm_street,east,jordanian,8,False,,homemaker,,1101,137.6,False,car_driver,False,low_income
r_0360,ريم,Reem,55,f,downtown,31.92775,35.89874,none,True,True,medium,False,,,high,False,,,bader,Bader,بدر,Al-Dustour,الدستور,osm_street,east,jordanian,3,False,,homemaker,,2396,798.6,False,car_driver,True,
r_0361,جمال,Jamal,17,m,khalda,31.95908,35.84517,none,False,True,high,False,,,high,False,,,wadi_al_seer,Wadi Al-Seer,وادي السير,Al-Bayader,البيادر,osm_street,west,jordanian,3,False,,student,,1958,652.8,False,car_passenger,True,no_car
r_0362,أنس,Anas,21,m,sweileh,32.01902,35.87419,none,True,True,medium,False,,,middle,True,أبوي,my father,jubeiha,Jubeiha,الجبيهة,Jubeiha East,الجبيهة الشرقية,osm_street,west,jordanian,8,False,,student,,4626,578.2,False,car_driver,False,student
r_0363,أنس,Anas,40,m,wehdat,31.9333,35.942,none,True,True,medium,False,,,middle,True,أخوي,my brother,al_yarmouk,Al-Yarmouk,اليرموك,Al-Wehdat,الوحدات,osm_street,east,jordanian,6,False,,out_of_labour_force,,1357,226.2,False,car_driver,False,
r_0364,سارة,Sara,32,f,marka,31.93978,35.96443,none,False,True,medium,False,,,low,False,,,al_nasr,Al-Nasr,النصر,Al-Manara,المنارة,osm_street,east,palestinian,6,False,,homemaker,,469,78.2,True,car_passenger,False,low_income|no_car
r_0365,علي,Ali,38,m,marka,31.98103,35.98251,none,True,True,medium,True,07:00,16:00,middle,False,,,marka,Marka,ماركا,Al-Rasha,الرشا,osm_street,east,jordanian,8,False,,employed,True,2004,250.5,False,car_driver,False,worker
r_0366,لينا,Lina,62,f,sweileh,32.02757,35.83856,none,False,True,high,False,,,low,True,ابني,my son,sweileh,Sweileh,صويلح,Sweileh West,صويلح الغربي,osm_street,west,jordanian,7,True,seeing|hearing,retired,,1091,155.9,False,walk,True,low_income|no_car
r_0367,ليث,Laith,25,m,sweileh,32.0028,35.81973,none,True,True,high,False,,,middle,True,زوجتي,my wife,sweileh,Sweileh,صويلح,Al-Kamaliyeh,الكمالية,osm_street,west,jordanian,2,False,,out_of_labour_force,,608,304.2,False,car_driver,True,
r_0368,سليمان,Suleiman,18,m,jabal_al_hussein,31.96749,35.95309,none,True,True,medium,True,09:00,17:00,low,True,أبوي,my father,basman,Basman,بسمان,Al-Hashmi Al-Janoubi,الهاشمي الجنوبي,osm_street,east,jordanian,8,False,,employed,True,1133,141.7,False,car_driver,True,low_income|worker
r_0369,رامي,Rami,21,m,sweileh,32.04783,35.8937,none,False,True,high,False,,,middle,False,,,abu_nseir,Abu Nseir,أبو نصير,Abu Nseir Housing,إسكان أبو نصير,osm_street,west,egyptian,2,False,,unemployed,,661,330.3,False,car_passenger,False,no_car|student
r_0370,حسن,Hasan,41,m,downtown,31.93357,35.90548,limited,True,True,medium,False,,,middle,True,زوجتي,my wife,bader,Bader,بدر,Al-Dustour,الدستور,osm_street,east,jordanian,5,True,walking|cognition|hearing|communication,out_of_labour_force,,2059,411.7,False,car_driver,False,disabled
r_0371,سارة,Sara,49,f,wehdat,31.94045,35.93213,none,False,True,low,False,,,middle,True,أخوي,my brother,al_yarmouk,Al-Yarmouk,اليرموك,Al-Hilal (east),الهلال,osm_street,east,jordanian,8,False,,homemaker,,2408,301.0,False,bus_brt,False,no_car|offline
r_0372,لينا,Lina,39,f,khalda,31.96527,35.85385,none,True,True,medium,True,09:00,17:00,high,True,جاري,my neighbour,wadi_al_seer,Wadi Al-Seer,وادي السير,Al-Rawabi,الروابي,osm_street,west,jordanian,5,False,,employed,True,3626,725.2,False,car_driver,False,worker
r_0373,فاطمة,Fatima,18,f,wehdat,31.94399,35.91659,none,True,True,high,False,,,middle,False,,,ras_al_ein,Ras Al-Ein,رأس العين,Ras Al-Ein,رأس العين,osm_street,east,jordanian,2,False,,unemployed,,1131,565.7,False,car_driver,True,student
r_0374,رولا,Rula,54,f,abdali,31.88503,35.84288,none,False,True,low,False,,,low,True,زوجي,my husband,marj_al_hamam,Marj Al-Hamam,مرج الحمام,Iskan Alia,إسكان عالية,osm_street,west,palestinian,9,False,,homemaker,,1310,145.6,False,car_passenger,False,low_income|no_car|offline
r_0375,عيسى,Issa,48,m,abdali,31.95832,35.91791,none,False,True,medium,True,07:00,16:00,middle,False,,,al_abdali,Al-Abdali,العبدلي,Jabal Al-Weibdeh,جبل اللويبدة,osm_street,west,egyptian,7,False,,employed,False,1512,216.0,False,taxi,False,no_car|worker
r_0376,خديجة,Khadija,55,f,khalda,31.95523,35.85506,none,False,True,medium,True,07:00,16:00,high,True,أخوي,my brother,wadi_al_seer,Wadi Al-Seer,وادي السير,Al-Rawabi,الروابي,osm_street,west,jordanian,3,False,,employed,False,3471,1156.9,False,bus_brt,False,no_car|worker
r_0377,رهف,Rahaf,25,f,wehdat,31.95062,35.92648,none,False,True,medium,False,,,low,True,جاري,my neighbour,al_yarmouk,Al-Yarmouk,اليرموك,Jabal Al-Ashrafiyeh,جبل الأشرفية,osm_street,east,syrian,2,False,,homemaker,,228,113.9,False,car_passenger,True,low_income|no_car
r_0378,وفاء,Wafaa,17,f,sweileh,32.0077,35.81916,none,False,True,high,False,,,high,False,,,sweileh,Sweileh,صويلح,Al-Kamaliyeh,الكمالية,osm_street,west,jordanian,4,True,seeing|cognition,student,,2604,651.1,False,car_passenger,False,no_car
r_0379,بلال,Bilal,39,m,wehdat,31.93293,35.95318,none,True,True,medium,True,08:00,16:00,low,False,,,al_yarmouk,Al-Yarmouk,اليرموك,Hay Al-Awda,حي العودة,osm_street,east,jordanian,6,False,,employed,True,1117,186.2,False,car_driver,False,low_income|worker
r_0380,رنا,Rana,21,f,sweileh,32.05672,35.8957,none,False,True,high,False,,,high,True,أبوي,my father,shafa_badran,Shafa Badran,شفا بدران,Shafa Badran North,شفا بدران الشمالية,osm_street,west,jordanian,5,False,,student,,8039,1607.7,False,car_passenger,True,no_car|student
r_0381,جميلة,Jamila,55,f,khalda,31.95947,35.8502,none,False,True,medium,False,,,high,False,,,wadi_al_seer,Wadi Al-Seer,وادي السير,Al-Rawabi,الروابي,osm_street,west,jordanian,8,False,,homemaker,,11313,1414.2,False,car_passenger,False,no_car
r_0382,وفاء,Wafaa,29,f,khalda,31.98082,35.84008,none,True,True,medium,False,,,middle,True,أخوي,my brother,tla_al_ali,Tla' Al-Ali,تلاع العلي وأم السماق وخلدا,Umm Al-Summaq,أم السماق,osm_street,west,jordanian,6,False,,unemployed,,2073,345.6,False,car_driver,True,
r_0383,إبراهيم,Ibrahim,30,m,wehdat,31.88098,35.92674,none,True,True,high,False,,,low,True,أختي,my sister,qweismeh,Qweismeh,القويسمة,Al-Jweideh,الجويدة,osm_street,east,iraqi,4,False,,out_of_labour_force,,719,179.8,False,car_driver,True,low_income
r_0384,هاني,Hani,44,m,jabal_al_hussein,31.95802,35.95994,none,False,True,low,True,07:00,16:00,middle,False,,,basman,Basman,بسمان,Al-Hashmi Al-Janoubi,الهاشمي الجنوبي,osm_street,east,egyptian,5,False,,employed,True,2027,405.3,False,walk,False,no_car|offline|worker
r_0385,فادي,Fadi,32,m,marka,31.956,35.96061,none,True,True,medium,True,09:00,17:00,middle,True,زوجتي,my wife,al_nasr,Al-Nasr,النصر,Jabal Al-Nasr,جبل النصر,osm_street,east,jordanian,5,False,,employed,False,1578,315.7,False,car_driver,True,worker
r_0386,سليمان,Suleiman,86,m,marka,31.94769,35.95259,wheelchair,False,True,low,False,,,low,True,حفيدي,my grandson,al_nasr,Al-Nasr,النصر,Al-Manara,المنارة,osm_street,east,jordanian,6,True,seeing|walking|hearing,retired,,790,131.7,False,car_passenger,False,elderly|disabled|low_income|no_car|offline
r_0387,بلال,Bilal,38,m,wehdat,31.90345,35.96559,none,True,True,medium,False,,,middle,True,زوجتي,my wife,qweismeh,Qweismeh,القويسمة,Jabal Al-Hadid,جبل الحديد,osm_street,east,jordanian,6,False,,out_of_labour_force,,1874,312.4,False,car_driver,True,
r_0388,لينا,Lina,65,f,abdali,31.9879,35.88769,none,False,True,low,False,,,middle,True,بنتي,my daughter,al_abdali,Al-Abdali,العبدلي,Sport City,المدينة الرياضية,osm_street,west,iraqi,8,False,,retired,,2698,337.2,False,walk,False,elderly|no_car|offline
r_0389,هدى,Huda,36,f,abdali,31.98553,35.88728,none,True,True,high,False,,,high,True,أخوي,my brother,al_abdali,Al-Abdali,العبدلي,Sport City,المدينة الرياضية,osm_street,west,jordanian,5,False,,homemaker,,5634,1126.8,False,car_driver,True,
r_0390,رامي,Rami,25,m,downtown,31.93501,35.89111,none,True,True,high,False,,,middle,False,,,bader,Bader,بدر,Al-Dustour,الدستور,osm_street,east,palestinian,4,True,hearing|self_care,out_of_labour_force,,953,238.3,False,car_driver,False,
r_0391,عبير,Abeer,23,f,downtown,31.9415,35.90813,none,False,True,medium,False,,,low,True,أبوي,my father,bader,Bader,بدر,Jabal Nazzal,جبل النزال,osm_street,east,palestinian,9,False,,unemployed,,356,39.5,True,car_passenger,False,low_income|no_car|student
r_0392,محمد,Mohammad,62,m,khalda,31.95782,35.86082,limited,False,True,medium,False,,,middle,True,ابني,my son,wadi_al_seer,Wadi Al-Seer,وادي السير,Al-Sweifieh,الصويفية,osm_street,west,jordanian,4,True,walking|self_care,retired,,1671,417.7,False,taxi,False,disabled|no_car
r_0393,لينا,Lina,37,f,sweileh,32.02326,35.84654,none,False,True,medium,False,,,middle,True,أخوي,my brother,sweileh,Sweileh,صويلح,Sweileh,صويلح,osm_street,west,palestinian,8,False,,homemaker,,2589,323.7,False,car_passenger,False,no_car
r_0394,رهف,Rahaf,28,f,jabal_al_hussein,31.97323,35.92988,none,False,True,medium,True,08:00,16:00,low,True,أخوي,my brother,basman,Basman,بسمان,Jabal Al-Nuzha,جبل النزهة,osm_street,east,jordanian,8,False,,employed,True,1405,175.6,False,service_taxi,False,low_income|no_car|worker
r_0395,تهاني,Tahani,53,f,marka,31.94875,35.94816,none,False,True,medium,False,,,middle,False,,,al_nasr,Al-Nasr,النصر,Al-Hussein Al-Sharqi,الحسين الشرقي,osm_street,east,jordanian,4,False,,homemaker,,1795,448.8,False,taxi,False,no_car
r_0396,وفاء,Wafaa,43,f,khalda,31.96664,35.83937,none,True,True,medium,True,10:00,18:00,middle,False,,,wadi_al_seer,Wadi Al-Seer,وادي السير,Al-Kursi,الكرسي,osm_street,west,jordanian,8,False,,employed,False,3394,424.3,False,car_driver,True,worker
r_0397,يوسف,Yousef,45,m,wehdat,31.85643,35.94126,none,True,True,high,True,07:00,16:00,high,False,,,kherbet_al_souk,Kherbet Al-Souk,خريبة السوق وجاوا واليادودة,Jawa,جاوا,osm_street,east,jordanian,4,False,,employed,True,5600,1400.0,False,car_driver,False,worker
r_0398,هدى,Huda,47,f,khalda,31.96579,35.7844,none,False,True,high,False,,,middle,True,أخوي,my brother,badr_al_jadeedah,Badr Al-Jadeedah,بدر الجديدة,Umm Al-Aswad,أم الأسود,osm_street,west,iraqi,10,False,,homemaker,,2281,228.1,False,service_taxi,False,no_car
r_0399,خديجة,Khadija,76,f,sweileh,32.02202,35.86928,none,False,True,low,False,,,middle,True,ابني,my son,jubeiha,Jubeiha,الجبيهة,Al-Jubeiha,الجبيهة,osm_street,west,jordanian,9,False,,retired,,3935,437.2,False,service_taxi,False,elderly|no_car|offline
r_0400,نبيل,Nabil,20,m,sweileh,32.05295,35.89607,none,True,True,medium,True,08:00,16:00,middle,True,أبوي,my father,abu_nseir,Abu Nseir,أبو نصير,Abu Nseir Housing,إسكان أبو نصير,osm_street,west,iraqi,4,False,,employed,True,1459,364.8,False,car_driver,False,worker
r_0401,رامي,Rami,72,m,jabal_al_hussein,31.96532,35.95041,limited,False,False,low,False,,,middle,False,,,basman,Basman,بسمان,Al-Hashmi Al-Shamali,الهاشمي الشمالي,osm_street,east,jordanian,2,True,seeing|walking,retired,,427,213.4,False,taxi,False,elderly|disabled|no_car|offline
r_0402,آمنة,Amina,20,f,downtown,31.92323,35.91373,none,True,True,medium,False,,,high,True,أبوي,my father,bader,Bader,بدر,Al-Qwesmeh road side,طريق المطار - بدر,osm_street,east,jordanian,2,False,,student,,1252,625.9,False,car_driver,True,student
r_0403,نبيل,Nabil,42,m,khalda,31.9926,35.83446,none,False,True,medium,False,,,low,True,جاري,my neighbour,tla_al_ali,Tla' Al-Ali,تلاع العلي وأم السماق وخلدا,Khalda,خلدا,osm_street,west,palestinian,6,False,,out_of_labour_force,,704,117.3,False,walk,False,low_income|no_car
r_0404,رولا,Rula,32,f,abdali,31.9829,35.88068,none,False,True,high,False,,,middle,False,,,zahran,Zahran,زهران,Al-Rabieh,الرابية,osm_street,west,jordanian,8,False,,unemployed,,1799,224.8,False,service_taxi,True,no_car
r_0405,فادي,Fadi,57,m,sweileh,32.02493,35.8385,none,True,True,low,True,07:00,16:00,middle,True,زوجتي,my wife,sweileh,Sweileh,صويلح,Sweileh,صويلح,osm_street,west,jordanian,10,False,,employed,True,3419,341.9,False,car_driver,False,offline|worker
r_0406,نبيل,Nabil,28,m,abdali,31.96507,35.904,none,False,True,high,True,08:00,16:00,middle,True,أخوي,my brother,al_abdali,Al-Abdali,العبدلي,Al-Shmeisani,الشميساني,osm_street,west,egyptian,7,False,,employed,False,2890,412.9,False,bus_brt,False,no_car|worker
r_0407,هاني,Hani,70,m,marka,31.9638,35.96448,limited,False,True,low,False,,,middle,True,ابني,my son,al_nasr,Al-Nasr,النصر,Jabal Al-Nasr,جبل النصر,osm_street,east,jordanian,9,True,walking|cognition,retired,,4021,446.7,False,car_passenger,False,elderly|disabled|no_car|offline
r_0408,عبير,Abeer,47,f,sweileh,32.02421,35.85753,none,True,True,high,False,,,low,True,أخوي,my brother,jubeiha,Jubeiha,الجبيهة,Al-Jubeiha,الجبيهة,osm_street,west,jordanian,5,False,,homemaker,,759,151.8,False,car_driver,True,low_income
r_0409,سلمى,Salma,45,f,sweileh,32.00272,35.82643,none,False,True,medium,False,,,high,False,,,sweileh,Sweileh,صويلح,Al-Kamaliyeh,الكمالية,osm_street,west,syrian,2,False,,homemaker,,1840,920.0,False,car_passenger,True,no_car
r_0410,نادية,Nadia,41,f,wehdat,31.86543,35.93097,none,True,True,high,False,,,middle,False,,,kherbet_al_souk,Kherbet Al-Souk,خريبة السوق وجاوا واليادودة,Khraibet Al-Souk,خريبة السوق,osm_street,east,jordanian,5,False,,homemaker,,1032,206.4,False,car_driver,False,
r_0411,مريم,Maryam,25,f,wehdat,31.8857,35.93567,none,True,True,medium,False,,,low,True,زوجي,my husband,qweismeh,Qweismeh,القويسمة,Al-Jweideh,الجويدة,osm_street,east,jordanian,6,False,,homemaker,,847,141.2,False,car_driver,True,low_income
r_0412,أنس,Anas,61,m,wehdat,31.93713,35.92653,none,True,True,medium,False,,,middle,False,,,ras_al_ein,Ras Al-Ein,رأس العين,Jabal Al-Nadhif,جبل النظيف,osm_street,east,iraqi,7,True,self_care,retired,,1643,234.7,False,car_driver,False,
r_0413,دانا,Dana,25,f,wehdat,31.89376,35.9334,none,True,True,medium,False,,,middle,False,,,qweismeh,Qweismeh,القويسمة,Al-Jweideh,الجويدة,osm_street,east,jordanian,4,False,,homemaker,,957,239.3,False,car_driver,True,
r_0414,يوسف,Yousef,38,m,abdali,31.97155,35.89488,none,True,True,high,False,,,high,True,أخوي,my brother,al_abdali,Al-Abdali,العبدلي,Al-Abdaliyeh,العبدلية,osm_street,west,jordanian,5,False,,unemployed,,3968,793.7,False,car_driver,False,
r_0415,سامي,Sami,34,m,sweileh,32.05987,35.87996,none,False,True,medium,False,,,low,False,,,abu_nseir,Abu Nseir,أبو نصير,Abu Nseir West,أبو نصير الغربي,osm_street,west,palestinian,5,False,,out_of_labour_force,,671,134.1,False,car_passenger,False,low_income|no_car
r_0416,أنس,Anas,46,m,sweileh,32.01004,35.82438,none,False,True,medium,True,07:00,16:00,low,False,,,sweileh,Sweileh,صويلح,Al-Kamaliyeh,الكمالية,osm_street,west,egyptian,10,False,,employed,True,1386,138.6,False,car_passenger,False,low_income|no_car|worker
r_0417,سامي,Sami,40,m,khalda,31.96503,35.85836,none,False,True,medium,False,,,low,False,,,wadi_al_seer,Wadi Al-Seer,وادي السير,Al-Rawabi,الروابي,osm_street,west,syrian,6,False,,out_of_labour_force,,340,56.7,True,bus_brt,True,low_income|no_car
r_0418,هدى,Huda,30,f,downtown,31.93737,35.90092,none,False,True,high,False,,,low,True,زوجي,my husband,bader,Bader,بدر,Al-Dustour,الدستور,osm_street,east,jordanian,9,False,,homemaker,,1268,140.9,False,walk,True,low_income|no_car
r_0419,عبدالله,Abdullah,62,m,marka,31.94767,35.96744,none,True,True,high,True,08:00,16:00,middle,False,,,al_nasr,Al-Nasr,النصر,Al-Manara,المنارة,osm_street,east,jordanian,8,False,,employed,False,2455,306.9,False,car_driver,False,worker
r_0420,سميرة,Samira,86,f,sweileh,32.02706,35.88354,limited,False,True,low,False,,,middle,True,ابني,my son,jubeiha,Jubeiha,الجبيهة,Jubeiha East,الجبيهة الشرقية,osm_street,west,jordanian,6,True,seeing|walking,retired,,1714,285.6,False,car_passenger,False,elderly|disabled|no_car|offline
r_0421,نبيل,Nabil,31,m,jabal_al_hussein,31.97712,35.92453,none,True,True,medium,False,,,low,True,زوجتي,my wife,basman,Basman,بسمان,Jabal Al-Nuzha,جبل النزهة,osm_street,east,jordanian,10,False,,out_of_labour_force,,840,84.0,True,car_driver,False,low_income
r_0422,مصطفى,Mustafa,24,m,downtown,31.93383,35.89006,none,True,True,medium,False,,,low,True,أمي,my mother,bader,Bader,بدر,Al-Dustour,الدستور,osm_street,east,jordanian,7,True,seeing,student,,939,134.1,False,car_driver,True,low_income|student
r_0423,أنس,Anas,49,m,wehdat,31.9375,35.92823,none,True,True,medium,True,07:00,16:00,high,True,أختي,my sister,al_yarmouk,Al-Yarmouk,اليرموك,Al-Hilal (east),الهلال,osm_street,east,jordanian,5,False,,employed,True,3505,701.0,False,car_driver,True,worker
r_0424,رهف,Rahaf,27,f,sweileh,32.02698,35.85662,none,True,True,high,False,,,middle,False,,,jubeiha,Jubeiha,الجبيهة,Al-Jubeiha,الجبيهة,osm_street,west,jordanian,9,False,,homemaker,,4451,494.6,False,car_driver,True,
r_0425,آمنة,Amina,25,f,marka,31.9789,35.98697,none,True,True,medium,True,08:00,15:00,low,False,,,marka,Marka,ماركا,Al-Rasha,الرشا,osm_street,east,other,5,False,,employed,True,756,151.2,False,car_driver,False,low_income|worker
r_0426,فادي,Fadi,58,m,abdali,31.98348,35.88236,none,True,True,high,True,08:00,15:00,high,True,أخوي,my brother,zahran,Zahran,زهران,Al-Rabieh,الرابية,osm_street,west,jordanian,10,False,,employed,False,6668,666.8,False,car_driver,True,worker
r_0427,دانا,Dana,39,f,wehdat,31.8787,35.88431,none,False,True,medium,True,07:00,16:00,middle,True,زوجي,my husband,al_mgablein,Al-Mgablein,المقابلين,Al-Bunayyat Al-Janoubiya,البنيات الجنوبية,osm_street,east,jordanian,7,False,,employed,False,4233,604.7,False,walk,False,no_car|worker
r_0428,زيد,Zaid,56,m,khalda,31.97829,35.85192,none,True,True,medium,True,08:00,15:00,middle,True,أختي,my sister,tla_al_ali,Tla' Al-Ali,تلاع العلي وأم السماق وخلدا,Umm Al-Summaq,أم السماق,osm_street,west,jordanian,8,False,,employed,False,3414,426.7,False,car_driver,False,worker
r_0429,زينب,Zainab,23,f,marka,31.95003,35.94664,none,False,True,high,False,,,low,True,أبوي,my father,al_nasr,Al-Nasr,النصر,Al-Hussein Al-Sharqi,الحسين الشرقي,osm_street,east,palestinian,5,False,,student,,557,111.4,False,bus_brt,True,low_income|no_car|student
r_0430,محمود,Mahmoud,63,m,sweileh,32.04598,35.88259,limited,False,True,low,False,,,middle,False,,,abu_nseir,Abu Nseir,أبو نصير,Abu Nseir West,أبو نصير الغربي,osm_street,west,syrian,5,True,seeing|walking,retired,,2160,432.0,False,taxi,False,disabled|no_car|offline
r_0431,يوسف,Yousef,32,m,sweileh,32.05205,35.88289,none,True,True,medium,True,08:00,16:00,middle,True,أخوي,my brother,abu_nseir,Abu Nseir,أبو نصير,Abu Nseir West,أبو نصير الغربي,osm_street,west,palestinian,7,False,,employed,False,4010,572.9,False,car_driver,False,worker
r_0432,ليث,Laith,44,m,jabal_al_hussein,31.95487,35.95701,none,True,True,low,False,,,middle,False,,,basman,Basman,بسمان,Al-Hashmi Al-Janoubi,الهاشمي الجنوبي,osm_street,east,jordanian,6,False,,out_of_labour_force,,1455,242.5,False,car_driver,False,offline
r_0433,بلال,Bilal,40,m,wehdat,31.88383,35.89901,none,True,True,medium,True,09:00,17:00,high,False,,,al_mgablein,Al-Mgablein,المقابلين,Umm Quseir,أم قصير,osm_street,east,jordanian,6,False,,employed,True,8682,1447.0,False,car_driver,True,worker
r_0434,عبير,Abeer,30,f,jabal_al_hussein,31.96299,35.97001,none,True,True,medium,True,07:00,16:00,low,True,أختي,my sister,basman,Basman,بسمان,Al-Mahatta,المحطة,osm_street,east,jordanian,6,False,,employed,True,986,164.3,False,car_driver,False,low_income|worker
r_0435,أم محمد,Um Mohammad,40,f,marka,31.98116,35.99523,none,False,True,medium,False,,,middle,True,أخوي,my brother,marka,Marka,ماركا,Marka (airport side),ماركا - المطار,osm_street,east,jordanian,4,False,,homemaker,,1144,286.1,False,service_taxi,True,no_car
r_0436,ليلى,Layla,20,f,marka,31.96759,35.98749,none,False,True,medium,False,,,low,True,أخوي,my brother,marka,Marka,ماركا,Al-Rasha,الرشا,osm_street,east,syrian,6,False,,student,,244,40.6,True,service_taxi,False,low_income|no_car|student
r_0437,جمال,Jamal,24,m,sweileh,32.047,35.89966,none,True,True,medium,False,,,middle,True,أبوي,my father,abu_nseir,Abu Nseir,أبو نصير,Abu Nseir Housing,إسكان أبو نصير,osm_street,west,jordanian,5,False,,student,,1609,321.8,False,car_driver,False,student
r_0438,خديجة,Khadija,19,f,wehdat,31.92173,35.91484,none,False,True,medium,False,,,middle,True,أبوي,my father,ras_al_ein,Ras Al-Ein,رأس العين,Al-Zuhour,الزهور,osm_street,east,palestinian,4,False,,student,,1887,471.7,False,car_passenger,False,no_car|student
r_0439,رهف,Rahaf,34,f,khalda,31.95349,35.86976,none,True,True,high,False,,,middle,False,,,wadi_al_seer,Wadi Al-Seer,وادي السير,Al-Sweifieh,الصويفية,osm_street,west,palestinian,8,False,,homemaker,,4513,564.2,False,car_driver,False,
r_0440,أحمد,Ahmad,57,m,abdali,31.89602,35.82853,none,True,True,medium,True,07:00,16:00,high,False,,,marj_al_hamam,Marj Al-Hamam,مرج الحمام,Circassian Quarter,الحي الشركسي,osm_street,west,jordanian,7,False,,employed,True,5524,789.1,False,car_driver,False,worker
r_0441,رنا,Rana,28,f,wehdat,31.89498,35.94232,none,True,True,low,False,,,middle,False,,,qweismeh,Qweismeh,القويسمة,Al-Raqim,الرقيم,osm_street,east,jordanian,5,False,,homemaker,,1303,260.7,False,car_driver,True,offline
r_0442,إبراهيم,Ibrahim,42,m,sweileh,32.04423,35.90175,none,True,True,medium,True,08:00,15:00,middle,True,أخوي,my brother,abu_nseir,Abu Nseir,أبو نصير,Abu Nseir Housing,إسكان أبو نصير,osm_street,west,jordanian,8,False,,employed,False,4048,506.0,False,car_driver,True,worker
r_0443,ليلى,Layla,39,f,wehdat,31.89146,36.01571,none,False,True,medium,False,,,low,False,,,uhod,Uhod,أحد,Al-Mushayrifah,المشيرفة,osm_street,east,palestinian,3,False,,homemaker,,252,83.9,True,taxi,False,low_income|no_car
r_0444,سعاد,Suad,29,f,sweileh,32.02151,35.86663,none,False,True,medium,False,,,low,True,أخوي,my brother,jubeiha,Jubeiha,الجبيهة,University of Jordan area,منطقة الجامعة الأردنية,osm_street,west,syrian,10,False,,homemaker,,837,83.7,True,car_passenger,False,low_income|no_car
r_0445,رامي,Rami,25,m,wehdat,31.84613,35.93502,none,False,False,low,True,07:00,16:00,low,False,,,kherbet_al_souk,Kherbet Al-Souk,خريبة السوق وجاوا واليادودة,Jawa,جاوا,osm_street,east,egyptian,9,False,,employed,False,366,40.6,True,taxi,False,low_income|no_car|offline|worker
r_0446,خديجة,Khadija,51,f,jabal_al_hussein,31.96176,35.97239,none,True,True,medium,False,,,middle,False,,,basman,Basman,بسمان,Al-Mahatta,المحطة,osm_street,east,jordanian,9,False,,homemaker,,4838,537.5,False,car_driver,True,
r_0447,نادية,Nadia,18,f,wehdat,31.89534,35.88842,limited,False,True,medium,False,,,middle,True,أبوي,my father,al_mgablein,Al-Mgablein,المقابلين,Al-Bunayyat Al-Shamaliya,البنيات الشمالية,osm_street,east,jordanian,5,True,seeing|walking|cognition,student,,1574,314.8,False,service_taxi,True,disabled|no_car|student
r_0448,مريم,Maryam,34,f,sweileh,32.03294,35.90604,none,False,True,high,False,,,high,False,,,shafa_badran,Shafa Badran,شفا بدران,Applied Science University area,منطقة جامعة العلوم التطبيقية,osm_street,west,jordanian,3,False,,homemaker,,2754,918.0,False,car_passenger,False,no_car
r_0449,زيد,Zaid,19,m,tabarbour,32.02446,35.92943,none,False,True,medium,True,08:00,16:00,middle,True,أخوي,my brother,tariq,Tariq,طارق,Dahiyat Al-Amir Hamzeh,ضاحية الأمير حمزة,osm_street,east,egyptian,6,False,,employed,False,1401,233.5,False,bus_brt,False,no_car|worker
r_0450,ليلى,Layla,88,f,jabal_al_hussein,31.98483,35.96002,none,False,True,medium,False,,,low,False,,,basman,Basman,بسمان,Al-Qusour,القصور,osm_street,east,jordanian,3,False,,retired,,451,150.4,False,bus_brt,True,elderly|low_income|no_car
r_0451,محمد,Mohammad,24,m,wehdat,31.89855,35.95805,none,True,True,medium,False,,,low,True,أبوي,my father,qweismeh,Qweismeh,القويسمة,Abu Alanda,أبو علندا,osm_street,east,jordanian,4,False,,student,,695,173.8,False,car_driver,False,low_income|student
r_0452,عبدالله,Abdullah,42,m,khalda,31.99213,35.86968,none,False,True,medium,False,,,low,False,,,tla_al_ali,Tla' Al-Ali,تلاع العلي وأم السماق وخلدا,Tla' Al-Ali,تلاع العلي,osm_street,west,egyptian,5,False,,unemployed,,477,95.3,True,walk,False,low_income|no_car
r_0453,عيسى,Issa,34,m,abdali,31.9632,35.90442,none,False,True,high,False,,,middle,True,أختي,my sister,al_abdali,Al-Abdali,العبدلي,Al-Abdali,العبدلي,osm_street,west,jordanian,5,False,,out_of_labour_force,,2867,573.5,False,car_passenger,True,no_car
r_0454,سميرة,Samira,31,f,khalda,31.99138,35.83268,none,False,True,high,False,,,middle,False,,,tla_al_ali,Tla' Al-Ali,تلاع العلي وأم السماق وخلدا,Dabouq,دابوق,osm_street,west,jordanian,7,False,,homemaker,,2494,356.3,False,walk,True,no_car
r_0455,عيسى,Issa,34,m,jabal_al_hussein,31.97457,35.95356,none,False,True,medium,False,,,low,True,زوجتي,my wife,basman,Basman,بسمان,Al-Qusour,القصور,osm_street,east,egyptian,5,False,,unemployed,,246,49.2,True,car_passenger,False,low_income|no_car
r_0456,سامي,Sami,25,m,abdali,31.89599,35.82846,none,True,True,high,True,09:00,17:00,middle,True,أختي,my sister,marj_al_hamam,Marj Al-Hamam,مرج الحمام,Circassian Quarter,الحي الشركسي,osm_street,west,jordanian,7,False,,employed,False,2520,360.0,False,car_driver,False,worker
r_0457,أحمد,Ahmad,50,m,wehdat,31.88674,35.9234,none,True,True,low,True,08:00,15:00,middle,True,زوجتي,my wife,qweismeh,Qweismeh,القويسمة,Al-Jweideh,الجويدة,osm_street,east,jordanian,5,False,,employed,False,2694,538.7,False,car_driver,False,offline|worker
r_0458,محمد,Mohammad,21,m,downtown,31.94355,35.90096,none,False,True,medium,False,,,middle,False,,,bader,Bader,بدر,Jabal Nazzal,جبل النزال,osm_street,east,jordanian,7,False,,student,,2892,413.1,False,taxi,True,no_car|student
r_0459,محمود,Mahmoud,81,m,wehdat,31.85045,35.94419,limited,False,False,low,False,,,low,True,ابني,my son,kherbet_al_souk,Kherbet Al-Souk,خريبة السوق وجاوا واليادودة,Jawa,جاوا,osm_street,east,palestinian,9,True,seeing|walking|cognition,retired,,557,61.9,True,car_passenger,False,elderly|disabled|low_income|no_car|offline
r_0460,آمنة,Amina,23,f,tabarbour,32.01961,35.91832,none,False,True,high,False,,,middle,True,أخوي,my brother,tariq,Tariq,طارق,Dahiyat Al-Amir Hamzeh,ضاحية الأمير حمزة,osm_street,east,syrian,6,False,,student,,3081,513.5,False,car_passenger,False,no_car|student
r_0461,نادية,Nadia,39,f,wehdat,31.8704,35.92006,none,True,True,low,False,,,middle,False,,,kherbet_al_souk,Kherbet Al-Souk,خريبة السوق وجاوا واليادودة,Khraibet Al-Souk,خريبة السوق,osm_street,east,palestinian,6,False,,homemaker,,1625,270.9,False,car_driver,False,offline
r_0462,تهاني,Tahani,31,f,khalda,31.96374,35.84337,none,False,True,medium,False,,,middle,True,زوجي,my husband,wadi_al_seer,Wadi Al-Seer,وادي السير,Al-Bayader,البيادر,osm_street,west,other,6,False,,homemaker,,2300,383.3,False,car_passenger,False,no_car
r_0463,سلمى,Salma,18,f,jabal_al_hussein,31.97766,35.94005,none,True,True,high,False,,,middle,False,,,basman,Basman,بسمان,Jabal Al-Nuzha,جبل النزهة,osm_street,east,jordanian,4,False,,student,,2130,532.5,False,car_driver,True,student
r_0464,أنس,Anas,18,m,khalda,31.98778,35.87248,none,False,True,low,False,,,middle,True,أخوي,my brother,tla_al_ali,Tla' Al-Ali,تلاع العلي وأم السماق وخلدا,Al-Gardens,الجاردنز,osm_street,west,syrian,6,False,,student,,1422,236.9,False,car_passenger,False,no_car|offline|student
r_0465,خديجة,Khadija,27,f,abdali,31.97204,35.89822,none,False,True,medium,False,,,middle,True,أخوي,my brother,al_abdali,Al-Abdali,العبدلي,Al-Shmeisani,الشميساني,osm_street,west,jordanian,7,False,,homemaker,,2277,325.3,False,walk,True,no_car
r_0466,بلال,Bilal,25,m,marka,31.94862,35.96466,none,True,True,low,False,,,middle,True,أخوي,my brother,al_nasr,Al-Nasr,النصر,Al-Manara,المنارة,osm_street,east,jordanian,3,False,,unemployed,,640,213.4,False,car_driver,False,offline
r_0467,رامي,Rami,55,m,downtown,31.93132,35.89931,none,True,True,low,True,08:00,15:00,middle,False,,,bader,Bader,بدر,Al-Dustour,الدستور,osm_street,east,jordanian,8,False,,employed,False,2166,270.8,False,car_driver,False,offline|worker
r_0468,فاطمة,Fatima,43,f,tabarbour,31.99672,35.94242,none,True,True,medium,True,09:00,17:00,low,True,زوجي,my husband,tariq,Tariq,طارق,Tareq,طارق,osm_street,east,jordanian,6,False,,employed,True,986,164.3,False,car_driver,True,low_income|worker
r_0469,مريم,Maryam,29,f,tabarbour,31.98766,35.94043,none,True,True,high,False,,,middle,True,أخوي,my brother,tariq,Tariq,طارق,Tareq,طارق,osm_street,east,jordanian,6,False,,homemaker,,2259,376.4,False,car_driver,False,
r_0470,محمد,Mohammad,27,m,downtown,31.92604,35.90579,none,False,True,high,False,,,high,False,,,bader,Bader,بدر,Al-Qwesmeh road side,طريق المطار - بدر,osm_street,east,iraqi,3,False,,out_of_labour_force,,5670,1890.0,False,car_passenger,False,no_car
r_0471,عمر,Omar,36,m,jabal_al_hussein,31.96196,35.93574,none,True,True,low,True,07:00,16:00,middle,True,أختي,my sister,basman,Basman,بسمان,Raghadan,رغدان,osm_street,east,palestinian,7,False,,employed,True,1871,267.3,False,car_driver,False,offline|worker
r_0472,سارة,Sara,50,f,sweileh,32.05323,35.8962,none,False,True,medium,False,,,middle,False,,,abu_nseir,Abu Nseir,أبو نصير,Abu Nseir Housing,إسكان أبو نصير,osm_street,west,other,4,False,,homemaker,,1031,257.8,False,car_passenger,False,no_car
r_0473,عمر,Omar,25,m,wehdat,31.93156,35.93891,none,False,True,medium,True,08:00,16:00,middle,True,زوجتي,my wife,al_yarmouk,Al-Yarmouk,اليرموك,Al-Wehdat,الوحدات,osm_street,east,other,3,False,,employed,False,1414,471.4,False,taxi,False,no_car|worker
r_0474,سامي,Sami,47,m,khalda,31.96865,35.84115,none,True,True,medium,True,08:00,16:00,high,True,أختي,my sister,wadi_al_seer,Wadi Al-Seer,وادي السير,Al-Kursi,الكرسي,osm_street,west,egyptian,2,False,,employed,True,1279,639.5,False,car_driver,False,worker
r_0475,أنس,Anas,17,m,wehdat,31.86012,35.91177,none,False,True,low,False,,,middle,True,أخوي,my brother,kherbet_al_souk,Kherbet Al-Souk,خريبة السوق وجاوا واليادودة,Al-Yadudeh,اليادودة,osm_street,east,jordanian,6,False,,student,,1598,266.3,False,car_passenger,False,no_car|offline
r_0476,عبير,Abeer,21,f,wehdat,31.88832,35.9372,none,False,True,low,False,,,low,True,أمي,my mother,qweismeh,Qweismeh,القويسمة,Al-Jweideh,الجويدة,osm_street,east,jordanian,8,False,,unemployed,,648,81.0,True,car_passenger,False,low_income|no_car|offline|student
r_0477,إبراهيم,Ibrahim,25,m,jabal_al_hussein,31.98596,35.95929,none,True,True,high,True,08:00,15:00,middle,True,جاري,my neighbour,basman,Basman,بسمان,Al-Qusour,القصور,osm_street,east,jordanian,6,False,,employed,True,2921,486.8,False,car_driver,True,worker
r_0478,ليلى,Layla,69,f,abdali,31.97461,35.90418,limited,False,False,low,False,,,low,False,,,al_abdali,Al-Abdali,العبدلي,Al-Shmeisani,الشميساني,osm_street,west,jordanian,5,True,seeing|walking|cognition,retired,,548,109.7,False,car_passenger,False,elderly|disabled|low_income|no_car|offline
r_0479,هدى,Huda,22,f,jabal_al_hussein,31.96198,35.97185,none,False,True,medium,False,,,low,False,,,basman,Basman,بسمان,Al-Mahatta,المحطة,osm_street,east,jordanian,8,False,,student,,918,114.7,False,walk,True,low_income|no_car|student
r_0480,خالد,Khaled,86,m,marka,31.96261,35.98376,wheelchair,False,True,low,False,,,low,True,ابني,my son,marka,Marka,ماركا,Marka Al-Janoubiya,ماركا الجنوبية,osm_street,east,iraqi,6,True,seeing|walking,retired,,733,122.2,False,taxi,False,elderly|disabled|low_income|no_car|offline
r_0481,أم محمد,Um Mohammad,54,f,marka,31.94747,35.96287,none,True,True,low,True,09:00,17:00,middle,False,,,al_nasr,Al-Nasr,النصر,Al-Manara,المنارة,osm_street,east,jordanian,4,False,,employed,False,1108,277.0,False,car_driver,False,offline|worker
r_0482,نادية,Nadia,31,f,wehdat,31.94231,35.93049,limited,False,True,medium,False,,,low,True,أخوي,my brother,ras_al_ein,Ras Al-Ein,رأس العين,Al-Muhajireen,المهاجرين,osm_street,east,jordanian,9,True,seeing|walking,homemaker,,653,72.5,True,taxi,True,disabled|low_income|no_car
r_0483,زيد,Zaid,42,m,khalda,31.99053,35.87098,wheelchair,False,True,high,False,,,low,True,زوجتي,my wife,tla_al_ali,Tla' Al-Ali,تلاع العلي وأم السماق وخلدا,Al-Gardens,الجاردنز,osm_street,west,syrian,3,True,seeing|walking|cognition,out_of_labour_force,,418,139.4,False,car_passenger,True,disabled|low_income|no_car
r_0484,سليمان,Suleiman,54,m,wehdat,31.94043,35.92856,none,True,True,medium,True,08:00,16:00,middle,False,,,al_yarmouk,Al-Yarmouk,اليرموك,Jabal Al-Ashrafiyeh,جبل الأشرفية,osm_street,east,egyptian,6,False,,employed,True,1206,200.9,False,car_driver,False,worker
r_0485,رامي,Rami,54,m,wehdat,31.9397,35.94201,none,False,True,low,True,10:00,18:00,middle,True,زوجتي,my wife,al_yarmouk,Al-Yarmouk,اليرموك,Al-Wehdat,الوحدات,osm_street,east,egyptian,5,False,,employed,True,1617,323.4,False,car_passenger,False,no_car|offline|worker
r_0486,ليث,Laith,38,m,sweileh,32.04877,35.89602,none,True,True,high,False,,,middle,False,,,abu_nseir,Abu Nseir,أبو نصير,Abu Nseir Housing,إسكان أبو نصير,osm_street,west,jordanian,6,False,,unemployed,,1875,312.5,False,car_driver,True,
r_0487,دانا,Dana,31,f,jabal_al_hussein,31.96371,35.93468,none,True,True,medium,True,09:00,17:00,middle,False,,,basman,Basman,بسمان,Raghadan,رغدان,osm_street,east,jordanian,4,False,,employed,True,1507,376.7,False,car_driver,True,worker
r_0488,أحمد,Ahmad,21,m,sweileh,32.0274,35.8374,none,False,True,low,False,,,low,False,,,sweileh,Sweileh,صويلح,Sweileh,صويلح,osm_street,west,palestinian,6,False,,unemployed,,504,84.0,True,walk,False,low_income|no_car|offline|student
r_0489,ليث,Laith,29,m,wehdat,31.84562,35.93994,none,False,True,medium,True,09:00,17:00,low,False,,,kherbet_al_souk,Kherbet Al-Souk,خريبة السوق وجاوا واليادودة,Jawa,جاوا,osm_street,east,egyptian,7,False,,employed,False,1335,190.7,False,walk,False,low_income|no_car|worker
r_0490,رامي,Rami,46,m,downtown,31.92656,35.91066,none,True,True,medium,True,10:00,18:00,low,True,زوجتي,my wife,bader,Bader,بدر,Al-Hilal,الهلال,osm_street,east,palestinian,5,False,,employed,False,859,171.9,False,car_driver,True,low_income|worker
r_0491,سامي,Sami,43,m,downtown,31.9531,35.93099,none,True,True,medium,True,09:00,17:00,low,True,زوجتي,my wife,al_madinah,Al-Madinah,المدينة,Jabal Al-Qal'a,جبل القلعة,osm_street,east,egyptian,7,False,,employed,True,640,91.5,True,car_driver,False,low_income|worker
r_0492,وفاء,Wafaa,26,f,marka,31.95667,35.95789,none,False,True,medium,False,,,middle,False,,,al_nasr,Al-Nasr,النصر,Jabal Al-Taj,جبل التاج,osm_street,east,jordanian,7,False,,homemaker,,1511,215.9,False,taxi,False,no_car
r_0493,آمنة,Amina,28,f,marka,31.95074,35.94433,none,False,True,medium,False,,,middle,True,زوجي,my husband,al_nasr,Al-Nasr,النصر,Al-Hussein Al-Sharqi,الحسين الشرقي,osm_street,east,jordanian,7,False,,homemaker,,1932,276.0,False,taxi,True,no_car
r_0494,نبيل,Nabil,25,m,marka,31.97806,35.97954,none,True,True,medium,True,10:00,18:00,middle,True,أختي,my sister,marka,Marka,ماركا,Al-Rasha,الرشا,osm_street,east,egyptian,7,False,,employed,True,3338,476.8,False,car_driver,False,worker
r_0495,جمال,Jamal,25,m,abdali,31.96074,35.91899,none,False,True,high,True,10:00,18:00,low,False,,,al_abdali,Al-Abdali,العبدلي,Jabal Al-Weibdeh,جبل اللويبدة,osm_street,west,egyptian,6,False,,employed,True,1152,192.0,False,car_passenger,False,low_income|no_car|worker
r_0496,عمر,Omar,40,m,marka,31.96729,35.95207,none,False,True,low,True,07:00,16:00,middle,True,زوجتي,my wife,al_nasr,Al-Nasr,النصر,Prince Hassan Camp,مخيم الأمير حسن,osm_street,east,egyptian,5,False,,employed,True,1236,247.2,False,service_taxi,False,no_car|offline|worker
r_0497,مريم,Maryam,57,f,marka,31.96328,35.95738,none,True,True,high,False,,,middle,True,أختي,my sister,al_nasr,Al-Nasr,النصر,Jabal Al-Nasr,جبل النصر,osm_street,east,jordanian,5,False,,homemaker,,1963,392.6,False,car_driver,True,
r_0498,سامي,Sami,54,m,wehdat,31.94584,35.93464,none,True,True,low,False,,,middle,True,أختي,my sister,ras_al_ein,Ras Al-Ein,رأس العين,Jabal Al-Nadhif,جبل النظيف,osm_street,east,jordanian,6,False,,out_of_labour_force,,1404,234.0,False,car_driver,True,offline
r_0499,هالة,Hala,28,f,abdali,31.95711,35.91875,none,True,True,medium,False,,,middle,True,أخوي,my brother,al_abdali,Al-Abdali,العبدلي,Jabal Al-Weibdeh,جبل اللويبدة,osm_street,west,jordanian,9,False,,homemaker,,2928,325.3,False,car_driver,False,
r_0500,رنا,Rana,18,f,tabarbour,32.02974,35.92801,none,True,True,high,False,,,middle,True,أمي,my mother,tariq,Tariq,طارق,Dahiyat Al-Amir Hamzeh,ضاحية الأمير حمزة,osm_street,east,jordanian,5,False,,student,,1271,254.3,False,car_driver,False,student
r_0501,وفاء,Wafaa,22,f,wehdat,31.88872,35.88349,none,False,True,high,False,,,high,True,أمي,my mother,al_mgablein,Al-Mgablein,المقابلين,Al-Muqabalain,المقابلين,osm_street,east,jordanian,10,False,,student,,7855,785.5,False,car_passenger,True,no_car|student
r_0502,محمود,Mahmoud,24,m,jabal_al_hussein,31.96137,35.95207,none,True,True,low,False,,,low,True,أمي,my mother,basman,Basman,بسمان,Al-Hashmi Al-Janoubi,الهاشمي الجنوبي,osm_street,east,palestinian,5,False,,unemployed,,387,77.4,True,car_driver,False,low_income|offline|student
r_0503,سامي,Sami,29,m,jabal_al_hussein,31.95485,35.94107,none,False,True,low,False,,,low,True,أختي,my sister,basman,Basman,بسمان,Raghadan,رغدان,osm_street,east,palestinian,6,True,seeing|hearing,out_of_labour_force,,246,41.0,True,bus_brt,False,low_income|no_car|offline
r_0504,ليث,Laith,23,m,wehdat,31.90487,35.96929,none,False,True,medium,False,,,middle,True,أبوي,my father,qweismeh,Qweismeh,القويسمة,Abu Alanda,أبو علندا,osm_street,east,jordanian,6,False,,student,,1773,295.5,False,service_taxi,False,no_car|student
r_0505,رنا,Rana,61,f,tabarbour,32.02401,35.9267,none,False,True,low,False,,,low,False,,,tariq,Tariq,طارق,Dahiyat Al-Amir Hamzeh,ضاحية الأمير حمزة,osm_street,east,palestinian,6,False,,retired,,825,137.4,False,car_passenger,False,low_income|no_car|offline
r_0506,عيسى,Issa,50,m,wehdat,31.92432,35.95684,none,False,True,medium,False,,,middle,False,,,qweismeh,Qweismeh,القويسمة,Al-Qweismeh,القويسمة,osm_street,east,syrian,4,False,,out_of_labour_force,,1133,283.2,False,taxi,True,no_car
r_0507,تهاني,Tahani,19,f,khalda,31.95179,35.86448,none,False,True,high,False,,,high,True,أبوي,my father,wadi_al_seer,Wadi Al-Seer,وادي السير,Al-Sweifieh,الصويفية,osm_street,west,jordanian,4,False,,student,,5956,1489.0,False,bus_brt,True,no_car|student
r_0508,يوسف,Yousef,38,m,downtown,31.93632,35.90094,none,True,True,high,False,,,middle,True,أخوي,my brother,bader,Bader,بدر,Al-Hilal,الهلال,osm_street,east,jordanian,5,False,,out_of_labour_force,,1099,219.8,False,car_driver,True,
r_0509,ليث,Laith,24,m,wehdat,31.8923,36.08161,none,True,True,high,True,07:00,16:00,high,False,,,uhod,Uhod,أحد,Al-Manakher,المناخر,osm_street,east,jordanian,6,False,,employed,False,4436,739.3,False,car_driver,True,worker
r_0510,جميلة,Jamila,41,f,khalda,31.98234,35.87048,none,False,True,high,False,,,high,True,زوجي,my husband,tla_al_ali,Tla' Al-Ali,تلاع العلي وأم السماق وخلدا,Hay Al-Salam,حي السلام,osm_street,west,jordanian,6,False,,homemaker,,11690,1948.3,False,car_passenger,True,no_car
r_0511,زيد,Zaid,45,m,khalda,31.95889,35.81822,none,False,True,high,True,09:00,17:00,high,True,جاري,my neighbour,wadi_al_seer,Wadi Al-Seer,وادي السير,Wadi Al-Seer,وادي السير,osm_street,west,egyptian,1,False,,employed,True,740,739.8,False,walk,False,no_car|worker
r_0512,ماهر,Maher,36,m,wehdat,31.90111,35.96516,none,False,True,high,True,07:00,16:00,middle,False,,,qweismeh,Qweismeh,القويسمة,Abu Alanda,أبو علندا,osm_street,east,jordanian,10,False,,employed,True,2936,293.6,False,taxi,False,no_car|worker
r_0513,فادي,Fadi,33,m,marka,31.96815,35.96404,none,True,True,high,True,09:00,17:00,middle,False,,,al_nasr,Al-Nasr,النصر,Jabal Al-Nasr,جبل النصر,osm_street,east,jordanian,4,False,,employed,False,2079,519.7,False,car_driver,True,worker
r_0514,نادية,Nadia,56,f,khalda,31.99454,35.87494,none,False,True,high,False,,,high,True,زوجي,my husband,tla_al_ali,Tla' Al-Ali,تلاع العلي وأم السماق وخلدا,Al-Gardens,الجاردنز,osm_street,west,palestinian,5,False,,homemaker,,3804,760.8,False,car_passenger,False,no_car
r_0515,مصطفى,Mustafa,26,m,jabal_al_hussein,31.96314,35.95502,none,True,False,low,False,,,middle,False,,,basman,Basman,بسمان,Al-Hashmi Al-Janoubi,الهاشمي الجنوبي,osm_street,east,jordanian,8,True,cognition|communication,out_of_labour_force,,3442,430.3,False,car_driver,False,offline
r_0516,لينا,Lina,23,f,jabal_al_hussein,31.95425,35.95781,none,False,True,high,False,,,low,True,أخوي,my brother,basman,Basman,بسمان,Al-Hashmi Al-Janoubi,الهاشمي الجنوبي,osm_street,east,jordanian,8,False,,student,,766,95.8,True,service_taxi,True,low_income|no_car|student
r_0517,علي,Ali,59,m,jabal_al_hussein,31.98109,35.93312,none,True,True,low,False,,,middle,False,,,basman,Basman,بسمان,Jabal Al-Nuzha,جبل النزهة,osm_street,east,jordanian,7,False,,out_of_labour_force,,2232,318.9,False,car_driver,False,offline
r_0518,عمر,Omar,33,m,marka,31.98652,35.99324,none,True,True,medium,False,,,middle,True,جاري,my neighbour,marka,Marka,ماركا,Marka (airport side),ماركا - المطار,osm_street,east,jordanian,5,False,,unemployed,,1843,368.7,False,car_driver,True,
r_0519,عيسى,Issa,83,m,sweileh,32.00605,35.82138,none,False,True,low,False,,,middle,True,ابني,my son,sweileh,Sweileh,صويلح,Al-Kamaliyeh,الكمالية,osm_street,west,syrian,4,False,,retired,,857,214.4,False,car_passenger,False,elderly|no_car|offline
r_0520,رامي,Rami,19,m,wehdat,31.92697,35.95505,none,False,True,high,True,10:00,18:00,low,False,,,qweismeh,Qweismeh,القويسمة,Al-Qweismeh,القويسمة,osm_street,east,other,6,False,,employed,False,1131,188.4,False,service_taxi,True,low_income|no_car|worker
r_0521,هاني,Hani,20,m,downtown,31.92364,35.90584,none,True,True,high,False,,,high,False,,,bader,Bader,بدر,Al-Qwesmeh road side,طريق المطار - بدر,osm_street,east,jordanian,6,False,,unemployed,,4317,719.4,False,car_driver,True,student
r_0522,ليلى,Layla,29,f,sweileh,32.06274,35.90872,none,True,True,high,False,,,high,False,,,shafa_badran,Shafa Badran,شفا بدران,Shafa Badran North,شفا بدران الشمالية,osm_street,west,jordanian,5,False,,homemaker,,5823,1164.6,False,car_driver,False,
r_0523,خديجة,Khadija,39,f,sweileh,32.02699,35.83667,none,True,True,medium,False,,,middle,True,أخوي,my brother,sweileh,Sweileh,صويلح,Sweileh West,صويلح الغربي,osm_street,west,jordanian,6,False,,homemaker,,2267,377.9,False,car_driver,True,
r_0524,هدى,Huda,19,f,marka,31.95415,35.95392,none,False,True,high,False,,,low,False,,,al_nasr,Al-Nasr,النصر,Al-Hussein Al-Sharqi,الحسين الشرقي,osm_street,east,jordanian,10,False,,unemployed,,576,57.6,True,bus_brt,False,low_income|no_car|student
r_0525,ريم,Reem,48,f,khalda,31.94838,35.75614,none,False,True,medium,False,,,middle,True,أخوي,my brother,badr_al_jadeedah,Badr Al-Jadeedah,بدر الجديدة,Al-Suwaysa,السويسة,osm_street,west,other,4,False,,unemployed,,914,228.6,False,car_passenger,True,no_car
r_0526,ليث,Laith,47,m,wehdat,31.9197,35.94953,none,True,True,high,True,07:00,16:00,high,False,,,al_yarmouk,Al-Yarmouk,اليرموك,Hay Al-Awda,حي العودة,osm_street,east,jordanian,9,False,,employed,False,5771,641.2,False,car_driver,True,worker
r_0527,جمال,Jamal,23,m,wehdat,31.89841,35.88662,none,True,True,high,True,07:00,16:00,middle,True,أبوي,my father,al_mgablein,Al-Mgablein,المقابلين,Al-Bunayyat Al-Shamaliya,البنيات الشمالية,osm_street,east,egyptian,8,False,,employed,False,1925,240.6,False,car_driver,True,worker
r_0528,خالد,Khaled,42,m,wehdat,31.94172,35.94051,none,True,True,medium,True,08:00,15:00,low,False,,,al_yarmouk,Al-Yarmouk,اليرموك,Al-Hilal (east),الهلال,osm_street,east,yemeni,7,False,,employed,False,1155,165.0,False,car_driver,False,low_income|worker
r_0529,رهف,Rahaf,37,f,wehdat,31.94029,35.93533,none,False,True,high,False,,,middle,False,,,al_yarmouk,Al-Yarmouk,اليرموك,Al-Hilal (east),الهلال,osm_street,east,syrian,7,False,,homemaker,,2465,352.1,False,car_passenger,False,no_car
r_0530,فاطمة,Fatima,25,f,sweileh,32.01096,35.82661,none,False,True,low,True,08:00,16:00,middle,False,,,sweileh,Sweileh,صويلح,Al-Kamaliyeh,الكمالية,osm_street,west,syrian,4,False,,employed,True,1235,308.8,False,bus_brt,False,no_car|offline|worker
r_0531,زيد,Zaid,31,m,wehdat,31.93553,35.92859,none,True,True,medium,False,,,low,True,أخوي,my brother,al_yarmouk,Al-Yarmouk,اليرموك,Al-Hilal (east),الهلال,osm_street,east,jordanian,6,False,,out_of_labour_force,,1089,181.6,False,car_driver,False,low_income
r_0532,فاطمة,Fatima,78,f,jabal_al_hussein,31.97108,35.95979,none,False,False,low,False,,,middle,True,حفيدي,my grandson,basman,Basman,بسمان,Al-Hashmi Al-Shamali,الهاشمي الشمالي,osm_street,east,jordanian,4,True,seeing,retired,,1111,277.8,False,car_passenger,False,elderly|no_car|offline
r_0533,رامي,Rami,21,m,khalda,31.97848,35.83853,none,True,True,high,False,,,high,False,,,tla_al_ali,Tla' Al-Ali,تلاع العلي وأم السماق وخلدا,Umm Al-Summaq,أم السماق,osm_street,west,jordanian,6,False,,student,,4256,709.4,False,car_driver,True,student
r_0534,سارة,Sara,62,f,wehdat,31.86644,35.90751,limited,False,True,medium,False,,,middle,False,,,kherbet_al_souk,Kherbet Al-Souk,خريبة السوق وجاوا واليادودة,Al-Yadudeh,اليادودة,osm_street,east,jordanian,10,True,seeing|walking|cognition,retired,,3527,352.7,False,car_passenger,True,disabled|no_car
r_0535,جميلة,Jamila,89,f,jabal_al_hussein,31.95872,35.9431,none,False,False,low,False,,,middle,False,,,basman,Basman,بسمان,Raghadan,رغدان,osm_street,east,jordanian,3,True,seeing,retired,,1186,395.5,False,car_passenger,False,elderly|no_car|offline
r_0536,مريم,Maryam,40,f,tabarbour,31.99251,35.94779,none,False,True,medium,False,,,low,False,,,tariq,Tariq,طارق,Tareq,طارق,osm_street,east,syrian,3,False,,homemaker,,587,195.5,False,car_passenger,True,low_income|no_car
r_0537,فادي,Fadi,61,m,khalda,31.96804,35.83402,none,True,True,high,False,,,middle,True,جاري,my neighbour,wadi_al_seer,Wadi Al-Seer,وادي السير,Al-Kursi,الكرسي,osm_street,west,jordanian,5,False,,retired,,1731,346.1,False,car_driver,True,
r_0538,سعاد,Suad,21,f,downtown,31.93792,35.90321,none,False,False,low,False,,,low,True,أبوي,my father,bader,Bader,بدر,Jabal Nazzal,جبل النزال,osm_street,east,palestinian,8,True,seeing|cognition,student,,455,56.9,True,service_taxi,False,low_income|no_car|offline|student
r_0539,عبير,Abeer,69,f,khalda,31.94542,35.81833,none,False,False,low,False,,,low,True,جاري,my neighbour,wadi_al_seer,Wadi Al-Seer,وادي السير,Wadi Al-Seer,وادي السير,osm_street,west,jordanian,9,False,,retired,,1038,115.4,False,service_taxi,False,elderly|low_income|no_car|offline
r_0540,هدى,Huda,25,f,khalda,31.96997,35.78096,none,True,True,medium,False,,,high,True,أختي,my sister,badr_al_jadeedah,Badr Al-Jadeedah,بدر الجديدة,Al-Ghurus,الغروس,osm_street,west,jordanian,6,False,,homemaker,,4155,692.5,False,car_driver,False,
r_0541,ريم,Reem,64,f,abdali,31.98076,35.89805,none,False,True,medium,True,08:00,16:00,high,True,ابني,my son,al_abdali,Al-Abdali,العبدلي,Sport City,المدينة الرياضية,osm_street,west,jordanian,5,False,,employed,False,4852,970.3,False,taxi,False,no_car|worker
r_0542,رولا,Rula,39,f,khalda,31.9504,35.86551,none,True,True,medium,True,07:00,16:00,middle,False,,,wadi_al_seer,Wadi Al-Seer,وادي السير,Al-Sweifieh,الصويفية,osm_street,west,jordanian,4,False,,employed,True,1174,293.5,False,car_driver,False,worker
r_0543,مصطفى,Mustafa,41,m,wehdat,31.87967,35.89155,none,False,True,high,True,08:00,15:00,middle,True,أخوي,my brother,al_mgablein,Al-Mgablein,المقابلين,Al-Bunayyat Al-Janoubiya,البنيات الجنوبية,osm_street,east,egyptian,2,False,,employed,True,807,403.7,False,car_passenger,True,no_car|worker
r_0544,ريم,Reem,36,f,wehdat,31.86669,35.90761,none,False,False,low,False,,,low,True,زوجي,my husband,kherbet_al_souk,Kherbet Al-Souk,خريبة السوق وجاوا واليادودة,Al-Yadudeh,اليادودة,osm_street,east,jordanian,10,False,,homemaker,,1080,108.0,False,bus_brt,False,low_income|no_car|offline
r_0545,سعاد,Suad,54,f,downtown,31.92628,35.90133,none,True,True,medium,False,,,middle,False,,,bader,Bader,بدر,Al-Qwesmeh road side,طريق المطار - بدر,osm_street,east,jordanian,6,False,,homemaker,,1985,330.9,False,car_driver,False,
r_0546,بلال,Bilal,38,m,abdali,31.96528,35.91043,none,False,True,medium,True,08:00,15:00,middle,True,أخوي,my brother,al_abdali,Al-Abdali,العبدلي,Jabal Al-Hussein,جبل الحسين,osm_street,west,egyptian,6,False,,employed,True,1290,214.9,False,car_passenger,False,no_car|worker
r_0547,فاطمة,Fatima,34,f,wehdat,31.94638,35.92745,none,False,True,low,False,,,low,False,,,al_yarmouk,Al-Yarmouk,اليرموك,Jabal Al-Ashrafiyeh,جبل الأشرفية,osm_street,east,syrian,3,False,,homemaker,,332,110.6,False,taxi,False,low_income|no_car|offline
r_0548,ليلى,Layla,55,f,khalda,31.96517,35.84935,none,False,True,medium,False,,,middle,False,,,wadi_al_seer,Wadi Al-Seer,وادي السير,Al-Bayader,البيادر,osm_street,west,palestinian,5,False,,homemaker,,1781,356.3,False,car_passenger,False,no_car
r_0549,وفاء,Wafaa,23,f,marka,31.95064,35.96297,none,False,True,high,False,,,low,True,أمي,my mother,al_nasr,Al-Nasr,النصر,Jabal Al-Taj,جبل التاج,osm_street,east,syrian,4,False,,student,,683,170.8,False,car_passenger,False,low_income|no_car|student
r_0550,طارق,Tareq,20,m,wehdat,31.85512,35.93946,none,True,True,high,True,08:00,16:00,low,True,أخوي,my brother,kherbet_al_souk,Kherbet Al-Souk,خريبة السوق وجاوا واليادودة,Jawa,جاوا,osm_street,east,jordanian,7,False,,employed,True,263,37.6,True,car_driver,True,low_income|worker
r_0551,سارة,Sara,59,f,sweileh,32.05123,35.88984,none,False,True,medium,False,,,high,False,,,abu_nseir,Abu Nseir,أبو نصير,Abu Nseir West,أبو نصير الغربي,osm_street,west,jordanian,8,False,,homemaker,,5544,693.0,False,car_passenger,True,no_car
r_0552,سامي,Sami,42,m,wehdat,31.8883,35.89937,none,False,True,low,True,08:00,16:00,low,False,,,al_mgablein,Al-Mgablein,المقابلين,Umm Quseir,أم قصير,osm_street,east,jordanian,6,False,,employed,True,718,119.7,False,car_passenger,False,low_income|no_car|offline|worker
r_0553,عبدالله,Abdullah,22,m,khalda,31.95789,35.85912,none,False,True,high,True,07:00,16:00,middle,True,أبوي,my father,wadi_al_seer,Wadi Al-Seer,وادي السير,Al-Rawabi,الروابي,osm_street,west,egyptian,7,False,,employed,True,1391,198.8,False,walk,False,no_car|worker
r_0554,طارق,Tareq,17,m,sweileh,32.05074,35.91594,none,False,True,medium,False,,,low,True,أخوي,my brother,shafa_badran,Shafa Badran,شفا بدران,Shafa Badran,شفا بدران,osm_street,west,egyptian,6,False,,student,,898,149.6,False,car_passenger,True,low_income|no_car
r_0555,فاطمة,Fatima,18,f,wehdat,31.85106,35.94745,none,False,True,medium,False,,,middle,False,,,kherbet_al_souk,Kherbet Al-Souk,خريبة السوق وجاوا واليادودة,Jawa,جاوا,osm_street,east,jordanian,2,False,,student,,771,385.6,False,bus_brt,True,no_car|student
r_0556,أحمد,Ahmad,30,m,sweileh,32.04485,35.88241,none,True,True,medium,True,08:00,16:00,low,False,,,abu_nseir,Abu Nseir,أبو نصير,Abu Nseir West,أبو نصير الغربي,osm_street,west,jordanian,5,False,,employed,False,599,119.8,False,car_driver,True,low_income|worker
r_0557,جمال,Jamal,27,m,khalda,31.9504,35.82835,none,True,True,high,False,,,high,False,,,wadi_al_seer,Wadi Al-Seer,وادي السير,Wadi Al-Seer,وادي السير,osm_street,west,other,5,False,,out_of_labour_force,,3438,687.5,False,car_driver,False,
r_0558,سعاد,Suad,60,f,marka,31.95066,35.95321,none,False,True,medium,False,,,low,True,ابني,my son,al_nasr,Al-Nasr,النصر,Jabal Al-Taj,جبل التاج,osm_street,east,syrian,8,False,,retired,,1181,147.7,False,car_passenger,False,low_income|no_car
r_0559,ليث,Laith,51,m,downtown,31.92358,35.90415,none,False,True,low,True,08:00,16:00,low,False,,,bader,Bader,بدر,Al-Qwesmeh road side,طريق المطار - بدر,osm_street,east,egyptian,6,False,,employed,True,316,52.6,True,car_passenger,False,low_income|no_car|offline|worker
r_0560,زيد,Zaid,17,m,jabal_al_hussein,31.97872,35.9543,none,False,True,high,False,,,middle,True,أمي,my mother,basman,Basman,بسمان,Al-Qusour,القصور,osm_street,east,other,3,True,seeing,student,,1111,370.4,False,bus_brt,False,no_car
r_0561,ليلى,Layla,20,f,tabarbour,31.98842,35.94712,none,False,True,high,False,,,low,True,أبوي,my father,tariq,Tariq,طارق,Tareq,طارق,osm_street,east,syrian,9,False,,student,,1490,165.6,False,service_taxi,False,low_income|no_car|student
r_0562,عيسى,Issa,22,m,abdali,31.99486,35.89152,none,True,True,medium,False,,,high,False,,,al_abdali,Al-Abdali,العبدلي,Sport City,المدينة الرياضية,osm_street,west,jordanian,5,False,,unemployed,,3178,635.6,False,car_driver,True,student
r_0563,جمال,Jamal,59,m,wehdat,31.89958,35.95431,none,False,True,medium,False,,,middle,True,جاري,my neighbour,qweismeh,Qweismeh,القويسمة,Abu Alanda,أبو علندا,osm_street,east,palestinian,7,False,,out_of_labour_force,,1920,274.3,False,car_passenger,False,no_car
r_0564,سامي,Sami,19,m,wehdat,31.92996,35.94582,limited,False,False,low,False,,,low,True,أبوي,my father,al_yarmouk,Al-Yarmouk,اليرموك,Al-Wehdat,الوحدات,osm_street,east,jordanian,10,True,walking,student,,1333,133.3,False,service_taxi,False,disabled|low_income|no_car|offline|student
r_0565,آمنة,Amina,22,f,khalda,31.96364,35.84208,none,True,True,medium,False,,,middle,True,أخوي,my brother,wadi_al_seer,Wadi Al-Seer,وادي السير,Al-Bayader,البيادر,osm_street,west,jordanian,10,False,,student,,5355,535.5,False,car_driver,False,student
r_0566,رامي,Rami,44,m,sweileh,32.03764,35.83071,none,True,True,high,False,,,middle,True,أخوي,my brother,sweileh,Sweileh,صويلح,Sweileh West,صويلح الغربي,osm_street,west,jordanian,9,False,,out_of_labour_force,,4220,468.9,False,car_driver,True,
r_0567,لينا,Lina,31,f,wehdat,31.89235,36.08224,none,False,True,medium,False,,,low,False,,,uhod,Uhod,أحد,Al-Manakher,المناخر,osm_street,east,syrian,7,False,,homemaker,,432,61.7,True,taxi,False,low_income|no_car
r_0568,حسن,Hasan,60,m,marka,31.9573,35.96396,none,True,True,medium,True,08:00,16:00,low,True,بنتي,my daughter,al_nasr,Al-Nasr,النصر,Jabal Al-Nasr,جبل النصر,osm_street,east,jordanian,8,True,seeing,employed,False,1099,137.4,False,car_driver,False,low_income|worker
r_0569,دانا,Dana,37,f,abdali,31.98308,35.89491,none,True,True,medium,False,,,middle,False,,,al_abdali,Al-Abdali,العبدلي,Al-Abdaliyeh,العبدلية,osm_street,west,jordanian,6,False,,homemaker,,3591,598.4,False,car_driver,True,
r_0570,رامي,Rami,28,m,downtown,31.94339,35.90401,none,False,True,medium,True,10:00,18:00,middle,True,أخوي,my brother,bader,Bader,بدر,Jabal Nazzal,جبل النزال,osm_street,east,egyptian,4,False,,employed,False,1068,266.9,False,car_passenger,False,no_car|worker
r_0571,مصطفى,Mustafa,66,m,khalda,31.98488,35.85283,limited,False,True,medium,False,,,middle,True,حفيدي,my grandson,tla_al_ali,Tla' Al-Ali,تلاع العلي وأم السماق وخلدا,Umm Al-Summaq,أم السماق,osm_street,west,jordanian,7,True,seeing|walking,retired,,2861,408.7,False,taxi,False,elderly|disabled|no_car
r_0572,أحمد,Ahmad,64,m,wehdat,31.90028,35.97064,none,False,True,high,True,10:00,18:00,low,False,,,qweismeh,Qweismeh,القويسمة,Abu Alanda,أبو علندا,osm_street,east,jordanian,5,True,seeing|cognition,employed,False,859,171.9,False,bus_brt,False,low_income|no_car|worker
r_0573,ماهر,Maher,38,m,abdali,31.9826,35.89999,none,True,True,medium,True,08:00,16:00,middle,False,,,al_abdali,Al-Abdali,العبدلي,Al-Abdaliyeh,العبدلية,osm_street,west,jordanian,7,False,,employed,False,3539,505.5,False,car_driver,True,worker
r_0574,مريم,Maryam,48,f,khalda,31.98082,35.8721,none,False,True,high,False,,,middle,False,,,tla_al_ali,Tla' Al-Ali,تلاع العلي وأم السماق وخلدا,Hay Al-Salam,حي السلام,osm_street,west,jordanian,7,False,,homemaker,,2194,313.4,False,service_taxi,True,no_car
r_0575,سارة,Sara,17,f,wehdat,31.89055,35.93613,none,False,True,high,False,,,middle,True,أمي,my mother,qweismeh,Qweismeh,القويسمة,Al-Jweideh,الجويدة,osm_street,east,palestinian,5,False,,student,,1096,219.2,False,bus_brt,False,no_car
r_0576,لينا,Lina,37,f,downtown,31.93883,35.91195,none,False,True,medium,False,,,low,True,أختي,my sister,bader,Bader,بدر,Jabal Nazzal,جبل النزال,osm_street,east,jordanian,6,False,,homemaker,,622,103.7,False,car_passenger,False,low_income|no_car
r_0577,فادي,Fadi,41,m,jabal_al_hussein,31.97376,35.95653,none,True,True,medium,True,08:00,15:00,high,False,,,basman,Basman,بسمان,Al-Hashmi Al-Shamali,الهاشمي الشمالي,osm_street,east,jordanian,6,False,,employed,False,4749,791.4,False,car_driver,True,worker
r_0578,فادي,Fadi,20,m,wehdat,31.85279,35.93161,none,True,True,high,True,08:00,15:00,high,True,أخوي,my brother,kherbet_al_souk,Kherbet Al-Souk,خريبة السوق وجاوا واليادودة,Jawa,جاوا,osm_street,east,jordanian,6,False,,employed,True,11467,1911.2,False,car_driver,True,worker
r_0579,نبيل,Nabil,23,m,abdali,31.8871,35.83563,none,False,True,high,False,,,middle,True,أمي,my mother,marj_al_hamam,Marj Al-Hamam,مرج الحمام,Marj Al-Hamam,مرج الحمام,osm_street,west,syrian,5,False,,student,,1946,389.2,False,taxi,False,no_car|student
r_0580,محمد,Mohammad,44,m,abdali,31.87991,35.84649,none,True,True,medium,True,08:00,16:00,high,True,أخوي,my brother,marj_al_hamam,Marj Al-Hamam,مرج الحمام,Iskan Alia,إسكان عالية,osm_street,west,jordanian,6,False,,employed,True,5184,864.0,False,car_driver,False,worker
r_0581,أم محمد,Um Mohammad,21,f,wehdat,31.85292,35.94582,none,True,True,medium,False,,,middle,False,,,kherbet_al_souk,Kherbet Al-Souk,خريبة السوق وجاوا واليادودة,Jawa,جاوا,osm_street,east,jordanian,8,False,,student,,3597,449.6,False,car_driver,True,student
r_0582,دانا,Dana,28,f,khalda,31.96747,35.83853,none,True,True,medium,False,,,middle,True,أخوي,my brother,wadi_al_seer,Wadi Al-Seer,وادي السير,Al-Kursi,الكرسي,osm_street,west,yemeni,5,False,,homemaker,,1554,310.7,False,car_driver,False,
r_0583,خالد,Khaled,24,m,marka,31.98336,35.9898,none,False,True,high,False,,,low,False,,,marka,Marka,ماركا,Marka (airport side),ماركا - المطار,osm_street,east,palestinian,6,False,,student,,303,50.4,True,service_taxi,False,low_income|no_car|student
r_0584,هاني,Hani,24,m,marka,31.95597,35.96537,none,False,True,low,True,08:00,16:00,low,True,أبوي,my father,al_nasr,Al-Nasr,النصر,Jabal Al-Taj,جبل التاج,osm_street,east,egyptian,6,False,,employed,False,464,77.3,True,walk,False,low_income|no_car|offline|worker
r_0585,مريم,Maryam,33,f,abdali,31.89059,35.82708,none,True,True,medium,False,,,low,False,,,marj_al_hamam,Marj Al-Hamam,مرج الحمام,Marj Al-Hamam,مرج الحمام,osm_street,west,jordanian,8,False,,homemaker,,1499,187.3,False,car_driver,True,low_income
r_0586,طارق,Tareq,46,m,marka,31.95951,35.9626,limited,False,True,low,True,09:00,17:00,low,True,أخوي,my brother,al_nasr,Al-Nasr,النصر,Prince Hassan Camp,مخيم الأمير حسن,osm_street,east,egyptian,4,True,walking|cognition,employed,True,586,146.4,False,bus_brt,False,disabled|low_income|no_car|offline|worker
r_0587,إبراهيم,Ibrahim,36,m,sweileh,32.05306,35.88079,none,False,True,medium,True,10:00,18:00,middle,True,أخوي,my brother,abu_nseir,Abu Nseir,أبو نصير,Abu Nseir West,أبو نصير الغربي,osm_street,west,egyptian,7,False,,employed,False,2419,345.6,False,bus_brt,False,no_car|worker
r_0588,خالد,Khaled,23,m,abdali,31.96581,35.8698,none,False,True,medium,True,09:00,17:00,high,False,,,zahran,Zahran,زهران,Umm Uthaina,أم أذينة,osm_street,west,syrian,2,False,,employed,True,2521,1260.5,False,walk,False,no_car|worker
r_0589,تهاني,Tahani,34,f,sweileh,32.02986,35.91663,none,False,True,high,False,,,middle,True,زوجي,my husband,shafa_badran,Shafa Badran,شفا بدران,Applied Science University area,منطقة جامعة العلوم التطبيقية,osm_street,west,iraqi,6,False,,homemaker,,2123,353.8,False,taxi,True,no_car
r_0590,عبير,Abeer,27,f,marka,31.96027,35.96456,none,False,True,medium,False,,,low,True,زوجي,my husband,al_nasr,Al-Nasr,النصر,Jabal Al-Nasr,جبل النصر,osm_street,east,iraqi,9,False,,homemaker,,1160,128.9,False,bus_brt,True,low_income|no_car
r_0591,مريم,Maryam,30,f,jabal_al_hussein,31.96633,35.95689,none,False,True,medium,True,07:00,16:00,middle,True,زوجي,my husband,basman,Basman,بسمان,Al-Hashmi Al-Janoubi,الهاشمي الجنوبي,osm_street,east,jordanian,6,False,,employed,False,1221,203.4,False,service_taxi,False,no_car|worker
r_0592,أنس,Anas,21,m,wehdat,31.93004,35.95505,none,False,True,medium,False,,,middle,True,أبوي,my father,al_yarmouk,Al-Yarmouk,اليرموك,Hay Al-Awda,حي العودة,osm_street,east,jordanian,4,False,,student,,1441,360.2,False,service_taxi,True,no_car|student
r_0593,تهاني,Tahani,31,f,jabal_al_hussein,31.98552,35.95191,none,False,True,medium,False,,,low,False,,,basman,Basman,بسمان,Al-Qusour,القصور,osm_street,east,jordanian,7,False,,homemaker,,1281,182.9,False,taxi,False,low_income|no_car
r_0594,سارة,Sara,41,f,wehdat,31.92505,35.95789,none,False,True,high,False,,,high,False,,,al_yarmouk,Al-Yarmouk,اليرموك,Hay Al-Awda,حي العودة,osm_street,east,jordanian,4,False,,homemaker,,6363,1590.8,False,car_passenger,True,no_car
r_0595,أم محمد,Um Mohammad,50,f,khalda,31.95867,35.84869,none,True,True,low,False,,,middle,False,,,wadi_al_seer,Wadi Al-Seer,وادي السير,Al-Bayader,البيادر,osm_street,west,jordanian,7,False,,homemaker,,3398,485.4,False,car_driver,False,offline
r_0596,هدى,Huda,66,f,downtown,31.93188,35.90935,none,True,True,low,False,,,low,True,بنتي,my daughter,bader,Bader,بدر,Al-Hilal,الهلال,osm_street,east,syrian,2,False,,retired,,290,145.0,False,car_driver,False,elderly|low_income|offline
r_0597,حسن,Hasan,54,m,marka,31.96474,35.98378,none,True,True,low,True,07:00,16:00,middle,True,أخوي,my brother,marka,Marka,ماركا,Marka Al-Janoubiya,ماركا الجنوبية,osm_street,east,jordanian,10,False,,employed,False,2346,234.6,False,car_driver,False,offline|worker
r_0598,فاطمة,Fatima,21,f,jabal_al_hussein,31.98064,35.94674,none,False,False,low,False,,,low,False,,,basman,Basman,بسمان,Al-Qusour,القصور,osm_street,east,jordanian,7,False,,student,,1376,196.6,False,bus_brt,False,low_income|no_car|offline|student
r_0599,عيسى,Issa,36,m,wehdat,31.8883,35.93008,none,True,True,medium,True,07:00,16:00,middle,True,أختي,my sister,qweismeh,Qweismeh,القويسمة,Al-Jweideh,الجويدة,osm_street,east,egyptian,8,False,,employed,False,2050,256.2,False,car_driver,False,worker
r_0600,لينا,Lina,29,f,wehdat,31.89285,35.92744,none,False,True,high,True,09:00,17:00,low,True,زوجي,my husband,qweismeh,Qweismeh,القويسمة,Al-Jweideh,الجويدة,osm_street,east,syrian,10,False,,employed,True,1088,108.8,False,car_passenger,True,low_income|no_car|worker
r_0601,رنا,Rana,36,f,khalda,31.95377,35.81644,none,False,True,medium,False,,,high,True,أختي,my sister,wadi_al_seer,Wadi Al-Seer,وادي السير,Wadi Al-Seer,وادي السير,osm_street,west,syrian,8,False,,homemaker,,10522,1315.3,False,walk,False,no_car
r_0602,أنس,Anas,30,m,marka,31.97529,35.9893,none,False,True,medium,True,09:00,17:00,low,False,,,marka,Marka,ماركا,Marka (airport side),ماركا - المطار,osm_street,east,egyptian,5,False,,employed,True,669,133.8,False,service_taxi,False,low_income|no_car|worker
r_0603,رهف,Rahaf,24,f,sweileh,32.05226,35.90436,none,False,True,high,False,,,middle,False,,,shafa_badran,Shafa Badran,شفا بدران,Shafa Badran North,شفا بدران الشمالية,osm_street,west,jordanian,4,False,,student,,1517,379.2,False,taxi,True,no_car|student
r_0604,سامي,Sami,38,m,marka,31.96575,35.98453,none,True,True,high,False,,,middle,False,,,marka,Marka,ماركا,Marka Al-Janoubiya,ماركا الجنوبية,osm_street,east,jordanian,4,False,,unemployed,,2094,523.5,False,car_driver,True,
r_0605,رهف,Rahaf,52,f,khalda,31.99424,35.86352,none,True,True,high,False,,,middle,False,,,tla_al_ali,Tla' Al-Ali,تلاع العلي وأم السماق وخلدا,Tla' Al-Ali,تلاع العلي,osm_street,west,jordanian,10,False,,homemaker,,4949,494.9,False,car_driver,True,
r_0606,سميرة,Samira,22,f,jabal_al_hussein,31.96242,35.93346,none,False,True,medium,False,,,middle,True,أخوي,my brother,basman,Basman,بسمان,Raghadan,رغدان,osm_street,east,jordanian,7,False,,student,,2792,398.8,False,car_passenger,True,no_car|student
r_0607,فاطمة,Fatima,46,f,marka,32.00046,35.99444,none,False,True,medium,False,,,low,False,,,marka,Marka,ماركا,Marka Al-Shamaliya,ماركا الشمالية,osm_street,east,jordanian,5,False,,homemaker,,425,85.1,True,car_passenger,False,low_income|no_car
r_0608,طارق,Tareq,32,m,khalda,32.0017,35.83486,none,True,True,low,False,,,high,True,أختي,my sister,tla_al_ali,Tla' Al-Ali,تلاع العلي وأم السماق وخلدا,Khalda,خلدا,osm_street,west,jordanian,4,False,,out_of_labour_force,,3705,926.3,False,car_driver,True,offline
r_0609,رامي,Rami,27,m,wehdat,31.89057,35.9393,none,False,True,low,False,,,low,True,أخوي,my brother,qweismeh,Qweismeh,القويسمة,Al-Raqim,الرقيم,osm_street,east,syrian,7,False,,out_of_labour_force,,383,54.7,True,service_taxi,False,low_income|no_car|offline
r_0610,خالد,Khaled,66,m,sweileh,32.06379,35.90575,none,False,True,medium,False,,,middle,True,ابني,my son,shafa_badran,Shafa Badran,شفا بدران,Shafa Badran North,شفا بدران الشمالية,osm_street,west,jordanian,6,False,,retired,,3107,517.8,False,taxi,True,elderly|no_car
r_0611,خالد,Khaled,34,m,jabal_al_hussein,31.95837,35.9338,none,True,True,medium,True,08:00,16:00,low,True,أختي,my sister,basman,Basman,بسمان,Raghadan,رغدان,osm_street,east,syrian,6,False,,employed,False,669,111.6,False,car_driver,False,low_income|worker
r_0612,وفاء,Wafaa,24,f,abdali,31.96557,35.92119,none,True,True,medium,False,,,low,False,,,al_abdali,Al-Abdali,العبدلي,Jabal Al-Hussein,جبل الحسين,osm_street,west,jordanian,8,False,,student,,1218,152.3,False,car_driver,True,low_income|student
r_0613,نبيل,Nabil,38,m,wehdat,31.94279,35.9275,none,False,True,medium,True,08:00,16:00,low,True,أختي,my sister,al_yarmouk,Al-Yarmouk,اليرموك,Jabal Al-Ashrafiyeh,جبل الأشرفية,osm_street,east,jordanian,6,False,,employed,False,853,142.2,False,car_passenger,True,low_income|no_car|worker
r_0614,نادية,Nadia,48,f,sweileh,32.0569,35.88045,limited,False,True,medium,False,,,low,False,,,abu_nseir,Abu Nseir,أبو نصير,Abu Nseir West,أبو نصير الغربي,osm_street,west,jordanian,9,True,walking,homemaker,,1213,134.7,False,car_passenger,False,disabled|low_income|no_car
r_0615,خالد,Khaled,48,m,marka,31.97285,35.96,none,True,True,medium,False,,,low,False,,,al_nasr,Al-Nasr,النصر,Prince Hassan Camp,مخيم الأمير حسن,osm_street,east,jordanian,7,False,,out_of_labour_force,,1168,166.8,False,car_driver,False,low_income
r_0616,أم محمد,Um Mohammad,60,f,abdali,31.9425,35.90226,limited,False,True,medium,False,,,low,True,بنتي,my daughter,zahran,Zahran,زهران,Wadi Abdoun,وادي عبدون,osm_street,west,jordanian,5,True,seeing|walking|hearing|self_care|communication,retired,,723,144.6,False,car_passenger,False,disabled|low_income|no_car
r_0617,سليمان,Suleiman,85,m,marka,31.97874,35.97581,none,True,True,medium,False,,,middle,False,,,marka,Marka,ماركا,Al-Rasha,الرشا,osm_street,east,jordanian,6,False,,retired,,2356,392.7,False,car_driver,False,elderly
r_0618,علي,Ali,31,m,sweileh,32.00573,35.82743,none,True,True,high,False,,,high,False,,,sweileh,Sweileh,صويلح,Al-Kamaliyeh,الكمالية,osm_street,west,jordanian,10,False,,out_of_labour_force,,6412,641.2,False,car_driver,True,
r_0619,مصطفى,Mustafa,55,m,khalda,31.98368,35.87395,none,True,True,medium,True,08:00,16:00,middle,True,أخوي,my brother,tla_al_ali,Tla' Al-Ali,تلاع العلي وأم السماق وخلدا,Al-Gardens,الجاردنز,osm_street,west,jordanian,9,False,,employed,True,5289,587.7,False,car_driver,False,worker
r_0620,أحمد,Ahmad,52,m,wehdat,31.93509,35.9309,none,True,True,low,True,07:00,16:00,low,True,أختي,my sister,al_yarmouk,Al-Yarmouk,اليرموك,Al-Hilal (east),الهلال,osm_street,east,jordanian,6,False,,employed,True,982,163.7,False,car_driver,False,low_income|offline|worker
r_0621,ليث,Laith,18,m,tabarbour,32.00364,35.91306,none,False,True,high,True,07:00,16:00,middle,True,أمي,my mother,tariq,Tariq,طارق,Qatna,قطنة,osm_street,east,egyptian,9,False,,employed,True,1945,216.1,False,car_passenger,False,no_car|worker
r_0622,بلال,Bilal,48,m,abdali,31.89005,35.82973,none,False,True,low,True,07:00,16:00,low,True,زوجتي,my wife,marj_al_hamam,Marj Al-Hamam,مرج الحمام,Marj Al-Hamam,مرج الحمام,osm_street,west,palestinian,5,False,,employed,True,938,187.7,False,car_passenger,False,low_income|no_car|offline|worker
r_0623,سميرة,Samira,19,f,jabal_al_hussein,31.97874,35.94726,none,True,True,high,False,,,middle,False,,,basman,Basman,بسمان,Al-Qusour,القصور,osm_street,east,jordanian,5,False,,student,,1453,290.7,False,car_driver,False,student
r_0624,نادية,Nadia,19,f,sweileh,32.03289,35.82367,none,False,True,medium,False,,,middle,True,أمي,my mother,sweileh,Sweileh,صويلح,Sweileh West,صويلح الغربي,osm_street,west,jordanian,7,False,,student,,1996,285.1,False,service_taxi,False,no_car|student
r_0625,نادية,Nadia,20,f,jabal_al_hussein,31.95861,35.94295,none,True,True,medium,False,,,high,True,أبوي,my father,basman,Basman,بسمان,Al-Hashmi Al-Janoubi,الهاشمي الجنوبي,osm_street,east,jordanian,5,False,,student,,10190,2038.0,False,car_driver,False,student
r_0626,آمنة,Amina,18,f,abdali,31.96155,35.87436,none,False,True,high,False,,,middle,False,,,zahran,Zahran,زهران,Umm Uthaina,أم أذينة,osm_street,west,jordanian,4,False,,student,,2501,625.3,False,car_passenger,True,no_car|student
r_0627,أم محمد,Um Mohammad,31,f,abdali,31.97448,35.88592,none,True,True,medium,True,09:00,17:00,high,False,,,al_abdali,Al-Abdali,العبدلي,Al-Abdaliyeh,العبدلية,osm_street,west,other,3,False,,employed,False,2228,742.7,False,car_driver,False,worker
r_0628,ماهر,Maher,42,m,abdali,31.97445,35.89263,none,True,True,high,False,,,high,True,أخوي,my brother,al_abdali,Al-Abdali,العبدلي,Al-Shmeisani,الشميساني,osm_street,west,jordanian,5,False,,out_of_labour_force,,4192,838.4,False,car_driver,False,
r_0629,زيد,Zaid,33,m,marka,31.95422,35.93945,limited,False,True,high,False,,,low,True,جاري,my neighbour,al_nasr,Al-Nasr,النصر,Al-Hussein Al-Sharqi,الحسين الشرقي,osm_street,east,syrian,4,True,walking,out_of_labour_force,,288,72.1,True,bus_brt,False,disabled|low_income|no_car
r_0630,أنس,Anas,17,m,wehdat,31.90682,35.96469,none,False,True,medium,False,,,middle,False,,,qweismeh,Qweismeh,القويسمة,Abu Alanda,أبو علندا,osm_street,east,jordanian,3,False,,student,,789,263.0,False,car_passenger,False,no_car
r_0631,عيسى,Issa,17,m,sweileh,32.00868,35.8701,none,False,True,high,False,,,middle,False,,,jubeiha,Jubeiha,الجبيهة,University of Jordan area,منطقة الجامعة الأردنية,osm_street,west,jordanian,4,False,,student,,1435,358.9,False,car_passenger,True,no_car
r_0632,زيد,Zaid,60,m,downtown,31.94139,35.90108,none,False,True,low,False,,,middle,False,,,bader,Bader,بدر,Jabal Nazzal,جبل النزال,osm_street,east,jordanian,7,False,,retired,,1791,255.8,False,car_passenger,False,no_car|offline
r_0633,محمد,Mohammad,37,m,khalda,31.9559,35.85423,none,False,True,medium,True,08:00,15:00,middle,False,,,wadi_al_seer,Wadi Al-Seer,وادي السير,Al-Rawabi,الروابي,osm_street,west,other,6,False,,employed,False,2492,415.3,False,service_taxi,False,no_car|worker
r_0634,محمد,Mohammad,25,m,wehdat,31.92054,35.91617,none,False,True,medium,True,08:00,15:00,low,True,أختي,my sister,ras_al_ein,Ras Al-Ein,رأس العين,Al-Zuhour,الزهور,osm_street,east,egyptian,8,False,,employed,True,825,103.1,False,walk,False,low_income|no_car|worker
r_0635,خديجة,Khadija,17,f,tabarbour,32.01238,35.96283,none,False,True,medium,False,,,low,True,أبوي,my father,tariq,Tariq,طارق,Abu Ulya,أبو عليا,osm_street,east,jordanian,7,False,,student,,1376,196.6,False,car_passenger,False,low_income|no_car
r_0636,سارة,Sara,57,f,abdali,31.94107,35.8784,none,True,True,high,False,,,middle,True,أخوي,my brother,zahran,Zahran,زهران,Abdoun,عبدون,osm_street,west,jordanian,8,False,,homemaker,,3103,387.9,False,car_driver,False,
r_0637,زيد,Zaid,16,m,tabarbour,31.99313,35.95975,none,False,True,medium,True,08:00,15:00,low,True,أخوي,my brother,tariq,Tariq,طارق,Ain Ghazal,عين غزال,osm_street,east,jordanian,7,False,,employed,False,851,121.5,False,service_taxi,False,low_income|no_car|worker
r_0638,إبراهيم,Ibrahim,56,m,jabal_al_hussein,31.98727,35.95458,none,True,True,medium,False,,,middle,False,,,basman,Basman,بسمان,Al-Qusour,القصور,osm_street,east,syrian,5,False,,out_of_labour_force,,2010,402.1,False,car_driver,False,
r_0639,هدى,Huda,24,f,marka,31.97718,35.97638,none,False,True,medium,False,,,low,True,أمي,my mother,marka,Marka,ماركا,Marka Al-Janoubiya,ماركا الجنوبية,osm_street,east,jordanian,8,False,,student,,796,99.6,True,taxi,False,low_income|no_car|student
r_0640,آمنة,Amina,38,f,wehdat,31.87383,35.93283,none,False,True,high,False,,,middle,True,أخوي,my brother,kherbet_al_souk,Kherbet Al-Souk,خريبة السوق وجاوا واليادودة,Khraibet Al-Souk,خريبة السوق,osm_street,east,jordanian,4,False,,homemaker,,1275,318.6,False,car_passenger,True,no_car
r_0641,تهاني,Tahani,16,f,wehdat,31.86866,35.92163,none,False,True,high,False,,,middle,True,أبوي,my father,kherbet_al_souk,Kherbet Al-Souk,خريبة السوق وجاوا واليادودة,Khraibet Al-Souk,خريبة السوق,osm_street,east,syrian,3,False,,student,,848,282.6,False,service_taxi,False,no_car
r_0642,سعاد,Suad,47,f,wehdat,31.88387,35.88177,limited,True,True,high,False,,,middle,False,,,al_mgablein,Al-Mgablein,المقابلين,Al-Bunayyat Al-Janoubiya,البنيات الجنوبية,osm_street,east,syrian,3,True,seeing|walking|hearing,homemaker,,708,236.1,False,car_driver,True,disabled
r_0643,علي,Ali,32,m,wehdat,31.91161,35.92251,none,False,True,medium,True,07:00,16:00,low,True,زوجتي,my wife,ras_al_ein,Ras Al-Ein,رأس العين,Jabal Al-Rawda,جبل الروضة,osm_street,east,egyptian,6,False,,employed,True,747,124.5,False,walk,False,low_income|no_car|worker
r_0644,ماهر,Maher,62,m,khalda,31.96319,35.85243,none,False,True,medium,True,07:00,16:00,high,False,,,wadi_al_seer,Wadi Al-Seer,وادي السير,Al-Rawabi,الروابي,osm_street,west,palestinian,3,False,,employed,True,2003,667.7,False,taxi,False,no_car|worker
r_0645,جمال,Jamal,21,m,sweileh,32.00369,35.8297,none,False,True,medium,True,09:00,17:00,middle,True,أمي,my mother,sweileh,Sweileh,صويلح,Al-Kamaliyeh,الكمالية,osm_street,west,egyptian,5,False,,employed,True,1599,319.8,False,car_passenger,False,no_car|worker
r_0646,يوسف,Yousef,18,m,downtown,31.92964,35.90999,none,False,True,high,True,08:00,15:00,middle,True,أخوي,my brother,bader,Bader,بدر,Al-Qwesmeh road side,طريق المطار - بدر,osm_street,east,jordanian,7,False,,employed,True,2843,406.1,False,service_taxi,True,no_car|worker
r_0647,فادي,Fadi,41,m,sweileh,32.03117,35.86369,none,True,True,low,True,10:00,18:00,middle,True,جاري,my neighbour,jubeiha,Jubeiha,الجبيهة,Al-Jubeiha,الجبيهة,osm_street,west,iraqi,6,False,,employed,True,1900,316.6,False,car_driver,False,offline|worker
r_0648,وفاء,Wafaa,20,f,downtown,31.93362,35.89062,none,False,False,low,False,,,low,True,أبوي,my father,bader,Bader,بدر,Al-Dustour,الدستور,osm_street,east,jordanian,7,True,seeing,student,,1173,167.5,False,car_passenger,False,low_income|no_car|offline|student
r_0649,دانا,Dana,63,f,jabal_al_hussein,31.95799,35.93735,none,False,True,high,False,,,middle,False,,,basman,Basman,بسمان,Raghadan,رغدان,osm_street,east,syrian,7,False,,retired,,2619,374.1,False,car_passenger,False,no_car
r_0650,طارق,Tareq,24,m,downtown,31.93364,35.91201,none,False,True,high,True,07:00,16:00,high,True,أبوي,my father,bader,Bader,بدر,Al-Qwesmeh road side,طريق المطار - بدر,osm_street,east,other,4,False,,employed,False,4093,1023.3,False,car_passenger,True,no_car|worker
r_0651,رامي,Rami,33,m,jabal_al_hussein,31.96275,35.9749,none,True,True,medium,False,,,low,True,زوجتي,my wife,basman,Basman,بسمان,Al-Mahatta,المحطة,osm_street,east,syrian,8,False,,out_of_labour_force,,1163,145.4,False,car_driver,False,low_income
r_0652,رهف,Rahaf,30,f,tabarbour,32.00684,35.93881,none,False,True,high,False,,,low,False,,,tariq,Tariq,طارق,Tabarbour,طبربور,osm_street,east,jordanian,4,False,,homemaker,,636,159.0,False,bus_brt,True,low_income|no_car
r_0653,سارة,Sara,21,f,wehdat,31.90251,35.96177,none,False,True,medium,False,,,low,False,,,qweismeh,Qweismeh,القويسمة,Abu Alanda,أبو علندا,osm_street,east,jordanian,7,False,,student,,923,131.8,False,bus_brt,True,low_income|no_car|student
r_0654,مصطفى,Mustafa,31,m,jabal_al_hussein,31.96186,35.93341,none,True,True,medium,True,10:00,18:00,middle,True,أخوي,my brother,basman,Basman,بسمان,Raghadan,رغدان,osm_street,east,jordanian,5,False,,employed,False,1674,334.8,False,car_driver,False,worker
r_0655,حسن,Hasan,43,m,abdali,31.97161,35.89085,none,False,True,high,True,07:00,16:00,high,False,,,al_abdali,Al-Abdali,العبدلي,Al-Abdaliyeh,العبدلية,osm_street,west,egyptian,1,False,,employed,True,1571,1570.9,False,bus_brt,False,no_car|worker
r_0656,أنس,Anas,21,m,downtown,31.92718,35.90266,none,True,True,medium,True,07:00,16:00,middle,True,أخوي,my brother,bader,Bader,بدر,Al-Hilal,الهلال,osm_street,east,jordanian,6,False,,employed,True,2995,499.2,False,car_driver,False,worker
r_0657,حسن,Hasan,68,m,wehdat,31.86703,35.91413,limited,False,False,low,False,,,middle,True,ابني,my son,kherbet_al_souk,Kherbet Al-Souk,خريبة السوق وجاوا واليادودة,Al-Yadudeh,اليادودة,osm_street,east,jordanian,4,True,seeing|walking,retired,,1442,360.5,False,car_passenger,False,elderly|disabled|no_car|offline
r_0658,مصطفى,Mustafa,19,m,khalda,31.97375,35.84058,none,True,True,high,False,,,high,True,أبوي,my father,tla_al_ali,Tla' Al-Ali,تلاع العلي وأم السماق وخلدا,Umm Al-Summaq,أم السماق,osm_street,west,palestinian,5,False,,unemployed,,3571,714.2,False,car_driver,False,student
r_0659,محمود,Mahmoud,31,m,jabal_al_hussein,31.97711,35.93462,none,True,True,high,True,09:00,17:00,middle,False,,,basman,Basman,بسمان,Jabal Al-Nuzha,جبل النزهة,osm_street,east,jordanian,10,False,,employed,False,4289,428.9,False,car_driver,True,worker
r_0660,سميرة,Samira,24,f,wehdat,31.94403,35.9302,none,False,True,medium,False,,,low,True,أخوي,my brother,al_yarmouk,Al-Yarmouk,اليرموك,Jabal Al-Ashrafiyeh,جبل الأشرفية,osm_street,east,jordanian,8,False,,student,,560,70.0,True,service_taxi,True,low_income|no_car|student
r_0661,لينا,Lina,58,f,khalda,31.94889,35.82721,none,False,True,high,False,,,high,True,جاري,my neighbour,wadi_al_seer,Wadi Al-Seer,وادي السير,Wadi Al-Seer,وادي السير,osm_street,west,jordanian,2,False,,homemaker,,3129,1564.3,False,car_passenger,False,no_car
r_0662,فاطمة,Fatima,32,f,khalda,31.98117,35.88196,none,True,False,low,False,,,middle,False,,,tla_al_ali,Tla' Al-Ali,تلاع العلي وأم السماق وخلدا,Hay Al-Salam,حي السلام,osm_street,west,jordanian,8,False,,homemaker,,3684,460.4,False,car_driver,False,offline
r_0663,دانا,Dana,62,f,sweileh,32.00723,35.82293,none,True,True,high,False,,,high,False,,,sweileh,Sweileh,صويلح,Al-Kamaliyeh,الكمالية,osm_street,west,jordanian,5,False,,retired,,7110,1421.9,False,car_driver,True,
r_0664,فادي,Fadi,23,m,sweileh,32.02388,35.84152,none,False,True,medium,False,,,low,True,أبوي,my father,sweileh,Sweileh,صويلح,Sweileh,صويلح,osm_street,west,palestinian,6,False,,student,,336,56.0,True,walk,False,low_income|no_car|student
r_0665,فادي,Fadi,55,m,wehdat,31.93875,35.9117,limited,True,True,medium,True,10:00,18:00,high,False,,,ras_al_ein,Ras Al-Ein,رأس العين,Ras Al-Ein,رأس العين,osm_street,east,jordanian,4,True,seeing|walking|self_care,employed,False,11482,2870.4,False,car_driver,True,disabled|worker
r_0666,زينب,Zainab,19,f,sweileh,32.03118,35.85785,none,False,True,high,False,,,middle,True,أمي,my mother,jubeiha,Jubeiha,الجبيهة,Al-Jubeiha,الجبيهة,osm_street,west,jordanian,6,False,,student,,2730,455.0,False,car_passenger,True,no_car|student
r_0667,طارق,Tareq,54,m,abdali,31.94411,35.8635,none,True,True,medium,True,08:00,15:00,high,False,,,zahran,Zahran,زهران,Deir Ghbar,دير غبار,osm_street,west,jordanian,2,False,,employed,False,2175,1087.7,False,car_driver,True,worker
r_0668,جميلة,Jamila,28,f,marka,31.96269,35.97614,none,False,True,medium,False,,,low,False,,,marka,Marka,ماركا,Marka Al-Janoubiya,ماركا الجنوبية,osm_street,east,jordanian,7,True,seeing,unemployed,,680,97.1,True,car_passenger,True,low_income|no_car
r_0669,إبراهيم,Ibrahim,24,m,downtown,31.95532,35.9311,none,False,True,medium,False,,,middle,True,أمي,my mother,al_madinah,Al-Madinah,المدينة,Al-Balad (Downtown),البلد,osm_street,east,jordanian,6,True,seeing,student,,1291,215.2,False,service_taxi,False,no_car|student
r_0670,سعاد,Suad,35,f,tabarbour,32.00532,35.93935,none,True,True,high,False,,,high,True,زوجي,my husband,tariq,Tariq,طارق,Tabarbour,طبربور,osm_street,east,jordanian,2,False,,homemaker,,2060,1030.2,False,car_driver,True,
r_0671,وفاء,Wafaa,23,f,wehdat,31.92064,35.91345,none,False,True,high,False,,,middle,True,أمي,my mother,ras_al_ein,Ras Al-Ein,رأس العين,Al-Zuhour,الزهور,osm_street,east,jordanian,5,False,,student,,2698,539.5,False,service_taxi,False,no_car|student
r_0672,رهف,Rahaf,39,f,downtown,31.93672,35.89152,none,True,True,low,False,,,high,True,جاري,my neighbour,bader,Bader,بدر,Al-Dustour,الدستور,osm_street,east,jordanian,2,False,,homemaker,,2802,1401.1,False,car_driver,False,offline
r_0673,ليث,Laith,24,m,marka,31.94274,35.95616,none,True,True,medium,True,08:00,16:00,middle,True,أبوي,my father,al_nasr,Al-Nasr,النصر,Al-Manara,المنارة,osm_street,east,egyptian,6,False,,employed,True,2438,406.3,False,car_driver,False,worker
r_0674,نور,Noor,42,f,wehdat,31.93263,35.93479,none,False,True,high,False,,,middle,False,,,al_yarmouk,Al-Yarmouk,اليرموك,Al-Wehdat,الوحدات,osm_street,east,jordanian,5,True,seeing|cognition,homemaker,,1164,232.8,False,taxi,False,no_car
r_0675,بلال,Bilal,63,m,marka,31.94904,35.94353,none,True,True,high,False,,,middle,True,بنتي,my daughter,al_nasr,Al-Nasr,النصر,Al-Hussein Al-Sharqi,الحسين الشرقي,osm_street,east,jordanian,6,False,,retired,,3213,535.4,False,car_driver,True,
r_0676,رهف,Rahaf,31,f,wehdat,31.88925,35.89574,none,False,True,medium,True,10:00,18:00,middle,True,أخوي,my brother,al_mgablein,Al-Mgablein,المقابلين,Umm Quseir,أم قصير,osm_street,east,jordanian,9,False,,employed,False,2393,265.8,False,car_passenger,False,no_car|worker
r_0677,بلال,Bilal,48,m,wehdat,31.94614,35.92042,none,True,True,low,False,,,middle,False,,,ras_al_ein,Ras Al-Ein,رأس العين,Ras Al-Ein,رأس العين,osm_street,east,jordanian,5,False,,out_of_labour_force,,2307,461.4,False,car_driver,False,offline
r_0678,فاطمة,Fatima,40,f,marka,31.97454,35.98689,none,False,True,low,False,,,low,True,أختي,my sister,marka,Marka,ماركا,Al-Rasha,الرشا,osm_street,east,jordanian,5,False,,homemaker,,710,141.9,False,car_passenger,False,low_income|no_car|offline
r_0679,أنس,Anas,25,m,tabarbour,32.00646,35.96038,none,False,True,medium,True,07:00,16:00,low,False,,,tariq,Tariq,طارق,Abu Ulya,أبو عليا,osm_street,east,egyptian,6,False,,employed,True,990,165.0,False,car_passenger,False,low_income|no_car|worker
r_0680,أنس,Anas,40,m,wehdat,31.94296,35.92491,none,False,True,medium,True,07:00,16:00,low,True,أختي,my sister,al_yarmouk,Al-Yarmouk,اليرموك,Jabal Al-Ashrafiyeh,جبل الأشرفية,osm_street,east,syrian,8,False,,employed,True,1137,142.1,False,taxi,False,low_income|no_car|worker
r_0681,ليث,Laith,52,m,wehdat,31.92523,35.96148,none,True,True,low,True,07:00,16:00,middle,False,,,qweismeh,Qweismeh,القويسمة,Al-Qweismeh,القويسمة,osm_street,east,jordanian,5,False,,employed,True,1161,232.1,False,car_driver,False,offline|worker
r_0682,خالد,Khaled,18,m,sweileh,32.04789,35.8824,none,True,True,medium,False,,,high,True,أبوي,my father,abu_nseir,Abu Nseir,أبو نصير,Abu Nseir West,أبو نصير الغربي,osm_street,west,jordanian,5,False,,student,,3307,661.5,False,car_driver,False,student
r_0683,محمد,Mohammad,20,m,jabal_al_hussein,31.96026,35.97361,none,False,True,medium,False,,,low,False,,,basman,Basman,بسمان,Al-Mahatta,المحطة,osm_street,east,other,6,False,,student,,1086,181.0,False,walk,True,low_income|no_car|student
r_0684,ريم,Reem,27,f,downtown,31.92953,35.89606,none,False,True,low,True,08:00,15:00,low,False,,,bader,Bader,بدر,Al-Dustour,الدستور,osm_street,east,other,8,False,,employed,False,1454,181.7,False,car_passenger,False,low_income|no_car|offline|worker
r_0685,ماهر,Maher,21,m,sweileh,32.00466,35.82575,none,False,True,medium,False,,,low,True,أبوي,my father,sweileh,Sweileh,صويلح,Al-Kamaliyeh,الكمالية,osm_street,west,jordanian,8,False,,student,,620,77.5,True,car_passenger,False,low_income|no_car|student
r_0686,سارة,Sara,72,f,wehdat,31.94292,35.93563,none,False,True,low,False,,,middle,False,,,al_yarmouk,Al-Yarmouk,اليرموك,Al-Hilal (east),الهلال,osm_street,east,syrian,2,True,seeing|hearing,retired,,453,226.5,False,car_passenger,False,elderly|no_car|offline
r_0687,سلمى,Salma,41,f,downtown,31.94266,35.90755,none,True,True,medium,False,,,middle,True,أختي,my sister,bader,Bader,بدر,Jabal Nazzal,جبل النزال,osm_street,east,jordanian,5,False,,homemaker,,1177,235.5,False,car_driver,False,
r_0688,نبيل,Nabil,54,m,tabarbour,32.00212,35.91435,limited,False,True,low,False,,,low,False,,,tariq,Tariq,طارق,Qatna,قطنة,osm_street,east,palestinian,10,True,seeing|walking,out_of_labour_force,,1385,138.5,False,car_passenger,False,disabled|low_income|no_car|offline
r_0689,رامي,Rami,38,m,jabal_al_hussein,31.9648,35.95022,limited,False,True,high,True,07:00,16:00,middle,True,أختي,my sister,basman,Basman,بسمان,Al-Hashmi Al-Shamali,الهاشمي الشمالي,osm_street,east,egyptian,5,True,seeing|walking,employed,False,2125,425.1,False,car_passenger,True,disabled|no_car|worker
r_0690,إبراهيم,Ibrahim,25,m,wehdat,31.89485,35.90444,none,True,True,high,False,,,low,True,زوجتي,my wife,al_mgablein,Al-Mgablein,المقابلين,Umm Quseir,أم قصير,osm_street,east,jordanian,6,False,,out_of_labour_force,,834,139.1,False,car_driver,True,low_income
r_0691,أنس,Anas,20,m,wehdat,31.85935,35.91288,none,True,True,high,True,08:00,16:00,high,False,,,kherbet_al_souk,Kherbet Al-Souk,خريبة السوق وجاوا واليادودة,Al-Yadudeh,اليادودة,osm_street,east,jordanian,3,False,,employed,False,3699,1232.9,False,car_driver,True,worker
r_0692,ليث,Laith,23,m,khalda,31.96431,35.83678,none,True,True,high,False,,,middle,True,أمي,my mother,wadi_al_seer,Wadi Al-Seer,وادي السير,Al-Bayader,البيادر,osm_street,west,jordanian,7,False,,student,,1903,271.9,False,car_driver,False,student
r_0693,عبير,Abeer,66,f,wehdat,31.8909,36.07423,wheelchair,False,False,low,False,,,middle,True,ابني,my son,uhod,Uhod,أحد,Al-Manakher,المناخر,osm_street,east,jordanian,6,True,seeing|walking|cognition|hearing,retired,,2605,434.1,False,car_passenger,False,elderly|disabled|no_car|offline
r_0694,خالد,Khaled,36,m,jabal_al_hussein,31.97769,35.93505,none,False,True,high,False,,,low,True,زوجتي,my wife,basman,Basman,بسمان,Jabal Al-Nuzha,جبل النزهة,osm_street,east,jordanian,4,True,communication,out_of_labour_force,,647,161.7,False,walk,True,low_income|no_car
r_0695,محمد,Mohammad,68,m,wehdat,31.90664,35.96464,none,True,True,low,False,,,middle,True,ابني,my son,qweismeh,Qweismeh,القويسمة,Jabal Al-Hadid,جبل الحديد,osm_street,east,jordanian,6,False,,retired,,1942,323.7,False,car_driver,False,elderly|offline
r_0696,سامي,Sami,37,m,sweileh,32.02488,35.83448,none,True,True,low,True,09:00,17:00,middle,True,أخوي,my brother,sweileh,Sweileh,صويلح,Sweileh West,صويلح الغربي,osm_street,west,jordanian,4,False,,employed,True,2330,582.5,False,car_driver,False,offline|worker
r_0697,علي,Ali,24,m,khalda,31.94399,35.81991,none,True,True,medium,False,,,high,True,أمي,my mother,wadi_al_seer,Wadi Al-Seer,وادي السير,Wadi Al-Seer,وادي السير,osm_street,west,jordanian,5,False,,unemployed,,9818,1963.6,False,car_driver,False,student
r_0698,رامي,Rami,70,m,wehdat,31.93851,35.91537,none,False,False,low,False,,,low,True,ابني,my son,ras_al_ein,Ras Al-Ein,رأس العين,Ras Al-Ein,رأس العين,osm_street,east,palestinian,6,False,,retired,,474,79.0,True,car_passenger,False,elderly|low_income|no_car|offline
r_0699,دانا,Dana,30,f,wehdat,31.90016,35.96987,none,True,True,medium,False,,,middle,False,,,qweismeh,Qweismeh,القويسمة,Abu Alanda,أبو علندا,osm_street,east,jordanian,6,False,,homemaker,,1473,245.6,False,car_driver,False,
r_0700,علي,Ali,57,m,abdali,31.96754,35.90639,none,False,True,medium,False,,,middle,True,أختي,my sister,al_abdali,Al-Abdali,العبدلي,Jabal Al-Hussein,جبل الحسين,osm_street,west,jordanian,7,False,,out_of_labour_force,,1438,205.4,False,walk,True,no_car
r_0701,وفاء,Wafaa,50,f,abdali,31.95543,35.9237,none,False,True,high,False,,,middle,False,,,al_abdali,Al-Abdali,العبدلي,Jabal Al-Weibdeh,جبل اللويبدة,osm_street,west,iraqi,6,False,,homemaker,,1630,271.6,False,car_passenger,True,no_car
r_0702,أحمد,Ahmad,16,m,downtown,31.94518,35.93837,none,False,True,medium,False,,,middle,True,أبوي,my father,al_madinah,Al-Madinah,المدينة,Jabal Al-Qal'a,جبل القلعة,osm_street,east,jordanian,7,False,,unemployed,,1625,232.2,False,car_passenger,True,no_car
r_0703,خديجة,Khadija,42,f,wehdat,31.92235,35.95841,none,True,True,high,True,08:00,15:00,high,True,أختي,my sister,qweismeh,Qweismeh,القويسمة,Al-Qweismeh,القويسمة,osm_street,east,jordanian,4,False,,employed,False,3339,834.7,False,car_driver,True,worker
r_0704,عبير,Abeer,21,f,abdali,31.95004,35.86454,none,False,True,medium,False,,,high,False,,,zahran,Zahran,زهران,Deir Ghbar,دير غبار,osm_street,west,jordanian,6,False,,student,,12490,2081.7,False,car_passenger,False,no_car|student
r_0705,سليمان,Suleiman,46,m,jabal_al_hussein,31.96995,35.95589,none,False,True,medium,False,,,middle,False,,,basman,Basman,بسمان,Al-Hashmi Al-Shamali,الهاشمي الشمالي,osm_street,east,jordanian,8,False,,out_of_labour_force,,1989,248.7,False,car_passenger,True,no_car
r_0706,حسن,Hasan,18,m,wehdat,31.894,35.94364,none,False,True,medium,False,,,low,False,,,qweismeh,Qweismeh,القويسمة,Al-Raqim,الرقيم,osm_street,east,egyptian,8,False,,unemployed,,993,124.1,False,car_passenger,False,low_income|no_car|student
r_0707,تهاني,Tahani,17,f,sweileh,32.02375,35.86613,none,False,True,medium,False,,,high,False,,,jubeiha,Jubeiha,الجبيهة,Al-Jubeiha,الجبيهة,osm_street,west,jordanian,4,False,,student,,4481,1120.2,False,car_passenger,True,no_car
r_0708,جميلة,Jamila,71,f,marka,31.97765,35.98727,none,False,True,high,False,,,low,False,,,marka,Marka,ماركا,Marka (airport side),ماركا - المطار,osm_street,east,jordanian,6,False,,retired,,717,119.5,False,taxi,False,elderly|low_income|no_car
r_0709,طارق,Tareq,44,m,marka,31.94352,35.9677,none,False,True,medium,True,08:00,15:00,low,True,أختي,my sister,al_nasr,Al-Nasr,النصر,Al-Manara,المنارة,osm_street,east,egyptian,6,False,,employed,True,681,113.5,False,car_passenger,False,low_income|no_car|worker
r_0710,محمود,Mahmoud,39,m,wehdat,31.90319,35.96577,none,True,True,medium,True,08:00,15:00,middle,True,زوجتي,my wife,qweismeh,Qweismeh,القويسمة,Jabal Al-Hadid,جبل الحديد,osm_street,east,jordanian,6,False,,employed,True,2823,470.4,False,car_driver,False,worker
r_0711,جمال,Jamal,40,m,sweileh,32.00034,35.82478,none,False,True,medium,True,08:00,16:00,middle,True,أخوي,my brother,sweileh,Sweileh,صويلح,Al-Kamaliyeh,الكمالية,osm_street,west,palestinian,6,False,,employed,True,2222,370.3,False,bus_brt,False,no_car|worker
r_0712,عمر,Omar,27,m,jabal_al_hussein,31.97271,35.96888,none,False,True,high,True,08:00,15:00,middle,False,,,basman,Basman,بسمان,Al-Mahatta,المحطة,osm_street,east,jordanian,6,False,,employed,True,1799,299.8,False,car_passenger,True,no_car|worker
r_0713,أنس,Anas,23,m,wehdat,31.85878,35.91235,none,True,True,medium,False,,,low,True,أمي,my mother,kherbet_al_souk,Kherbet Al-Souk,خريبة السوق وجاوا واليادودة,Al-Yadudeh,اليادودة,osm_street,east,jordanian,6,False,,unemployed,,834,139.0,False,car_driver,True,low_income|student
r_0714,ماهر,Maher,29,m,tabarbour,31.99985,35.93867,none,True,True,high,False,,,low,False,,,tariq,Tariq,طارق,Tabarbour,طبربور,osm_street,east,jordanian,6,False,,unemployed,,560,93.4,True,car_driver,False,low_income
r_0715,ليلى,Layla,28,f,sweileh,32.01886,35.88466,none,False,True,medium,False,,,middle,False,,,jubeiha,Jubeiha,الجبيهة,Jubeiha East,الجبيهة الشرقية,osm_street,west,jordanian,8,False,,homemaker,,2967,370.9,False,car_passenger,False,no_car
r_0716,وفاء,Wafaa,28,f,downtown,31.93725,35.90909,none,False,True,high,False,,,low,False,,,bader,Bader,بدر,Jabal Nazzal,جبل النزال,osm_street,east,syrian,5,False,,homemaker,,457,91.5,True,car_passenger,False,low_income|no_car
r_0717,فاطمة,Fatima,21,f,downtown,31.92782,35.91187,none,False,True,high,False,,,low,True,أبوي,my father,bader,Bader,بدر,Al-Qwesmeh road side,طريق المطار - بدر,osm_street,east,jordanian,7,False,,student,,713,101.8,False,taxi,False,low_income|no_car|student
r_0718,رامي,Rami,50,m,jabal_al_hussein,31.97775,35.94261,none,True,True,low,True,08:00,16:00,middle,True,زوجتي,my wife,basman,Basman,بسمان,Jabal Al-Nuzha,جبل النزهة,osm_street,east,jordanian,6,False,,employed,False,3698,616.4,False,car_driver,False,offline|worker
r_0719,علي,Ali,59,m,abdali,31.96136,35.87157,limited,False,True,high,True,07:00,16:00,middle,True,أخوي,my brother,zahran,Zahran,زهران,Umm Uthaina,أم أذينة,osm_street,west,syrian,3,True,seeing|walking|hearing,employed,True,1688,562.8,False,service_taxi,False,disabled|no_car|worker
r_0720,نور,Noor,49,f,wehdat,31.94703,35.91195,limited,False,True,medium,True,07:00,16:00,high,True,أخوي,my brother,ras_al_ein,Ras Al-Ein,رأس العين,Ras Al-Ein,رأس العين,osm_street,east,jordanian,3,True,seeing|walking,employed,True,2870,956.8,False,car_passenger,False,disabled|no_car|worker
r_0721,أنس,Anas,35,m,jabal_al_hussein,31.96029,35.96088,none,True,True,low,True,08:00,15:00,low,True,زوجتي,my wife,basman,Basman,بسمان,Al-Hashmi Al-Janoubi,الهاشمي الجنوبي,osm_street,east,jordanian,10,False,,employed,False,1766,176.6,False,car_driver,False,low_income|offline|worker
r_0722,جمال,Jamal,16,m,downtown,31.92902,35.91237,none,False,True,medium,False,,,middle,True,أبوي,my father,bader,Bader,بدر,Al-Hilal,الهلال,osm_street,east,syrian,6,False,,student,,2406,401.0,False,taxi,False,no_car
r_0723,محمود,Mahmoud,40,m,khalda,31.96161,35.8441,none,True,True,medium,True,08:00,16:00,high,True,أختي,my sister,wadi_al_seer,Wadi Al-Seer,وادي السير,Al-Bayader,البيادر,osm_street,west,jordanian,4,False,,employed,False,6671,1667.8,False,car_driver,False,worker
r_0724,خديجة,Khadija,21,f,khalda,31.96389,35.85488,none,True,True,medium,False,,,high,True,أمي,my mother,wadi_al_seer,Wadi Al-Seer,وادي السير,Al-Rawabi,الروابي,osm_street,west,jordanian,6,False,,student,,8968,1494.7,False,car_driver,True,student
r_0725,سلمى,Salma,43,f,sweileh,32.05171,35.89088,none,True,True,medium,False,,,middle,False,,,abu_nseir,Abu Nseir,أبو نصير,Abu Nseir West,أبو نصير الغربي,osm_street,west,jordanian,5,False,,homemaker,,1663,332.7,False,car_driver,True,
r_0726,سميرة,Samira,26,f,wehdat,31.9039,36.0234,none,True,True,high,True,09:00,17:00,high,True,أخوي,my brother,uhod,Uhod,أحد,Al-Kashafiya,الكشافية,osm_street,east,jordanian,6,False,,employed,False,4890,815.0,False,car_driver,True,worker
r_0727,محمود,Mahmoud,59,m,sweileh,32.05214,35.89666,none,True,True,medium,False,,,middle,False,,,shafa_badran,Shafa Badran,شفا بدران,Shafa Badran North,شفا بدران الشمالية,osm_street,west,jordanian,8,False,,out_of_labour_force,,2367,295.9,False,car_driver,False,
r_0728,خالد,Khaled,34,m,downtown,31.93028,35.90662,none,True,True,medium,True,07:00,16:00,low,True,زوجتي,my wife,bader,Bader,بدر,Al-Qwesmeh road side,طريق المطار - بدر,osm_street,east,jordanian,7,False,,employed,True,977,139.5,False,car_driver,False,low_income|worker
r_0729,فادي,Fadi,32,m,abdali,31.96901,35.86127,none,True,True,medium,True,08:00,15:00,high,False,,,zahran,Zahran,زهران,Umm Uthaina,أم أذينة,osm_street,west,jordanian,7,False,,employed,False,4765,680.7,False,car_driver,False,worker
r_0730,سعاد,Suad,73,f,sweileh,32.05703,35.8985,limited,False,True,high,False,,,middle,True,بنتي,my daughter,shafa_badran,Shafa Badran,شفا بدران,Shafa Badran North,شفا بدران الشمالية,osm_street,west,jordanian,7,True,seeing|walking,retired,,3231,461.5,False,taxi,True,elderly|disabled|no_car
r_0731,سعاد,Suad,59,f,wehdat,31.93325,35.95697,none,False,True,medium,False,,,middle,True,جاري,my neighbour,al_yarmouk,Al-Yarmouk,اليرموك,Hay Al-Awda,حي العودة,osm_street,east,jordanian,6,False,,homemaker,,1746,291.1,False,walk,False,no_car
r_0732,دانا,Dana,48,f,downtown,31.9282,35.91064,none,False,True,high,False,,,low,True,زوجي,my husband,bader,Bader,بدر,Al-Hilal,الهلال,osm_street,east,palestinian,6,False,,unemployed,,964,160.7,False,service_taxi,False,low_income|no_car
r_0733,هالة,Hala,52,f,marka,31.96386,35.98433,none,False,True,medium,True,07:00,16:00,low,False,,,marka,Marka,ماركا,Marka Al-Janoubiya,ماركا الجنوبية,osm_street,east,syrian,9,False,,employed,False,1683,187.0,False,taxi,False,low_income|no_car|worker
r_0734,عيسى,Issa,41,m,sweileh,32.04244,35.89063,none,True,True,high,False,,,high,False,,,abu_nseir,Abu Nseir,أبو نصير,Abu Nseir Housing,إسكان أبو نصير,osm_street,west,jordanian,3,False,,out_of_labour_force,,10066,3355.2,False,car_driver,True,
r_0735,خديجة,Khadija,34,f,wehdat,31.94935,35.93651,none,False,True,high,False,,,middle,False,,,ras_al_ein,Ras Al-Ein,رأس العين,Al-Muhajireen,المهاجرين,osm_street,east,jordanian,5,False,,homemaker,,1715,342.9,False,taxi,True,no_car
r_0736,عيسى,Issa,40,m,wehdat,31.85684,35.94462,none,False,True,medium,True,07:00,16:00,middle,False,,,kherbet_al_souk,Kherbet Al-Souk,خريبة السوق وجاوا واليادودة,Jawa,جاوا,osm_street,east,egyptian,6,False,,employed,True,2018,336.4,False,bus_brt,False,no_car|worker
r_0737,ليث,Laith,18,m,abdali,31.96261,35.91545,none,False,True,medium,False,,,high,True,أبوي,my father,al_abdali,Al-Abdali,العبدلي,Al-Abdali,العبدلي,osm_street,west,egyptian,3,False,,student,,2019,673.0,False,bus_brt,False,no_car|student
r_0738,نبيل,Nabil,22,m,marka,31.94867,35.95085,none,False,True,medium,True,10:00,18:00,high,True,أبوي,my father,al_nasr,Al-Nasr,النصر,Al-Hussein Al-Sharqi,الحسين الشرقي,osm_street,east,egyptian,3,False,,employed,False,2210,736.6,False,car_passenger,True,no_car|worker
r_0739,سارة,Sara,22,f,tabarbour,31.993,35.93596,limited,False,True,medium,False,,,low,False,,,tariq,Tariq,طارق,Tareq,طارق,osm_street,east,jordanian,7,True,seeing|walking|communication,unemployed,,704,100.5,False,service_taxi,True,disabled|low_income|no_car|student
r_0740,عبدالله,Abdullah,18,m,marka,31.98321,35.9885,none,False,True,high,True,08:00,16:00,middle,False,,,marka,Marka,ماركا,Marka (airport side),ماركا - المطار,osm_street,east,egyptian,5,False,,employed,True,1852,370.5,False,car_passenger,False,no_car|worker
r_0741,رنا,Rana,54,f,jabal_al_hussein,31.9716,35.92693,none,False,True,low,True,08:00,16:00,middle,True,أختي,my sister,basman,Basman,بسمان,Jabal Al-Nuzha,جبل النزهة,osm_street,east,other,4,False,,employed,True,1209,302.2,False,car_passenger,False,no_car|offline|worker
r_0742,وفاء,Wafaa,25,f,khalda,31.95562,35.86324,none,False,True,high,False,,,middle,False,,,wadi_al_seer,Wadi Al-Seer,وادي السير,Al-Sweifieh,الصويفية,osm_street,west,palestinian,4,False,,homemaker,,2265,566.3,False,bus_brt,True,no_car
r_0743,محمود,Mahmoud,81,m,khalda,31.99562,35.83261,none,False,True,low,False,,,low,False,,,tla_al_ali,Tla' Al-Ali,تلاع العلي وأم السماق وخلدا,Khalda,خلدا,osm_street,west,syrian,9,False,,retired,,772,85.7,True,car_passenger,False,elderly|low_income|no_car|offline
r_0744,بلال,Bilal,37,m,downtown,31.93512,35.91,none,True,True,medium,True,08:00,15:00,high,False,,,bader,Bader,بدر,Al-Hilal,الهلال,osm_street,east,egyptian,2,False,,employed,True,2550,1274.9,False,car_driver,False,worker
r_0745,علي,Ali,52,m,wehdat,31.88809,35.93035,none,True,True,medium,False,,,middle,True,أخوي,my brother,qweismeh,Qweismeh,القويسمة,Al-Jweideh,الجويدة,osm_street,east,jordanian,7,False,,out_of_labour_force,,3227,461.0,False,car_driver,False,
r_0746,ليلى,Layla,46,f,wehdat,31.89578,35.93751,none,False,True,medium,False,,,low,True,زوجي,my husband,qweismeh,Qweismeh,القويسمة,Al-Raqim,الرقيم,osm_street,east,syrian,6,False,,homemaker,,314,52.3,True,bus_brt,False,low_income|no_car
r_0747,عمر,Omar,17,m,tabarbour,32.00112,35.93925,none,False,True,medium,False,,,middle,True,أمي,my mother,tariq,Tariq,طارق,Tabarbour,طبربور,osm_street,east,jordanian,6,False,,student,,2372,395.4,False,service_taxi,True,no_car
r_0748,أحمد,Ahmad,29,m,wehdat,31.89845,35.87713,none,True,True,medium,False,,,middle,True,أخوي,my brother,al_mgablein,Al-Mgablein,المقابلين,Al-Muqabalain,المقابلين,osm_street,east,jordanian,6,False,,out_of_labour_force,,1577,262.8,False,car_driver,True,
r_0749,سلمى,Salma,16,f,tabarbour,31.98536,35.94964,none,False,True,low,False,,,low,False,,,tariq,Tariq,طارق,Tareq,طارق,osm_street,east,jordanian,5,True,cognition,student,,551,110.3,False,taxi,False,low_income|no_car|offline
r_0750,رولا,Rula,27,f,abdali,31.94411,35.87397,none,True,True,high,False,,,high,True,أختي,my sister,zahran,Zahran,زهران,Deir Ghbar,دير غبار,osm_street,west,jordanian,2,False,,homemaker,,14881,7440.7,False,car_driver,True,
r_0751,زينب,Zainab,60,f,sweileh,32.02116,35.83248,none,True,True,medium,False,,,middle,True,حفيدي,my grandson,sweileh,Sweileh,صويلح,Sweileh,صويلح,osm_street,west,syrian,5,False,,retired,,2023,404.7,False,car_driver,False,
r_0752,محمود,Mahmoud,20,m,jabal_al_hussein,31.96095,35.93899,none,False,True,medium,False,,,low,True,أخوي,my brother,basman,Basman,بسمان,Raghadan,رغدان,osm_street,east,egyptian,9,False,,unemployed,,1415,157.2,False,car_passenger,False,low_income|no_car|student
r_0753,عبدالله,Abdullah,68,m,wehdat,31.92536,35.91832,none,False,False,low,False,,,middle,False,,,ras_al_ein,Ras Al-Ein,رأس العين,Al-Zuhour,الزهور,osm_street,east,yemeni,5,False,,retired,,1615,323.0,False,bus_brt,False,elderly|no_car|offline
r_0754,طارق,Tareq,42,m,marka,31.99947,36.00214,none,True,True,medium,False,,,high,False,,,marka,Marka,ماركا,Marka Al-Shamaliya,ماركا الشمالية,osm_street,east,jordanian,5,False,,unemployed,,3557,711.3,False,car_driver,True,
r_0755,لينا,Lina,18,f,sweileh,32.03538,35.90563,none,True,True,high,False,,,high,True,أخوي,my brother,shafa_badran,Shafa Badran,شفا بدران,Applied Science University area,منطقة جامعة العلوم التطبيقية,osm_street,west,jordanian,3,False,,student,,2587,862.4,False,car_driver,True,student
r_0756,حسن,Hasan,19,m,wehdat,31.89648,35.94755,none,True,True,high,False,,,high,False,,,qweismeh,Qweismeh,القويسمة,Al-Raqim,الرقيم,osm_street,east,jordanian,3,False,,unemployed,,3819,1273.0,False,car_driver,True,student
r_0757,فاطمة,Fatima,35,f,wehdat,31.92856,35.91653,none,False,True,high,False,,,middle,True,جاري,my neighbour,ras_al_ein,Ras Al-Ein,رأس العين,Al-Zuhour,الزهور,osm_street,east,jordanian,7,False,,homemaker,,1939,277.0,False,taxi,True,no_car
r_0758,فادي,Fadi,46,m,abdali,31.88372,35.84457,none,True,True,medium,True,08:00,16:00,middle,False,,,marj_al_hamam,Marj Al-Hamam,مرج الحمام,Iskan Alia,إسكان عالية,osm_street,west,jordanian,5,False,,employed,True,2067,413.3,False,car_driver,True,worker
r_0759,عبدالله,Abdullah,57,m,khalda,31.97123,35.84694,none,True,True,medium,False,,,middle,True,أخوي,my brother,tla_al_ali,Tla' Al-Ali,تلاع العلي وأم السماق وخلدا,Umm Al-Summaq,أم السماق,osm_street,west,palestinian,7,False,,out_of_labour_force,,2535,362.2,False,car_driver,False,
r_0760,طارق,Tareq,42,m,khalda,31.96616,35.86012,none,True,True,high,True,08:00,15:00,high,False,,,wadi_al_seer,Wadi Al-Seer,وادي السير,Al-Rawabi,الروابي,osm_street,west,jordanian,8,False,,employed,False,7683,960.3,False,car_driver,True,worker
r_0761,يوسف,Yousef,32,m,tabarbour,31.99583,35.93471,none,True,True,medium,False,,,middle,True,أختي,my sister,tariq,Tariq,طارق,Tabarbour,طبربور,osm_street,east,jordanian,4,False,,out_of_labour_force,,1744,436.0,False,car_driver,True,
r_0762,زينب,Zainab,35,f,khalda,31.99077,35.82293,none,False,True,high,True,08:00,16:00,high,True,أخوي,my brother,tla_al_ali,Tla' Al-Ali,تلاع العلي وأم السماق وخلدا,Dabouq,دابوق,osm_street,west,iraqi,5,False,,employed,False,3651,730.2,False,car_passenger,True,no_car|worker
r_0763,عبدالله,Abdullah,27,m,khalda,31.95514,35.82185,none,True,True,medium,True,07:00,16:00,middle,False,,,wadi_al_seer,Wadi Al-Seer,وادي السير,Wadi Al-Seer,وادي السير,osm_street,west,jordanian,3,False,,employed,True,899,299.6,False,car_driver,True,worker
r_0764,محمد,Mohammad,19,m,tabarbour,31.9927,35.94726,none,True,True,medium,True,08:00,16:00,middle,True,أمي,my mother,tariq,Tariq,طارق,Tareq,طارق,osm_street,east,jordanian,5,False,,employed,False,2222,444.5,False,car_driver,False,worker
r_0765,زينب,Zainab,20,f,wehdat,31.8977,36.02409,none,False,True,medium,False,,,low,True,أخوي,my brother,uhod,Uhod,أحد,Al-Kashafiya,الكشافية,osm_street,east,jordanian,6,False,,student,,1180,196.6,False,taxi,False,low_income|no_car|student
r_0766,ليلى,Layla,32,f,marka,31.94644,35.96685,none,True,True,high,False,,,middle,False,,,al_nasr,Al-Nasr,النصر,Al-Manara,المنارة,osm_street,east,jordanian,5,False,,homemaker,,1272,254.4,False,car_driver,True,
r_0767,نبيل,Nabil,23,m,wehdat,31.88568,35.92611,none,False,True,medium,False,,,low,True,أبوي,my father,qweismeh,Qweismeh,القويسمة,Al-Jweideh,الجويدة,osm_street,east,jordanian,7,False,,unemployed,,762,108.8,False,taxi,True,low_income|no_car|student
r_0768,جمال,Jamal,49,m,wehdat,31.91082,35.95557,none,True,True,high,False,,,high,False,,,qweismeh,Qweismeh,القويسمة,Jabal Al-Hadid,جبل الحديد,osm_street,east,jordanian,6,False,,out_of_labour_force,,6041,1006.8,False,car_driver,True,
r_0769,عمر,Omar,25,m,wehdat,31.9139,35.92192,none,True,True,medium,True,08:00,16:00,low,True,زوجتي,my wife,ras_al_ein,Ras Al-Ein,رأس العين,Jabal Al-Rawda,جبل الروضة,osm_street,east,jordanian,7,False,,employed,True,1312,187.4,False,car_driver,False,low_income|worker
r_0770,أم محمد,Um Mohammad,36,f,downtown,31.94694,35.95083,none,False,True,high,False,,,low,True,أخوي,my brother,al_madinah,Al-Madinah,المدينة,Jabal Al-Jofeh,جبل الجوفة,osm_street,east,syrian,7,False,,homemaker,,848,121.2,False,car_passenger,True,low_income|no_car
r_0771,سلمى,Salma,48,f,downtown,31.92368,35.90373,none,False,True,high,True,07:00,16:00,middle,True,أختي,my sister,bader,Bader,بدر,Al-Qwesmeh road side,طريق المطار - بدر,osm_street,east,jordanian,5,False,,employed,False,1298,259.6,False,taxi,False,no_car|worker
r_0772,ريم,Reem,71,f,wehdat,31.93196,35.94246,none,False,True,low,False,,,low,False,,,al_yarmouk,Al-Yarmouk,اليرموك,Al-Wehdat,الوحدات,osm_street,east,syrian,6,False,,retired,,1011,168.4,False,car_passenger,False,elderly|low_income|no_car|offline
r_0773,هاني,Hani,74,m,khalda,31.96047,35.86011,none,True,True,medium,False,,,high,False,,,wadi_al_seer,Wadi Al-Seer,وادي السير,Al-Rawabi,الروابي,osm_street,west,jordanian,2,False,,retired,,2574,1287.0,False,car_driver,False,elderly
r_0774,سارة,Sara,35,f,khalda,31.965,35.83065,none,True,True,low,True,10:00,18:00,middle,True,أخوي,my brother,wadi_al_seer,Wadi Al-Seer,وادي السير,Al-Kursi,الكرسي,osm_street,west,jordanian,5,False,,employed,False,2843,568.5,False,car_driver,False,offline|worker
r_0775,إبراهيم,Ibrahim,24,m,marka,31.96307,35.95031,none,False,True,high,True,10:00,18:00,low,True,أبوي,my father,al_nasr,Al-Nasr,النصر,Al-Hussein Al-Sharqi,الحسين الشرقي,osm_street,east,egyptian,6,False,,employed,False,1051,175.2,False,bus_brt,False,low_income|no_car|worker
r_0776,يوسف,Yousef,22,m,jabal_al_hussein,31.95709,35.94351,none,True,True,high,True,10:00,18:00,middle,True,أبوي,my father,basman,Basman,بسمان,Raghadan,رغدان,osm_street,east,palestinian,6,False,,employed,False,1905,317.5,False,car_driver,False,worker
r_0777,عبدالله,Abdullah,26,m,marka,31.96381,35.97256,none,True,True,medium,True,07:00,16:00,high,True,أخوي,my brother,marka,Marka,ماركا,Marka Al-Janoubiya,ماركا الجنوبية,osm_street,east,jordanian,8,False,,employed,True,6397,799.6,False,car_driver,False,worker
r_0778,محمد,Mohammad,16,m,downtown,31.92918,35.89869,none,False,True,high,False,,,middle,False,,,bader,Bader,بدر,Al-Dustour,الدستور,osm_street,east,jordanian,3,False,,student,,1193,397.8,False,bus_brt,False,no_car
r_0779,زيد,Zaid,51,m,sweileh,32.01772,35.87155,none,True,True,medium,False,,,middle,False,,,jubeiha,Jubeiha,الجبيهة,Jubeiha East,الجبيهة الشرقية,osm_street,west,jordanian,5,True,seeing,out_of_labour_force,,1573,314.7,False,car_driver,True,
r_0780,هاني,Hani,55,m,jabal_al_hussein,31.97308,35.96579,none,True,True,low,False,,,low,True,جاري,my neighbour,basman,Basman,بسمان,Al-Mahatta,المحطة,osm_street,east,syrian,6,False,,out_of_labour_force,,792,132.0,False,car_driver,False,low_income|offline
r_0781,فاطمة,Fatima,39,f,jabal_al_hussein,31.98545,35.95912,none,False,True,high,False,,,high,True,أخوي,my brother,basman,Basman,بسمان,Al-Qusour,القصور,osm_street,east,jordanian,4,False,,homemaker,,2549,637.2,False,car_passenger,True,no_car
r_0782,سعاد,Suad,29,f,marka,31.94105,35.96052,limited,False,True,medium,False,,,low,False,,,al_nasr,Al-Nasr,النصر,Al-Manara,المنارة,osm_street,east,other,9,True,seeing|walking,homemaker,,1047,116.4,False,taxi,False,disabled|low_income|no_car
r_0783,مريم,Maryam,21,f,marka,31.96761,35.95267,none,True,True,high,False,,,middle,True,أخوي,my brother,al_nasr,Al-Nasr,النصر,Prince Hassan Camp,مخيم الأمير حسن,osm_street,east,jordanian,5,False,,student,,1986,397.2,False,car_driver,True,student
r_0784,ريم,Reem,43,f,khalda,31.99138,35.83294,none,True,True,high,False,,,high,True,زوجي,my husband,tla_al_ali,Tla' Al-Ali,تلاع العلي وأم السماق وخلدا,Dabouq,دابوق,osm_street,west,jordanian,3,False,,unemployed,,2106,702.1,False,car_driver,True,
r_0785,يوسف,Yousef,38,m,wehdat,31.90696,35.96149,none,True,True,medium,True,07:00,16:00,low,False,,,qweismeh,Qweismeh,القويسمة,Jabal Al-Hadid,جبل الحديد,osm_street,east,jordanian,5,False,,employed,True,541,108.1,False,car_driver,False,low_income|worker
r_0786,مصطفى,Mustafa,35,m,wehdat,31.87226,35.9208,none,True,True,medium,False,,,middle,False,,,kherbet_al_souk,Kherbet Al-Souk,خريبة السوق وجاوا واليادودة,Khraibet Al-Souk,خريبة السوق,osm_street,east,jordanian,7,False,,out_of_labour_force,,2329,332.7,False,car_driver,False,
r_0787,فادي,Fadi,19,m,marka,31.94771,35.96363,none,False,True,medium,False,,,low,False,,,al_nasr,Al-Nasr,النصر,Al-Manara,المنارة,osm_street,east,jordanian,7,False,,student,,679,97.0,True,car_passenger,True,low_income|no_car|student
r_0788,هاني,Hani,45,m,wehdat,31.87044,35.91126,none,True,True,medium,True,07:00,16:00,low,True,زوجتي,my wife,kherbet_al_souk,Kherbet Al-Souk,خريبة السوق وجاوا واليادودة,Al-Yadudeh,اليادودة,osm_street,east,egyptian,6,False,,employed,False,921,153.5,False,car_driver,False,low_income|worker
r_0789,جمال,Jamal,51,m,khalda,31.97822,35.85298,none,True,True,high,True,08:00,15:00,high,False,,,tla_al_ali,Tla' Al-Ali,تلاع العلي وأم السماق وخلدا,Umm Al-Summaq,أم السماق,osm_street,west,jordanian,3,False,,employed,False,4277,1425.7,False,car_driver,True,worker
r_0790,خديجة,Khadija,33,f,wehdat,31.8713,35.91671,none,True,True,high,False,,,low,True,أخوي,my brother,kherbet_al_souk,Kherbet Al-Souk,خريبة السوق وجاوا واليادودة,Khraibet Al-Souk,خريبة السوق,osm_street,east,jordanian,4,False,,homemaker,,631,157.8,False,car_driver,True,low_income
r_0791,فاطمة,Fatima,18,f,sweileh,32.01004,35.82827,none,True,True,high,True,10:00,18:00,high,True,أخوي,my brother,sweileh,Sweileh,صويلح,Al-Kamaliyeh,الكمالية,osm_street,west,jordanian,8,False,,employed,False,6946,868.2,False,car_driver,True,worker
r_0792,رامي,Rami,41,m,wehdat,31.88988,35.90092,none,False,True,high,True,09:00,17:00,middle,False,,,al_mgablein,Al-Mgablein,المقابلين,Al-Bunayyat Al-Shamaliya,البنيات الشمالية,osm_street,east,egyptian,10,False,,employed,True,3008,300.8,False,taxi,True,no_car|worker
r_0793,رامي,Rami,71,m,wehdat,31.90142,36.02662,wheelchair,False,True,low,False,,,middle,True,بنتي,my daughter,uhod,Uhod,أحد,Al-Kashafiya,الكشافية,osm_street,east,jordanian,9,True,seeing|walking,retired,,2362,262.4,False,car_passenger,False,elderly|disabled|no_car|offline
r_0794,رهف,Rahaf,24,f,sweileh,32.00701,35.82243,none,True,True,high,False,,,high,True,أبوي,my father,sweileh,Sweileh,صويلح,Al-Kamaliyeh,الكمالية,osm_street,west,jordanian,3,False,,student,,4118,1372.6,False,car_driver,True,student
r_0795,هاني,Hani,39,m,marka,31.96299,35.98274,none,True,True,medium,False,,,middle,True,أختي,my sister,marka,Marka,ماركا,Marka Al-Janoubiya,ماركا الجنوبية,osm_street,east,jordanian,3,False,,out_of_labour_force,,1825,608.2,False,car_driver,True,
r_0796,طارق,Tareq,31,m,wehdat,31.89839,35.88179,limited,False,True,medium,False,,,low,False,,,al_mgablein,Al-Mgablein,المقابلين,Al-Muqabalain,المقابلين,osm_street,east,jordanian,4,True,seeing|walking|cognition|communication,out_of_labour_force,,647,161.7,False,taxi,False,disabled|low_income|no_car
r_0797,سميرة,Samira,30,f,wehdat,31.8876,35.934,none,True,True,medium,True,07:00,16:00,high,False,,,qweismeh,Qweismeh,القويسمة,Al-Jweideh,الجويدة,osm_street,east,jordanian,5,False,,employed,False,3748,749.6,False,car_driver,True,worker
r_0798,محمد,Mohammad,23,m,wehdat,31.85766,35.9336,none,False,True,medium,True,08:00,15:00,middle,True,أمي,my mother,kherbet_al_souk,Kherbet Al-Souk,خريبة السوق وجاوا واليادودة,Jawa,جاوا,osm_street,east,jordanian,5,False,,employed,False,1221,244.2,False,service_taxi,False,no_car|worker
r_0799,يوسف,Yousef,24,m,khalda,31.98351,35.87399,none,False,True,medium,False,,,middle,True,أمي,my mother,tla_al_ali,Tla' Al-Ali,تلاع العلي وأم السماق وخلدا,Hay Al-Salam,حي السلام,osm_street,west,iraqi,10,False,,unemployed,,5324,532.4,False,walk,False,no_car|student
r_0800,ليلى,Layla,16,f,abdali,31.90191,35.83636,none,False,True,high,False,,,high,True,أخوي,my brother,marj_al_hamam,Marj Al-Hamam,مرج الحمام,Marj Al-Hamam,مرج الحمام,osm_street,west,jordanian,3,False,,student,,3855,1285.0,False,taxi,True,no_car
r_0801,يوسف,Yousef,41,m,wehdat,31.88535,35.90158,none,False,True,low,False,,,low,True,أخوي,my brother,al_mgablein,Al-Mgablein,المقابلين,Umm Quseir,أم قصير,osm_street,east,jordanian,7,False,,out_of_labour_force,,1246,178.0,False,taxi,False,low_income|no_car|offline
r_0802,حسن,Hasan,43,m,jabal_al_hussein,31.96667,35.9484,none,True,True,high,True,09:00,17:00,high,False,,,basman,Basman,بسمان,Al-Hashmi Al-Shamali,الهاشمي الشمالي,osm_street,east,jordanian,9,False,,employed,True,5818,646.5,False,car_driver,True,worker
r_0803,آمنة,Amina,42,f,tabarbour,32.01796,35.91791,none,False,True,medium,False,,,low,True,زوجي,my husband,tariq,Tariq,طارق,Dahiyat Al-Amir Hamzeh,ضاحية الأمير حمزة,osm_street,east,syrian,9,False,,homemaker,,1145,127.2,False,car_passenger,False,low_income|no_car
r_0804,محمود,Mahmoud,21,m,abdali,31.96263,35.90762,none,True,True,high,True,10:00,18:00,middle,False,,,al_abdali,Al-Abdali,العبدلي,Al-Abdali,العبدلي,osm_street,west,jordanian,9,False,,employed,True,4396,488.4,False,car_driver,False,worker
r_0805,سميرة,Samira,17,f,wehdat,31.93674,35.92684,none,False,True,medium,False,,,middle,True,أبوي,my father,ras_al_ein,Ras Al-Ein,رأس العين,Jabal Al-Nadhif,جبل النظيف,osm_street,east,jordanian,7,False,,student,,2035,290.7,False,car_passenger,False,no_car
r_0806,نادية,Nadia,36,f,sweileh,32.02068,35.86932,none,False,True,high,False,,,middle,True,أخوي,my brother,jubeiha,Jubeiha,الجبيهة,University of Jordan area,منطقة الجامعة الأردنية,osm_street,west,jordanian,9,False,,homemaker,,2917,324.2,False,taxi,True,no_car
r_0807,رهف,Rahaf,23,f,khalda,31.98764,35.83392,none,True,True,medium,False,,,middle,True,أمي,my mother,tla_al_ali,Tla' Al-Ali,تلاع العلي وأم السماق وخلدا,Dabouq,دابوق,osm_street,west,jordanian,5,False,,student,,1384,276.8,False,car_driver,False,student
r_0808,دانا,Dana,32,f,tabarbour,31.98663,35.96646,none,False,True,medium,False,,,middle,True,أخوي,my brother,tariq,Tariq,طارق,Ain Ghazal,عين غزال,osm_street,east,jordanian,8,False,,homemaker,,2193,274.1,False,car_passenger,True,no_car
r_0809,هدى,Huda,28,f,sweileh,32.01533,35.8662,none,True,True,medium,False,,,middle,False,,,jubeiha,Jubeiha,الجبيهة,University of Jordan area,منطقة الجامعة الأردنية,osm_street,west,jordanian,9,False,,homemaker,,2670,296.7,False,car_driver,True,
r_0810,عبير,Abeer,22,f,downtown,31.92892,35.90438,none,False,True,medium,False,,,low,False,,,bader,Bader,بدر,Al-Qwesmeh road side,طريق المطار - بدر,osm_street,east,syrian,1,False,,student,,126,125.6,False,car_passenger,False,low_income|no_car|student
r_0811,خديجة,Khadija,63,f,wehdat,31.9488,35.92832,none,True,True,high,False,,,high,True,ابني,my son,ras_al_ein,Ras Al-Ein,رأس العين,Jabal Al-Nadhif,جبل النظيف,osm_street,east,jordanian,4,False,,retired,,3156,789.0,False,car_driver,True,
r_0812,هالة,Hala,30,f,jabal_al_hussein,31.97472,35.9507,none,True,True,high,False,,,middle,False,,,basman,Basman,بسمان,Al-Hashmi Al-Shamali,الهاشمي الشمالي,osm_street,east,other,5,False,,homemaker,,1578,315.7,False,car_driver,True,
r_0813,زيد,Zaid,40,m,khalda,31.96798,35.85252,none,True,True,high,True,07:00,16:00,middle,True,أخوي,my brother,wadi_al_seer,Wadi Al-Seer,وادي السير,Al-Rawabi,الروابي,osm_street,west,jordanian,5,False,,employed,False,2829,565.8,False,car_driver,False,worker
r_0814,سارة,Sara,47,f,sweileh,32.0448,35.90393,none,False,True,medium,False,,,low,False,,,shafa_badran,Shafa Badran,شفا بدران,Shafa Badran,شفا بدران,osm_street,west,jordanian,5,False,,homemaker,,836,167.1,False,walk,True,low_income|no_car
r_0815,أم محمد,Um Mohammad,23,f,sweileh,32.01762,35.87161,none,True,True,medium,False,,,middle,True,أمي,my mother,jubeiha,Jubeiha,الجبيهة,Jubeiha East,الجبيهة الشرقية,osm_street,west,palestinian,5,False,,student,,1146,229.1,False,car_driver,False,student
r_0816,آمنة,Amina,40,f,abdali,31.96739,35.86325,none,True,True,medium,False,,,middle,True,زوجي,my husband,zahran,Zahran,زهران,Umm Uthaina,أم أذينة,osm_street,west,jordanian,5,False,,homemaker,,2892,578.3,False,car_driver,True,
r_0817,محمود,Mahmoud,38,m,khalda,31.98592,35.87595,none,False,True,high,True,09:00,17:00,middle,False,,,tla_al_ali,Tla' Al-Ali,تلاع العلي وأم السماق وخلدا,Al-Gardens,الجاردنز,osm_street,west,egyptian,7,False,,employed,True,3742,534.6,False,car_passenger,False,no_car|worker
r_0818,وفاء,Wafaa,23,f,jabal_al_hussein,31.97526,35.95549,none,False,True,medium,False,,,middle,False,,,basman,Basman,بسمان,Al-Qusour,القصور,osm_street,east,jordanian,5,False,,student,,1101,220.2,False,bus_brt,False,no_car|student
r_0819,رنا,Rana,28,f,marka,31.94757,35.95693,none,False,True,medium,False,,,low,True,أختي,my sister,al_nasr,Al-Nasr,النصر,Jabal Al-Taj,جبل التاج,osm_street,east,jordanian,7,False,,homemaker,,1238,176.8,False,car_passenger,True,low_income|no_car
r_0820,وفاء,Wafaa,24,f,khalda,31.99494,35.83215,none,False,True,medium,False,,,high,False,,,tla_al_ali,Tla' Al-Ali,تلاع العلي وأم السماق وخلدا,Khalda,خلدا,osm_street,west,jordanian,2,False,,student,,2698,1348.8,False,car_passenger,True,no_car|student
r_0821,عبدالله,Abdullah,17,m,marka,31.9848,35.99384,none,False,True,medium,False,,,middle,False,,,marka,Marka,ماركا,Marka (airport side),ماركا - المطار,osm_street,east,jordanian,5,False,,student,,1631,326.2,False,car_passenger,False,no_car
r_0822,ماهر,Maher,41,m,jabal_al_hussein,31.98097,35.93513,none,False,True,medium,False,,,low,True,أخوي,my brother,basman,Basman,بسمان,Jabal Al-Nuzha,جبل النزهة,osm_street,east,egyptian,6,False,,unemployed,,434,72.3,True,car_passenger,True,low_income|no_car
r_0823,سامي,Sami,67,m,khalda,32.00249,35.83619,limited,True,True,low,False,,,middle,True,ابني,my son,tla_al_ali,Tla' Al-Ali,تلاع العلي وأم السماق وخلدا,Khalda,خلدا,osm_street,west,jordanian,5,True,seeing|walking,retired,,2993,598.5,False,car_driver,False,elderly|disabled|offline
r_0824,إبراهيم,Ibrahim,88,m,jabal_al_hussein,31.96206,35.97113,none,False,True,low,False,,,high,True,ابني,my son,basman,Basman,بسمان,Al-Mahatta,المحطة,osm_street,east,iraqi,5,False,,retired,,3529,705.7,False,car_passenger,False,elderly|no_car|offline
r_0825,نادية,Nadia,28,f,sweileh,32.02531,35.87271,none,False,True,medium,False,,,middle,False,,,jubeiha,Jubeiha,الجبيهة,Al-Jubeiha,الجبيهة,osm_street,west,syrian,9,False,,homemaker,,1828,203.1,False,walk,False,no_car
r_0826,خالد,Khaled,33,m,marka,32.0032,36.00706,none,False,True,medium,False,,,high,True,أختي,my sister,marka,Marka,ماركا,Marka Al-Shamaliya,ماركا الشمالية,osm_street,east,jordanian,4,False,,out_of_labour_force,,2602,650.6,False,bus_brt,True,no_car
r_0827,سعاد,Suad,34,f,wehdat,31.87195,35.92402,none,True,True,medium,False,,,high,False,,,kherbet_al_souk,Kherbet Al-Souk,خريبة السوق وجاوا واليادودة,Khraibet Al-Souk,خريبة السوق,osm_street,east,jordanian,2,False,,homemaker,,1877,938.4,False,car_driver,True,
r_0828,عبير,Abeer,20,f,jabal_al_hussein,31.95772,35.93873,none,False,True,low,False,,,low,True,أخوي,my brother,basman,Basman,بسمان,Raghadan,رغدان,osm_street,east,syrian,9,False,,student,,231,25.7,True,taxi,False,low_income|no_car|offline|student
r_0829,عبدالله,Abdullah,45,m,marka,31.96499,35.95496,none,False,True,low,True,08:00,16:00,low,False,,,al_nasr,Al-Nasr,النصر,Prince Hassan Camp,مخيم الأمير حسن,osm_street,east,egyptian,5,False,,employed,False,345,69.1,True,service_taxi,False,low_income|no_car|offline|worker
r_0830,نور,Noor,58,f,abdali,31.96202,35.92507,none,True,True,low,False,,,middle,False,,,al_abdali,Al-Abdali,العبدلي,Jabal Al-Weibdeh,جبل اللويبدة,osm_street,west,jordanian,2,False,,homemaker,,1138,569.2,False,car_driver,False,offline
r_0831,وفاء,Wafaa,46,f,khalda,31.95401,35.86514,none,True,True,high,False,,,middle,False,,,wadi_al_seer,Wadi Al-Seer,وادي السير,Al-Sweifieh,الصويفية,osm_street,west,jordanian,4,False,,homemaker,,1985,496.1,False,car_driver,True,
r_0832,سعاد,Suad,43,f,jabal_al_hussein,31.98363,35.94976,none,False,True,low,False,,,middle,False,,,basman,Basman,بسمان,Al-Qusour,القصور,osm_street,east,jordanian,7,False,,homemaker,,3041,434.4,False,walk,False,no_car|offline
r_0833,هدى,Huda,16,f,abdali,31.88709,35.84508,none,False,True,medium,False,,,middle,False,,,marj_al_hamam,Marj Al-Hamam,مرج الحمام,Iskan Alia,إسكان عالية,osm_street,west,syrian,8,False,,student,,4127,515.9,False,walk,False,no_car
r_0834,خالد,Khaled,26,m,wehdat,31.9069,35.95935,none,False,True,high,True,08:00,16:00,middle,False,,,qweismeh,Qweismeh,القويسمة,Jabal Al-Hadid,جبل الحديد,osm_street,east,jordanian,5,False,,employed,False,1288,257.5,False,taxi,False,no_car|worker
r_0835,وفاء,Wafaa,23,f,downtown,31.92908,35.91241,none,True,True,medium,False,,,low,True,أخوي,my brother,bader,Bader,بدر,Al-Qwesmeh road side,طريق المطار - بدر,osm_street,east,jordanian,7,False,,student,,685,97.8,True,car_driver,True,low_income|student
r_0836,سميرة,Samira,43,f,downtown,31.93185,35.90049,none,False,True,medium,False,,,middle,True,أخوي,my brother,bader,Bader,بدر,Jabal Nazzal,جبل النزال,osm_street,east,palestinian,5,False,,homemaker,,2340,467.9,False,car_passenger,False,no_car
r_0837,عمر,Omar,67,m,downtown,31.93203,35.9003,none,True,True,low,False,,,low,True,ابني,my son,bader,Bader,بدر,Al-Dustour,الدستور,osm_street,east,iraqi,7,False,,retired,,1126,160.9,False,car_driver,False,elderly|low_income|offline
r_0838,عمر,Omar,62,m,wehdat,31.9212,35.92971,none,True,True,medium,True,08:00,16:00,low,True,بنتي,my daughter,ras_al_ein,Ras Al-Ein,رأس العين,Jabal Al-Rawda,جبل الروضة,osm_street,east,other,5,False,,employed,False,690,138.0,False,car_driver,False,low_income|worker
r_0839,عبير,Abeer,30,f,wehdat,31.92342,35.94855,none,True,True,high,False,,,low,False,,,al_yarmouk,Al-Yarmouk,اليرموك,Hay Al-Awda,حي العودة,osm_street,east,jordanian,10,False,,homemaker,,1440,144.0,False,car_driver,True,low_income
r_0840,لينا,Lina,24,f,wehdat,31.91801,35.95633,none,False,True,medium,False,,,low,False,,,qweismeh,Qweismeh,القويسمة,Al-Qweismeh,القويسمة,osm_street,east,jordanian,8,False,,student,,1068,133.5,False,walk,True,low_income|no_car|student
r_0841,آمنة,Amina,88,f,sweileh,32.00871,35.82903,none,False,False,low,False,,,low,True,بنتي,my daughter,sweileh,Sweileh,صويلح,Al-Kamaliyeh,الكمالية,osm_street,west,jordanian,7,False,,unemployed,,1138,162.6,False,car_passenger,False,elderly|low_income|no_car|offline
r_0842,رامي,Rami,23,m,sweileh,32.02686,35.8374,none,True,True,medium,False,,,middle,True,أبوي,my father,sweileh,Sweileh,صويلح,Sweileh West,صويلح الغربي,osm_street,west,jordanian,5,False,,unemployed,,1867,373.5,False,car_driver,False,student
r_0843,فادي,Fadi,28,m,wehdat,31.89734,35.95945,none,True,True,high,False,,,middle,True,أختي,my sister,qweismeh,Qweismeh,القويسمة,Abu Alanda,أبو علندا,osm_street,east,other,6,False,,unemployed,,2148,358.0,False,car_driver,True,
r_0844,رهف,Rahaf,32,f,wehdat,31.89694,35.9497,none,True,True,medium,False,,,middle,True,زوجي,my husband,qweismeh,Qweismeh,القويسمة,Al-Raqim,الرقيم,osm_street,east,jordanian,5,False,,homemaker,,3068,613.6,False,car_driver,False,
r_0845,وفاء,Wafaa,17,f,khalda,31.99488,35.85575,none,False,True,high,False,,,middle,True,أبوي,my father,tla_al_ali,Tla' Al-Ali,تلاع العلي وأم السماق وخلدا,Tla' Al-Ali,تلاع العلي,osm_street,west,other,4,False,,student,,1615,403.8,False,service_taxi,False,no_car
r_0846,سعاد,Suad,42,f,tabarbour,32.00265,35.94349,none,True,True,medium,True,07:00,16:00,low,True,جاري,my neighbour,tariq,Tariq,طارق,Tabarbour,طبربور,osm_street,east,jordanian,6,False,,employed,False,706,117.6,False,car_driver,False,low_income|worker
r_0847,حسن,Hasan,32,m,khalda,31.95104,35.86699,none,False,True,high,True,08:00,15:00,low,True,زوجتي,my wife,wadi_al_seer,Wadi Al-Seer,وادي السير,Al-Sweifieh,الصويفية,osm_street,west,syrian,5,False,,employed,False,346,69.2,True,bus_brt,True,low_income|no_car|worker
r_0848,ليلى,Layla,35,f,sweileh,32.01536,35.87252,none,False,True,high,False,,,middle,False,,,jubeiha,Jubeiha,الجبيهة,University of Jordan area,منطقة الجامعة الأردنية,osm_street,west,jordanian,7,False,,homemaker,,2558,365.4,False,car_passenger,True,no_car
r_0849,نور,Noor,23,f,khalda,31.95219,35.86027,none,False,True,high,False,,,middle,True,أبوي,my father,wadi_al_seer,Wadi Al-Seer,وادي السير,Al-Sweifieh,الصويفية,osm_street,west,syrian,7,False,,student,,1505,215.0,False,car_passenger,False,no_car|student
r_0850,ليث,Laith,44,m,downtown,31.92934,35.91552,none,True,True,high,False,,,low,False,,,bader,Bader,بدر,Al-Qwesmeh road side,طريق المطار - بدر,osm_street,east,jordanian,6,False,,out_of_labour_force,,1140,190.0,False,car_driver,True,low_income
r_0851,عبير,Abeer,68,f,khalda,31.99958,35.86535,none,False,True,low,False,,,middle,True,بنتي,my daughter,tla_al_ali,Tla' Al-Ali,تلاع العلي وأم السماق وخلدا,Tla' Al-Ali,تلاع العلي,osm_street,west,palestinian,7,False,,retired,,2553,364.7,False,taxi,False,elderly|no_car|offline
r_0852,جمال,Jamal,29,m,marka,31.95122,35.95217,none,True,True,high,True,07:00,16:00,middle,False,,,al_nasr,Al-Nasr,النصر,Al-Hussein Al-Sharqi,الحسين الشرقي,osm_street,east,jordanian,8,False,,employed,True,1634,204.3,False,car_driver,True,worker
r_0853,رامي,Rami,41,m,marka,31.95044,35.95324,none,False,True,high,True,08:00,16:00,low,True,زوجتي,my wife,al_nasr,Al-Nasr,النصر,Al-Manara,المنارة,osm_street,east,palestinian,8,False,,employed,True,333,41.6,True,car_passenger,True,low_income|no_car|worker
r_0854,سعاد,Suad,31,f,marka,31.95467,35.95415,none,True,True,high,True,08:00,16:00,low,True,أخوي,my brother,al_nasr,Al-Nasr,النصر,Al-Hussein Al-Sharqi,الحسين الشرقي,osm_street,east,jordanian,9,False,,employed,True,1216,135.1,False,car_driver,True,low_income|worker
r_0855,فادي,Fadi,37,m,marka,31.96543,35.98722,none,True,True,high,True,10:00,18:00,high,False,,,marka,Marka,ماركا,Marka Al-Janoubiya,ماركا الجنوبية,osm_street,east,jordanian,7,False,,employed,True,6879,982.7,False,car_driver,False,worker
r_0856,هدى,Huda,37,f,sweileh,32.00692,35.82581,none,True,True,high,False,,,middle,False,,,sweileh,Sweileh,صويلح,Al-Kamaliyeh,الكمالية,osm_street,west,jordanian,6,False,,homemaker,,2894,482.3,False,car_driver,True,
r_0857,سعاد,Suad,45,f,khalda,31.97454,35.8545,none,True,True,medium,False,,,high,True,أخوي,my brother,tla_al_ali,Tla' Al-Ali,تلاع العلي وأم السماق وخلدا,Umm Al-Summaq,أم السماق,osm_street,west,jordanian,5,False,,homemaker,,3652,730.3,False,car_driver,False,
r_0858,نور,Noor,87,f,wehdat,31.91177,35.96335,wheelchair,False,False,low,False,,,high,True,بنتي,my daughter,qweismeh,Qweismeh,القويسمة,Jabal Al-Hadid,جبل الحديد,osm_street,east,jordanian,3,True,seeing|walking|cognition,retired,,2369,789.6,False,car_passenger,False,elderly|disabled|no_car|offline
r_0859,مريم,Maryam,61,f,wehdat,31.93148,35.93348,none,False,True,low,False,,,low,True,بنتي,my daughter,al_yarmouk,Al-Yarmouk,اليرموك,Al-Hilal (east),الهلال,osm_street,east,syrian,9,False,,retired,,1680,186.7,False,car_passenger,False,low_income|no_car|offline
r_0860,رامي,Rami,48,m,abdali,31.89438,35.83618,none,True,True,low,False,,,middle,False,,,marj_al_hamam,Marj Al-Hamam,مرج الحمام,Circassian Quarter,الحي الشركسي,osm_street,west,jordanian,6,False,,out_of_labour_force,,2978,496.3,False,car_driver,False,offline
r_0861,سعاد,Suad,19,f,wehdat,31.90494,35.97181,none,False,True,medium,False,,,low,True,أبوي,my father,qweismeh,Qweismeh,القويسمة,Jabal Al-Hadid,جبل الحديد,osm_street,east,jordanian,7,False,,student,,705,100.7,False,car_passenger,False,low_income|no_car|student
r_0862,حسن,Hasan,45,m,sweileh,32.02216,35.87291,none,False,True,medium,True,07:00,16:00,middle,True,زوجتي,my wife,jubeiha,Jubeiha,الجبيهة,University of Jordan area,منطقة الجامعة الأردنية,osm_street,west,egyptian,2,False,,employed,False,1080,539.8,False,walk,False,no_car|worker
r_0863,فادي,Fadi,23,m,wehdat,31.93315,35.94306,none,True,True,medium,True,07:00,16:00,middle,True,أخوي,my brother,al_yarmouk,Al-Yarmouk,اليرموك,Hay Al-Awda,حي العودة,osm_street,east,jordanian,4,False,,employed,True,2419,604.6,False,car_driver,False,worker
r_0864,علي,Ali,54,m,jabal_al_hussein,31.97678,35.95402,none,True,True,medium,True,08:00,15:00,low,True,زوجتي,my wife,basman,Basman,بسمان,Al-Hashmi Al-Shamali,الهاشمي الشمالي,osm_street,east,egyptian,9,False,,employed,False,1501,166.8,False,car_driver,False,low_income|worker
r_0865,ريم,Reem,47,f,khalda,31.9686,35.84097,none,False,True,high,False,,,high,False,,,wadi_al_seer,Wadi Al-Seer,وادي السير,Al-Kursi,الكرسي,osm_street,west,jordanian,7,False,,homemaker,,9275,1325.0,False,bus_brt,True,no_car
r_0866,أم محمد,Um Mohammad,74,f,sweileh,32.02348,35.87166,none,False,True,medium,False,,,middle,True,بنتي,my daughter,jubeiha,Jubeiha,الجبيهة,Jubeiha East,الجبيهة الشرقية,osm_street,west,jordanian,8,False,,retired,,3115,389.4,False,walk,True,elderly|no_car
r_0867,خالد,Khaled,69,m,sweileh,32.02032,35.86501,none,True,True,low,True,08:00,15:00,middle,False,,,jubeiha,Jubeiha,الجبيهة,University of Jordan area,منطقة الجامعة الأردنية,osm_street,west,jordanian,5,False,,employed,True,1978,395.6,False,car_driver,False,elderly|offline|worker
r_0868,ريم,Reem,18,f,marka,31.95622,35.96757,none,False,True,medium,False,,,low,True,أخوي,my brother,al_nasr,Al-Nasr,النصر,Jabal Al-Nasr,جبل النصر,osm_street,east,jordanian,7,False,,student,,1339,191.3,False,car_passenger,False,low_income|no_car|student
r_0869,جميلة,Jamila,34,f,tabarbour,31.9964,35.91417,none,True,True,high,True,08:00,16:00,middle,False,,,tariq,Tariq,طارق,Qatna,قطنة,osm_street,east,jordanian,6,False,,employed,True,1404,234.1,False,car_driver,True,worker
r_0870,سميرة,Samira,54,f,khalda,31.96503,35.83684,none,True,True,medium,True,08:00,15:00,high,True,أخوي,my brother,wadi_al_seer,Wadi Al-Seer,وادي السير,Al-Kursi,الكرسي,osm_street,west,jordanian,6,False,,employed,True,9399,1566.6,False,car_driver,True,worker
r_0871,رنا,Rana,21,f,sweileh,32.03202,35.85914,none,True,True,medium,False,,,middle,True,أخوي,my brother,jubeiha,Jubeiha,الجبيهة,Al-Jubeiha,الجبيهة,osm_street,west,jordanian,6,False,,unemployed,,3493,582.2,False,car_driver,True,student
r_0872,يوسف,Yousef,54,m,marka,31.96094,35.95309,none,True,True,low,False,,,middle,False,,,al_nasr,Al-Nasr,النصر,Jabal Al-Nasr,جبل النصر,osm_street,east,iraqi,6,False,,out_of_labour_force,,2378,396.4,False,car_driver,False,offline
r_0873,فادي,Fadi,32,m,wehdat,31.94277,35.9429,limited,False,True,high,True,10:00,18:00,low,True,أخوي,my brother,al_yarmouk,Al-Yarmouk,اليرموك,Al-Hilal (east),الهلال,osm_street,east,jordanian,4,True,seeing|walking|hearing,employed,True,407,101.7,False,car_passenger,False,disabled|low_income|no_car|worker
r_0874,رنا,Rana,39,f,wehdat,31.91723,35.92205,none,True,True,high,False,,,high,True,أختي,my sister,ras_al_ein,Ras Al-Ein,رأس العين,Jabal Al-Rawda,جبل الروضة,osm_street,east,jordanian,5,False,,unemployed,,4541,908.2,False,car_driver,True,
r_0875,سليمان,Suleiman,18,m,marka,31.94685,35.95793,none,False,True,medium,False,,,middle,True,أبوي,my father,al_nasr,Al-Nasr,النصر,Jabal Al-Taj,جبل التاج,osm_street,east,syrian,6,False,,unemployed,,1503,250.6,False,walk,False,no_car|student
r_0876,نور,Noor,51,f,marka,31.94765,35.95932,none,False,True,low,False,,,middle,False,,,al_nasr,Al-Nasr,النصر,Jabal Al-Taj,جبل التاج,osm_street,east,jordanian,3,False,,homemaker,,819,273.0,False,walk,False,no_car|offline
r_0877,سعاد,Suad,47,f,sweileh,32.01794,35.88348,none,True,True,medium,False,,,middle,True,زوجي,my husband,jubeiha,Jubeiha,الجبيهة,Jubeiha East,الجبيهة الشرقية,osm_street,west,jordanian,3,False,,homemaker,,1149,383.1,False,car_driver,True,
r_0878,فاطمة,Fatima,25,f,marka,31.97512,35.9755,none,False,True,high,False,,,low,True,زوجي,my husband,marka,Marka,ماركا,Al-Rasha,الرشا,osm_street,east,jordanian,5,False,,homemaker,,507,101.3,False,walk,True,low_income|no_car
r_0879,آمنة,Amina,36,f,sweileh,32.04322,35.91216,none,False,True,low,False,,,low,False,,,shafa_badran,Shafa Badran,شفا بدران,Shafa Badran,شفا بدران,osm_street,west,jordanian,7,False,,homemaker,,1134,162.0,False,taxi,False,low_income|no_car|offline
r_0880,إبراهيم,Ibrahim,26,m,downtown,31.9488,35.93705,none,False,True,high,True,08:00,16:00,low,False,,,al_madinah,Al-Madinah,المدينة,Jabal Al-Qal'a,جبل القلعة,osm_street,east,jordanian,7,False,,employed,True,1242,177.4,False,service_taxi,True,low_income|no_car|worker
r_0881,رنا,Rana,22,f,tabarbour,32.02904,35.92872,none,True,True,medium,False,,,middle,True,أخوي,my brother,tariq,Tariq,طارق,Dahiyat Al-Amir Hamzeh,ضاحية الأمير حمزة,osm_street,east,jordanian,6,False,,student,,2304,384.0,False,car_driver,False,student
r_0882,بلال,Bilal,41,m,jabal_al_hussein,31.97594,35.94769,none,False,True,low,True,10:00,18:00,low,False,,,basman,Basman,بسمان,Al-Qusour,القصور,osm_street,east,syrian,6,False,,employed,True,487,81.2,True,service_taxi,False,low_income|no_car|offline|worker
r_0883,حسن,Hasan,22,m,khalda,31.95793,35.85121,none,False,True,medium,False,,,middle,False,,,wadi_al_seer,Wadi Al-Seer,وادي السير,Al-Rawabi,الروابي,osm_street,west,syrian,7,False,,student,,1898,271.1,False,taxi,False,no_car|student
r_0884,ليلى,Layla,21,f,wehdat,31.89013,35.90316,none,True,True,low,False,,,middle,True,أخوي,my brother,al_mgablein,Al-Mgablein,المقابلين,Umm Quseir,أم قصير,osm_street,east,jordanian,6,False,,student,,2106,351.0,False,car_driver,False,offline|student
r_0885,هالة,Hala,42,f,khalda,31.95774,35.84719,none,True,True,medium,False,,,high,False,,,wadi_al_seer,Wadi Al-Seer,وادي السير,Al-Rawabi,الروابي,osm_street,west,jordanian,5,False,,homemaker,,3674,734.9,False,car_driver,True,
r_0886,علي,Ali,42,m,abdali,31.95741,35.92049,none,True,True,low,False,,,middle,False,,,al_abdali,Al-Abdali,العبدلي,Jabal Al-Weibdeh,جبل اللويبدة,osm_street,west,jordanian,6,False,,out_of_labour_force,,2156,359.3,False,car_driver,False,offline
r_0887,أحمد,Ahmad,51,m,jabal_al_hussein,31.97196,35.94092,none,True,True,high,True,07:00,16:00,middle,False,,,basman,Basman,بسمان,Jabal Al-Nuzha,جبل النزهة,osm_street,east,jordanian,9,False,,employed,False,3136,348.5,False,car_driver,True,worker
r_0888,بلال,Bilal,23,m,wehdat,31.88836,35.93351,none,False,True,medium,False,,,low,False,,,qweismeh,Qweismeh,القويسمة,Al-Jweideh,الجويدة,osm_street,east,syrian,6,False,,student,,483,80.5,True,walk,False,low_income|no_car|student
r_0889,وفاء,Wafaa,31,f,wehdat,31.93674,35.9367,none,False,True,high,False,,,low,True,زوجي,my husband,ras_al_ein,Ras Al-Ein,رأس العين,Jabal Al-Nadhif,جبل النظيف,osm_street,east,jordanian,8,False,,unemployed,,695,86.9,True,car_passenger,True,low_income|no_car
r_0890,عمر,Omar,57,m,abdali,31.88061,35.84919,none,True,True,medium,True,08:00,16:00,high,False,,,marj_al_hamam,Marj Al-Hamam,مرج الحمام,Iskan Alia,إسكان عالية,osm_street,west,jordanian,5,False,,employed,False,4094,818.7,False,car_driver,False,worker
r_0891,ليلى,Layla,21,f,sweileh,32.03757,35.83002,none,True,True,high,False,,,middle,False,,,sweileh,Sweileh,صويلح,Sweileh West,صويلح الغربي,osm_street,west,jordanian,6,False,,student,,1872,312.0,False,car_driver,False,student
r_0892,مريم,Maryam,19,f,wehdat,31.88957,35.94489,none,True,True,high,False,,,middle,True,أبوي,my father,qweismeh,Qweismeh,القويسمة,Al-Raqim,الرقيم,osm_street,east,jordanian,5,False,,student,,1520,304.1,False,car_driver,True,student
r_0893,جمال,Jamal,46,m,abdali,31.93693,35.8801,none,True,True,medium,True,07:00,16:00,high,True,زوجتي,my wife,zahran,Zahran,زهران,Abdoun,عبدون,osm_street,west,egyptian,4,False,,employed,True,5723,1430.7,False,car_driver,False,worker
r_0894,زينب,Zainab,33,f,downtown,31.92942,35.89681,limited,True,False,low,False,,,middle,True,أختي,my sister,bader,Bader,بدر,Al-Hilal,الهلال,osm_street,east,jordanian,5,True,seeing|walking|cognition|hearing,homemaker,,1679,335.8,False,car_driver,False,disabled|offline
r_0895,ماهر,Maher,58,m,abdali,31.95243,35.91068,none,True,True,medium,False,,,middle,False,,,al_abdali,Al-Abdali,العبدلي,Jabal Al-Weibdeh,جبل اللويبدة,osm_street,west,jordanian,9,False,,out_of_labour_force,,1913,212.5,False,car_driver,True,
r_0896,هاني,Hani,35,m,abdali,31.96322,35.90442,none,True,True,high,True,08:00,16:00,middle,False,,,al_abdali,Al-Abdali,العبدلي,Al-Abdali,العبدلي,osm_street,west,jordanian,4,False,,employed,True,2013,503.1,False,car_driver,True,worker
r_0897,مريم,Maryam,37,f,abdali,31.94935,35.87669,none,True,True,high,False,,,middle,False,,,zahran,Zahran,زهران,Abdoun,عبدون,osm_street,west,jordanian,10,False,,homemaker,,4225,422.5,False,car_driver,False,
r_0898,رهف,Rahaf,27,f,khalda,31.98488,35.87512,none,True,True,high,True,09:00,17:00,high,True,أخوي,my brother,tla_al_ali,Tla' Al-Ali,تلاع العلي وأم السماق وخلدا,Hay Al-Salam,حي السلام,osm_street,west,jordanian,8,False,,employed,False,5123,640.4,False,car_driver,True,worker
r_0899,فاطمة,Fatima,17,f,tabarbour,31.9854,35.95014,none,False,True,high,False,,,middle,False,,,tariq,Tariq,طارق,Tareq,طارق,osm_street,east,other,5,False,,unemployed,,1977,395.3,False,car_passenger,True,no_car
r_0900,خديجة,Khadija,33,f,khalda,31.94404,35.81872,none,False,True,high,False,,,middle,False,,,wadi_al_seer,Wadi Al-Seer,وادي السير,Wadi Al-Seer,وادي السير,osm_street,west,palestinian,4,False,,homemaker,,948,237.0,False,taxi,True,no_car
r_0901,طارق,Tareq,30,m,sweileh,32.0183,35.8727,none,True,True,high,True,07:00,16:00,middle,False,,,jubeiha,Jubeiha,الجبيهة,Jubeiha East,الجبيهة الشرقية,osm_street,west,jordanian,9,False,,employed,False,4643,515.9,False,car_driver,False,worker
r_0902,جمال,Jamal,47,m,sweileh,32.02556,35.84713,none,True,True,medium,False,,,high,False,,,sweileh,Sweileh,صويلح,Sweileh,صويلح,osm_street,west,jordanian,4,False,,out_of_labour_force,,7271,1817.7,False,car_driver,False,
r_0903,عيسى,Issa,48,m,abdali,31.97342,35.90425,none,True,True,medium,True,08:00,15:00,high,False,,,al_abdali,Al-Abdali,العبدلي,Al-Shmeisani,الشميساني,osm_street,west,jordanian,5,False,,employed,True,4115,822.9,False,car_driver,True,worker
r_0904,طارق,Tareq,73,m,wehdat,31.94797,35.93349,none,False,True,low,False,,,middle,True,بنتي,my daughter,ras_al_ein,Ras Al-Ein,رأس العين,Al-Muhajireen,المهاجرين,osm_street,east,syrian,3,False,,retired,,877,292.3,False,car_passenger,False,elderly|no_car|offline
r_0905,زينب,Zainab,38,f,marka,31.98043,35.98255,none,False,True,medium,False,,,high,True,أختي,my sister,marka,Marka,ماركا,Al-Rasha,الرشا,osm_street,east,jordanian,4,False,,homemaker,,3913,978.2,False,taxi,False,no_car
r_0906,ليلى,Layla,29,f,wehdat,31.93904,35.94172,none,False,True,medium,False,,,high,True,جاري,my neighbour,al_yarmouk,Al-Yarmouk,اليرموك,Al-Hilal (east),الهلال,osm_street,east,jordanian,8,False,,homemaker,,8599,1074.9,False,car_passenger,False,no_car
r_0907,إبراهيم,Ibrahim,51,m,jabal_al_hussein,31.9769,35.94798,none,True,True,low,True,07:00,16:00,middle,True,زوجتي,my wife,basman,Basman,بسمان,Al-Hashmi Al-Shamali,الهاشمي الشمالي,osm_street,east,jordanian,7,False,,employed,True,2752,393.2,False,car_driver,False,offline|worker
r_0908,سميرة,Samira,16,f,downtown,31.93149,35.89866,none,False,True,medium,False,,,middle,False,,,bader,Bader,بدر,Al-Dustour,الدستور,osm_street,east,other,3,False,,student,,879,292.9,False,taxi,False,no_car
r_0909,عبدالله,Abdullah,29,m,wehdat,31.87048,35.91997,none,False,True,high,True,07:00,16:00,low,True,زوجتي,my wife,kherbet_al_souk,Kherbet Al-Souk,خريبة السوق وجاوا واليادودة,Khraibet Al-Souk,خريبة السوق,osm_street,east,jordanian,8,False,,employed,False,1286,160.8,False,car_passenger,True,low_income|no_car|worker
r_0910,رهف,Rahaf,28,f,sweileh,32.01587,35.87178,none,True,True,high,False,,,high,True,زوجي,my husband,jubeiha,Jubeiha,الجبيهة,University of Jordan area,منطقة الجامعة الأردنية,osm_street,west,jordanian,3,False,,homemaker,,10175,3391.6,False,car_driver,True,
r_0911,نبيل,Nabil,60,m,wehdat,31.84558,35.93515,none,True,True,low,False,,,middle,True,حفيدي,my grandson,kherbet_al_souk,Kherbet Al-Souk,خريبة السوق وجاوا واليادودة,Jawa,جاوا,osm_street,east,jordanian,7,False,,retired,,2161,308.7,False,car_driver,False,offline
r_0912,خديجة,Khadija,20,f,wehdat,31.8856,35.88834,none,True,True,high,False,,,middle,True,أبوي,my father,al_mgablein,Al-Mgablein,المقابلين,Al-Bunayyat Al-Janoubiya,البنيات الجنوبية,osm_street,east,jordanian,7,False,,student,,2369,338.4,False,car_driver,False,student
r_0913,وفاء,Wafaa,52,f,sweileh,32.02181,35.84939,none,False,True,low,False,,,low,True,جاري,my neighbour,sweileh,Sweileh,صويلح,Sweileh,صويلح,osm_street,west,syrian,10,False,,homemaker,,1025,102.5,False,car_passenger,False,low_income|no_car|offline
r_0914,ريم,Reem,23,f,khalda,31.98546,35.84715,none,True,True,high,False,,,high,False,,,tla_al_ali,Tla' Al-Ali,تلاع العلي وأم السماق وخلدا,Umm Al-Summaq,أم السماق,osm_street,west,jordanian,3,False,,student,,7016,2338.8,False,car_driver,True,student
r_0915,طارق,Tareq,33,m,abdali,31.97994,35.89498,none,True,True,medium,False,,,low,False,,,al_abdali,Al-Abdali,العبدلي,Sport City,المدينة الرياضية,osm_street,west,palestinian,5,False,,out_of_labour_force,,693,138.6,False,car_driver,False,low_income
r_0916,خالد,Khaled,30,m,wehdat,31.85935,35.91076,none,False,True,medium,True,08:00,15:00,middle,False,,,kherbet_al_souk,Kherbet Al-Souk,خريبة السوق وجاوا واليادودة,Al-Yadudeh,اليادودة,osm_street,east,egyptian,6,False,,employed,True,1429,238.2,False,bus_brt,False,no_car|worker
r_0917,رامي,Rami,42,m,sweileh,32.02489,35.84802,none,False,True,medium,True,08:00,16:00,middle,False,,,sweileh,Sweileh,صويلح,Sweileh,صويلح,osm_street,west,jordanian,5,False,,employed,True,2014,402.8,False,service_taxi,False,no_car|worker
r_0918,جمال,Jamal,24,m,sweileh,32.04067,35.91118,none,False,True,high,True,09:00,17:00,low,True,أخوي,my brother,shafa_badran,Shafa Badran,شفا بدران,Shafa Badran,شفا بدران,osm_street,west,jordanian,9,False,,employed,True,1280,142.2,False,walk,True,low_income|no_car|worker
r_0919,عبدالله,Abdullah,50,m,downtown,31.94939,35.92788,none,True,True,low,True,08:00,15:00,low,False,,,al_madinah,Al-Madinah,المدينة,Jabal Al-Qal'a,جبل القلعة,osm_street,east,palestinian,6,False,,employed,True,1057,176.2,False,car_driver,False,low_income|offline|worker
r_0920,نور,Noor,30,f,jabal_al_hussein,31.95662,35.94437,none,False,True,high,False,,,low,True,أخوي,my brother,basman,Basman,بسمان,Al-Hashmi Al-Janoubi,الهاشمي الجنوبي,osm_street,east,syrian,7,False,,homemaker,,206,29.4,True,taxi,True,low_income|no_car
r_0921,عبدالله,Abdullah,52,m,wehdat,31.93383,35.95334,none,True,True,low,True,08:00,15:00,low,False,,,al_yarmouk,Al-Yarmouk,اليرموك,Hay Al-Awda,حي العودة,osm_street,east,palestinian,7,False,,employed,False,817,116.7,False,car_driver,False,low_income|offline|worker
r_0922,لينا,Lina,52,f,abdali,31.98237,35.88904,none,False,True,high,False,,,high,False,,,zahran,Zahran,زهران,Al-Rabieh,الرابية,osm_street,west,jordanian,5,False,,homemaker,,3364,672.8,False,car_passenger,True,no_car
r_0923,ماهر,Maher,20,m,khalda,31.98224,35.84157,none,True,True,medium,True,07:00,16:00,middle,True,أمي,my mother,tla_al_ali,Tla' Al-Ali,تلاع العلي وأم السماق وخلدا,Umm Al-Summaq,أم السماق,osm_street,west,palestinian,8,False,,employed,True,2270,283.8,False,car_driver,False,worker
r_0924,خديجة,Khadija,59,f,wehdat,31.91224,35.9635,none,True,True,high,False,,,middle,False,,,qweismeh,Qweismeh,القويسمة,Jabal Al-Hadid,جبل الحديد,osm_street,east,jordanian,4,False,,unemployed,,1917,479.3,False,car_driver,False,
r_0925,ليلى,Layla,29,f,abdali,31.90189,35.83512,none,False,True,medium,True,08:00,16:00,high,True,زوجي,my husband,marj_al_hamam,Marj Al-Hamam,مرج الحمام,Circassian Quarter,الحي الشركسي,osm_street,west,jordanian,4,False,,employed,True,4175,1043.7,False,bus_brt,False,no_car|worker
r_0926,فاطمة,Fatima,25,f,wehdat,31.90627,35.97219,none,True,True,medium,False,,,middle,True,أخوي,my brother,qweismeh,Qweismeh,القويسمة,Jabal Al-Hadid,جبل الحديد,osm_street,east,jordanian,4,False,,homemaker,,1637,409.1,False,car_driver,True,
r_0927,محمد,Mohammad,23,m,sweileh,32.02944,35.83395,none,False,True,medium,True,08:00,15:00,low,False,,,sweileh,Sweileh,صويلح,Sweileh West,صويلح الغربي,osm_street,west,egyptian,10,False,,employed,True,1110,111.0,False,service_taxi,False,low_income|no_car|worker
r_0928,أم محمد,Um Mohammad,24,f,wehdat,31.91647,35.92612,none,True,True,high,False,,,low,False,,,ras_al_ein,Ras Al-Ein,رأس العين,Jabal Al-Rawda,جبل الروضة,osm_street,east,jordanian,4,False,,student,,573,143.3,False,car_driver,False,low_income|student
r_0929,عبدالله,Abdullah,40,m,khalda,31.96094,35.85447,none,True,True,medium,False,,,middle,True,زوجتي,my wife,wadi_al_seer,Wadi Al-Seer,وادي السير,Al-Rawabi,الروابي,osm_street,west,jordanian,6,False,,unemployed,,1565,260.8,False,car_driver,False,
r_0930,جمال,Jamal,26,m,khalda,31.98907,35.88317,none,False,True,high,True,08:00,16:00,middle,False,,,tla_al_ali,Tla' Al-Ali,تلاع العلي وأم السماق وخلدا,Al-Gardens,الجاردنز,osm_street,west,egyptian,6,False,,employed,True,1508,251.4,False,car_passenger,False,no_car|worker
r_0931,حسن,Hasan,49,m,wehdat,31.87625,35.91768,none,False,True,medium,True,07:00,16:00,low,True,أخوي,my brother,kherbet_al_souk,Kherbet Al-Souk,خريبة السوق وجاوا واليادودة,Khraibet Al-Souk,خريبة السوق,osm_street,east,syrian,5,False,,employed,True,875,174.9,False,car_passenger,False,low_income|no_car|worker
r_0932,أنس,Anas,59,m,jabal_al_hussein,31.96341,35.97883,none,False,True,medium,True,08:00,15:00,low,True,أخوي,my brother,basman,Basman,بسمان,Al-Mahatta,المحطة,osm_street,east,other,6,False,,employed,True,1148,191.3,False,bus_brt,False,low_income|no_car|worker
r_0933,زينب,Zainab,56,f,sweileh,32.0186,35.87628,none,True,True,medium,False,,,high,False,,,jubeiha,Jubeiha,الجبيهة,Jubeiha East,الجبيهة الشرقية,osm_street,west,jordanian,5,False,,homemaker,,7900,1579.9,False,car_driver,False,
r_0934,نبيل,Nabil,30,m,abdali,31.89826,35.82533,none,True,True,medium,True,08:00,15:00,middle,False,,,marj_al_hamam,Marj Al-Hamam,مرج الحمام,Circassian Quarter,الحي الشركسي,osm_street,west,jordanian,6,False,,employed,False,3170,528.3,False,car_driver,False,worker
r_0935,زيد,Zaid,30,m,abdali,31.96523,35.91709,none,True,True,high,True,08:00,15:00,middle,True,أخوي,my brother,al_abdali,Al-Abdali,العبدلي,Al-Abdali,العبدلي,osm_street,west,jordanian,7,False,,employed,False,2540,362.8,False,car_driver,False,worker
r_0936,خالد,Khaled,42,m,khalda,31.98291,35.88045,none,True,True,high,False,,,high,False,,,tla_al_ali,Tla' Al-Ali,تلاع العلي وأم السماق وخلدا,Hay Al-Salam,حي السلام,osm_street,west,jordanian,9,False,,out_of_labour_force,,7439,826.6,False,car_driver,True,
r_0937,وفاء,Wafaa,51,f,marka,31.9565,35.9417,none,False,True,low,False,,,middle,True,أختي,my sister,al_nasr,Al-Nasr,النصر,Al-Hussein Al-Sharqi,الحسين الشرقي,osm_street,east,jordanian,7,True,seeing|hearing,homemaker,,1622,231.8,False,walk,False,no_car|offline
r_0938,زيد,Zaid,29,m,marka,31.9591,35.94231,none,True,True,high,True,08:00,16:00,middle,False,,,al_nasr,Al-Nasr,النصر,Al-Hussein Al-Sharqi,الحسين الشرقي,osm_street,east,jordanian,9,False,,employed,True,2510,278.9,False,car_driver,False,worker
r_0939,خالد,Khaled,24,m,abdali,31.99297,35.89977,none,True,True,high,False,,,middle,True,أبوي,my father,al_abdali,Al-Abdali,العبدلي,Sport City,المدينة الرياضية,osm_street,west,jordanian,3,False,,student,,1004,334.6,False,car_driver,False,student
r_0940,يوسف,Yousef,37,m,wehdat,31.87375,35.9194,none,True,True,low,True,07:00,16:00,high,True,أخوي,my brother,kherbet_al_souk,Kherbet Al-Souk,خريبة السوق وجاوا واليادودة,Khraibet Al-Souk,خريبة السوق,osm_street,east,jordanian,4,False,,employed,False,2628,657.1,False,car_driver,False,offline|worker
r_0941,ليث,Laith,45,m,jabal_al_hussein,31.96022,35.96939,none,False,True,medium,True,08:00,15:00,low,False,,,basman,Basman,بسمان,Al-Mahatta,المحطة,osm_street,east,egyptian,4,False,,employed,True,355,88.8,True,bus_brt,False,low_income|no_car|worker
r_0942,عبدالله,Abdullah,39,m,khalda,31.99022,35.88013,none,False,True,high,True,07:00,16:00,middle,False,,,tla_al_ali,Tla' Al-Ali,تلاع العلي وأم السماق وخلدا,Al-Gardens,الجاردنز,osm_street,west,palestinian,9,False,,employed,True,3942,438.0,False,car_passenger,False,no_car|worker
r_0943,جمال,Jamal,39,m,tabarbour,32.00598,35.93822,none,True,True,high,True,08:00,16:00,middle,False,,,tariq,Tariq,طارق,Tabarbour,طبربور,osm_street,east,egyptian,3,False,,employed,True,1255,418.3,False,car_driver,False,worker
r_0944,خالد,Khaled,51,m,jabal_al_hussein,31.97942,35.93952,none,True,True,low,True,08:00,16:00,middle,True,أخوي,my brother,basman,Basman,بسمان,Jabal Al-Nuzha,جبل النزهة,osm_street,east,jordanian,3,False,,employed,False,921,307.2,False,car_driver,False,offline|worker
r_0945,عمر,Omar,23,m,tabarbour,32.00311,35.92985,none,False,True,medium,True,10:00,18:00,middle,True,أخوي,my brother,tariq,Tariq,طارق,Qatna,قطنة,osm_street,east,egyptian,10,False,,employed,True,3931,393.1,False,bus_brt,False,no_car|worker
r_0946,دانا,Dana,16,f,khalda,31.99142,35.88276,none,False,True,medium,False,,,middle,True,أخوي,my brother,tla_al_ali,Tla' Al-Ali,تلاع العلي وأم السماق وخلدا,Al-Gardens,الجاردنز,osm_street,west,jordanian,7,False,,student,,3071,438.7,False,car_passenger,True,no_car
r_0947,ليث,Laith,34,m,abdali,31.98775,35.89377,none,True,True,high,True,09:00,17:00,high,False,,,al_abdali,Al-Abdali,العبدلي,Sport City,المدينة الرياضية,osm_street,west,jordanian,5,False,,employed,True,7764,1552.8,False,car_driver,False,worker
r_0948,تهاني,Tahani,60,f,wehdat,31.90174,35.96479,none,True,True,medium,False,,,middle,False,,,qweismeh,Qweismeh,القويسمة,Abu Alanda,أبو علندا,osm_street,east,jordanian,10,False,,retired,,5713,571.3,False,car_driver,True,
r_0949,رامي,Rami,31,m,tabarbour,31.98652,35.94793,none,True,True,medium,False,,,middle,True,زوجتي,my wife,tariq,Tariq,طارق,Tareq,طارق,osm_street,east,jordanian,7,False,,unemployed,,2669,381.3,False,car_driver,False,
r_0950,عيسى,Issa,60,m,abdali,31.96663,35.90721,none,False,True,medium,True,09:00,17:00,middle,False,,,al_abdali,Al-Abdali,العبدلي,Al-Abdali,العبدلي,osm_street,west,syrian,4,False,,employed,False,1074,268.6,False,bus_brt,False,no_car|worker
r_0951,بلال,Bilal,35,m,wehdat,31.94989,35.92982,none,False,True,high,True,08:00,15:00,low,True,زوجتي,my wife,ras_al_ein,Ras Al-Ein,رأس العين,Al-Muhajireen,المهاجرين,osm_street,east,egyptian,7,False,,employed,True,1044,149.2,False,car_passenger,False,low_income|no_car|worker
r_0952,خديجة,Khadija,16,f,wehdat,31.88627,35.93214,none,False,True,high,False,,,high,True,أمي,my mother,qweismeh,Qweismeh,القويسمة,Al-Jweideh,الجويدة,osm_street,east,jordanian,2,False,,student,,3400,1700.0,False,bus_brt,True,no_car
r_0953,علي,Ali,29,m,khalda,31.98963,35.83326,none,True,True,medium,True,09:00,17:00,high,False,,,tla_al_ali,Tla' Al-Ali,تلاع العلي وأم السماق وخلدا,Dabouq,دابوق,osm_street,west,jordanian,5,False,,employed,False,4958,991.7,False,car_driver,True,worker
r_0954,طارق,Tareq,55,m,khalda,31.98289,35.83509,none,False,True,medium,False,,,middle,False,,,tla_al_ali,Tla' Al-Ali,تلاع العلي وأم السماق وخلدا,Dabouq,دابوق,osm_street,west,other,6,False,,unemployed,,1341,223.5,False,taxi,False,no_car
r_0955,وفاء,Wafaa,43,f,marka,31.96652,35.98807,none,False,True,medium,False,,,low,True,جاري,my neighbour,marka,Marka,ماركا,Marka Al-Janoubiya,ماركا الجنوبية,osm_street,east,jordanian,7,False,,homemaker,,1372,196.0,False,car_passenger,True,low_income|no_car
r_0956,نبيل,Nabil,25,m,khalda,31.95291,35.81751,none,True,True,high,True,07:00,16:00,middle,False,,,wadi_al_seer,Wadi Al-Seer,وادي السير,Wadi Al-Seer,وادي السير,osm_street,west,syrian,7,False,,employed,True,2987,426.7,False,car_driver,False,worker
r_0957,ليث,Laith,16,m,sweileh,32.01968,35.87088,none,False,True,high,False,,,low,True,أمي,my mother,jubeiha,Jubeiha,الجبيهة,University of Jordan area,منطقة الجامعة الأردنية,osm_street,west,syrian,5,False,,student,,642,128.5,False,service_taxi,False,low_income|no_car
r_0958,عيسى,Issa,50,m,sweileh,32.02307,35.83324,none,True,True,high,False,,,middle,False,,,sweileh,Sweileh,صويلح,Sweileh West,صويلح الغربي,osm_street,west,other,5,False,,unemployed,,2435,487.1,False,car_driver,False,
r_0959,تهاني,Tahani,27,f,wehdat,31.90734,35.96763,none,False,True,medium,True,08:00,16:00,low,True,أخوي,my brother,qweismeh,Qweismeh,القويسمة,Abu Alanda,أبو علندا,osm_street,east,jordanian,9,False,,employed,True,904,100.4,False,bus_brt,True,low_income|no_car|worker
r_0960,زينب,Zainab,28,f,wehdat,31.86415,35.92973,none,True,False,low,False,,,middle,False,,,kherbet_al_souk,Kherbet Al-Souk,خريبة السوق وجاوا واليادودة,Khraibet Al-Souk,خريبة السوق,osm_street,east,palestinian,3,False,,homemaker,,1717,572.4,False,car_driver,False,offline
r_0961,مريم,Maryam,24,f,abdali,31.97766,35.90051,none,False,True,medium,False,,,low,True,أمي,my mother,al_abdali,Al-Abdali,العبدلي,Al-Shmeisani,الشميساني,osm_street,west,syrian,7,False,,student,,980,139.9,False,car_passenger,False,low_income|no_car|student
r_0962,إبراهيم,Ibrahim,22,m,downtown,31.93061,35.90081,none,True,True,medium,False,,,middle,True,أبوي,my father,bader,Bader,بدر,Al-Dustour,الدستور,osm_street,east,jordanian,9,False,,student,,2026,225.1,False,car_driver,False,student
r_0963,جميلة,Jamila,22,f,downtown,31.92695,35.91058,none,False,True,medium,False,,,middle,False,,,bader,Bader,بدر,Al-Qwesmeh road side,طريق المطار - بدر,osm_street,east,palestinian,1,False,,student,,492,491.8,False,bus_brt,True,no_car|student
r_0964,لينا,Lina,19,f,khalda,31.97382,35.84112,none,True,True,medium,False,,,high,True,أبوي,my father,tla_al_ali,Tla' Al-Ali,تلاع العلي وأم السماق وخلدا,Umm Al-Summaq,أم السماق,osm_street,west,jordanian,3,False,,student,,7826,2608.6,False,car_driver,False,student
r_0965,رنا,Rana,54,f,sweileh,32.01355,35.86644,none,True,True,low,False,,,high,False,,,jubeiha,Jubeiha,الجبيهة,University of Jordan area,منطقة الجامعة الأردنية,osm_street,west,syrian,5,False,,homemaker,,4721,944.2,False,car_driver,False,offline
r_0966,بلال,Bilal,42,m,marka,31.95791,35.9603,none,False,True,high,True,07:00,16:00,low,True,زوجتي,my wife,al_nasr,Al-Nasr,النصر,Jabal Al-Taj,جبل التاج,osm_street,east,jordanian,5,False,,employed,False,678,135.6,False,bus_brt,False,low_income|no_car|worker
r_0967,عمر,Omar,37,m,khalda,31.96644,35.83436,none,True,True,medium,True,07:00,16:00,high,True,أخوي,my brother,wadi_al_seer,Wadi Al-Seer,وادي السير,Al-Kursi,الكرسي,osm_street,west,jordanian,6,False,,employed,True,5580,930.0,False,car_driver,True,worker
r_0968,زينب,Zainab,35,f,wehdat,31.86716,35.92146,none,False,True,medium,False,,,middle,False,,,kherbet_al_souk,Kherbet Al-Souk,خريبة السوق وجاوا واليادودة,Al-Yadudeh,اليادودة,osm_street,east,other,3,False,,homemaker,,674,224.5,False,car_passenger,False,no_car
r_0969,أم محمد,Um Mohammad,55,f,tabarbour,32.00083,35.95605,none,False,True,medium,False,,,middle,True,زوجي,my husband,tariq,Tariq,طارق,Abu Ulya,أبو عليا,osm_street,east,jordanian,8,False,,homemaker,,1676,209.4,False,walk,True,no_car
r_0970,لينا,Lina,54,f,marka,31.96016,35.96027,none,True,True,low,False,,,middle,True,جاري,my neighbour,al_nasr,Al-Nasr,النصر,Jabal Al-Nasr,جبل النصر,osm_street,east,jordanian,4,False,,homemaker,,1065,266.3,False,car_driver,False,offline
r_0971,أنس,Anas,28,m,wehdat,31.92903,35.95803,none,True,True,medium,True,07:00,16:00,low,True,زوجتي,my wife,al_yarmouk,Al-Yarmouk,اليرموك,Hay Al-Awda,حي العودة,osm_street,east,jordanian,7,False,,employed,False,1037,148.1,False,car_driver,True,low_income|worker
r_0972,أنس,Anas,21,m,abdali,31.95318,35.88691,none,True,True,high,False,,,high,True,أمي,my mother,zahran,Zahran,زهران,Hay Zahran,حي زهران,osm_street,west,iraqi,6,False,,student,,7629,1271.6,False,car_driver,True,student
r_0973,مريم,Maryam,61,f,khalda,31.96631,35.84373,none,False,True,medium,False,,,middle,True,حفيدي,my grandson,wadi_al_seer,Wadi Al-Seer,وادي السير,Al-Kursi,الكرسي,osm_street,west,jordanian,4,False,,retired,,2463,615.6,False,bus_brt,True,no_car
r_0974,فاطمة,Fatima,26,f,abdali,31.9812,35.89919,none,False,True,high,False,,,middle,True,أختي,my sister,al_abdali,Al-Abdali,العبدلي,Al-Abdaliyeh,العبدلية,osm_street,west,jordanian,8,False,,homemaker,,2255,281.9,False,car_passenger,True,no_car
r_0975,أم محمد,Um Mohammad,48,f,tabarbour,32.02367,35.92666,none,False,True,high,False,,,middle,False,,,tariq,Tariq,طارق,Dahiyat Al-Amir Hamzeh,ضاحية الأمير حمزة,osm_street,east,syrian,6,False,,homemaker,,2705,450.9,False,car_passenger,False,no_car
r_0976,خديجة,Khadija,39,f,wehdat,31.89809,35.94689,none,False,True,medium,False,,,high,False,,,qweismeh,Qweismeh,القويسمة,Al-Raqim,الرقيم,osm_street,east,jordanian,4,False,,homemaker,,2593,648.1,False,taxi,True,no_car
r_0977,خالد,Khaled,29,m,wehdat,31.86475,35.92363,none,True,True,medium,False,,,high,False,,,kherbet_al_souk,Kherbet Al-Souk,خريبة السوق وجاوا واليادودة,Khraibet Al-Souk,خريبة السوق,osm_street,east,jordanian,4,False,,unemployed,,3727,931.6,False,car_driver,True,
r_0978,سارة,Sara,37,f,downtown,31.9524,35.92978,none,True,True,medium,False,,,middle,True,أخوي,my brother,al_madinah,Al-Madinah,المدينة,Jabal Al-Qal'a,جبل القلعة,osm_street,east,jordanian,3,False,,unemployed,,888,295.9,False,car_driver,True,
r_0979,جميلة,Jamila,17,f,jabal_al_hussein,31.9596,35.97138,none,False,True,medium,False,,,middle,True,أبوي,my father,basman,Basman,بسمان,Al-Mahatta,المحطة,osm_street,east,syrian,6,False,,student,,1382,230.4,False,car_passenger,False,no_car
r_0980,خالد,Khaled,45,m,wehdat,31.94929,35.93499,none,False,True,low,True,08:00,16:00,middle,True,زوجتي,my wife,ras_al_ein,Ras Al-Ein,رأس العين,Al-Muhajireen,المهاجرين,osm_street,east,other,6,True,seeing|cognition,employed,False,1540,256.7,False,walk,False,no_car|offline|worker
r_0981,فادي,Fadi,44,m,jabal_al_hussein,31.97439,35.92679,none,True,True,medium,True,10:00,18:00,middle,True,زوجتي,my wife,basman,Basman,بسمان,Jabal Al-Nuzha,جبل النزهة,osm_street,east,jordanian,9,True,seeing|cognition,employed,True,4241,471.2,False,car_driver,True,worker
r_0982,رهف,Rahaf,43,f,downtown,31.92962,35.89672,none,False,True,high,False,,,middle,False,,,bader,Bader,بدر,Al-Dustour,الدستور,osm_street,east,jordanian,5,False,,homemaker,,1163,232.6,False,walk,True,no_car
r_0983,سامي,Sami,52,m,abdali,31.96737,35.87637,none,False,True,low,True,07:00,16:00,middle,False,,,zahran,Zahran,زهران,Umm Uthaina,أم أذينة,osm_street,west,palestinian,7,True,seeing,employed,False,2533,361.9,False,car_passenger,False,no_car|offline|worker
r_0984,سامي,Sami,17,m,khalda,31.99531,35.86137,none,False,True,high,False,,,middle,True,أخوي,my brother,tla_al_ali,Tla' Al-Ali,تلاع العلي وأم السماق وخلدا,Tla' Al-Ali,تلاع العلي,osm_street,west,jordanian,4,False,,student,,2260,564.9,False,car_passenger,True,no_car
r_0985,أم محمد,Um Mohammad,30,f,sweileh,32.02668,35.87391,none,True,True,medium,False,,,high,False,,,jubeiha,Jubeiha,الجبيهة,Jubeiha East,الجبيهة الشرقية,osm_street,west,jordanian,5,False,,homemaker,,4099,819.9,False,car_driver,True,
r_0986,سليمان,Suleiman,32,m,marka,31.95468,35.95521,none,True,True,low,False,,,low,False,,,al_nasr,Al-Nasr,النصر,Jabal Al-Taj,جبل التاج,osm_street,east,jordanian,6,False,,out_of_labour_force,,800,133.3,False,car_driver,False,low_income|offline
r_0987,أم محمد,Um Mohammad,29,f,abdali,31.8822,35.8501,none,True,True,medium,False,,,high,True,جاري,my neighbour,marj_al_hamam,Marj Al-Hamam,مرج الحمام,Iskan Alia,إسكان عالية,osm_street,west,jordanian,2,False,,homemaker,,2471,1235.6,False,car_driver,False,
r_0988,ريم,Reem,76,f,wehdat,31.89622,35.94892,wheelchair,False,False,low,False,,,low,False,,,qweismeh,Qweismeh,القويسمة,Al-Raqim,الرقيم,osm_street,east,syrian,5,True,walking|self_care|communication,retired,,799,159.8,False,taxi,False,elderly|disabled|low_income|no_car|offline
r_0989,فاطمة,Fatima,47,f,abdali,31.89385,35.84343,limited,False,True,medium,False,,,middle,True,أختي,my sister,marj_al_hamam,Marj Al-Hamam,مرج الحمام,Marj Al-Hamam,مرج الحمام,osm_street,west,jordanian,6,True,seeing|walking|hearing,homemaker,,1486,247.7,False,taxi,False,disabled|no_car
r_0990,فاطمة,Fatima,23,f,khalda,31.98277,35.83847,none,False,True,medium,True,08:00,16:00,high,False,,,tla_al_ali,Tla' Al-Ali,تلاع العلي وأم السماق وخلدا,Dabouq,دابوق,osm_street,west,jordanian,4,False,,employed,False,10166,2541.5,False,car_passenger,True,no_car|worker
r_0991,سارة,Sara,24,f,marka,31.95662,35.96801,none,False,True,medium,False,,,middle,True,أبوي,my father,al_nasr,Al-Nasr,النصر,Jabal Al-Nasr,جبل النصر,osm_street,east,jordanian,9,False,,student,,2737,304.1,False,car_passenger,False,no_car|student
r_0992,رنا,Rana,74,f,khalda,31.94879,35.87033,wheelchair,False,False,low,False,,,high,False,,,wadi_al_seer,Wadi Al-Seer,وادي السير,Al-Sweifieh,الصويفية,osm_street,west,jordanian,4,True,seeing|walking|cognition,retired,,4135,1033.6,False,car_passenger,False,elderly|disabled|no_car|offline
r_0993,يوسف,Yousef,21,m,khalda,31.99008,35.87806,none,True,True,high,False,,,middle,True,أمي,my mother,tla_al_ali,Tla' Al-Ali,تلاع العلي وأم السماق وخلدا,Al-Gardens,الجاردنز,osm_street,west,palestinian,8,False,,student,,3482,435.2,False,car_driver,False,student
r_0994,سامي,Sami,34,m,wehdat,31.92542,35.96157,none,True,True,high,True,08:00,16:00,high,False,,,qweismeh,Qweismeh,القويسمة,Al-Qweismeh,القويسمة,osm_street,east,other,4,False,,employed,True,2985,746.3,False,car_driver,False,worker
r_0995,عمر,Omar,53,m,marka,31.95795,35.97055,wheelchair,False,True,medium,False,,,middle,False,,,al_nasr,Al-Nasr,النصر,Jabal Al-Nasr,جبل النصر,osm_street,east,jordanian,6,True,seeing|walking,out_of_labour_force,,1366,227.7,False,car_passenger,True,disabled|no_car
r_0996,إبراهيم,Ibrahim,69,m,khalda,31.99255,35.83638,none,True,True,low,True,07:00,16:00,high,False,,,tla_al_ali,Tla' Al-Ali,تلاع العلي وأم السماق وخلدا,Khalda,خلدا,osm_street,west,jordanian,3,False,,employed,True,7173,2390.9,False,car_driver,False,elderly|offline|worker
r_0997,سليمان,Suleiman,27,m,tabarbour,31.99948,35.93451,none,False,True,medium,True,07:00,16:00,low,True,أخوي,my brother,tariq,Tariq,طارق,Tabarbour,طبربور,osm_street,east,syrian,7,False,,employed,False,1235,176.4,False,service_taxi,False,low_income|no_car|worker
r_0998,خالد,Khaled,49,m,abdali,31.88079,35.84235,none,False,True,medium,True,09:00,17:00,middle,False,,,marj_al_hamam,Marj Al-Hamam,مرج الحمام,Iskan Alia,إسكان عالية,osm_street,west,egyptian,5,False,,employed,False,2959,591.8,False,bus_brt,False,no_car|worker
r_0999,سميرة,Samira,61,f,marka,31.95312,35.9473,none,False,True,medium,False,,,middle,True,ابني,my son,al_nasr,Al-Nasr,النصر,Al-Hussein Al-Sharqi,الحسين الشرقي,osm_street,east,jordanian,6,False,,retired,,1379,229.9,False,car_passenger,True,no_car
r_1000,ماهر,Maher,44,m,marka,31.96769,35.9605,none,False,True,medium,False,,,low,True,أخوي,my brother,al_nasr,Al-Nasr,النصر,Jabal Al-Nasr,جبل النصر,osm_street,east,palestinian,7,False,,out_of_labour_force,,781,111.6,False,car_passenger,True,low_income|no_car
